{"type":"FeatureCollection","features":[{"type":"Feature","geometry":{"type":"MultiPolygon","coordinates":[[[[-80.183874,25.348188],[-80.183693,25.349535],[-80.182543,25.351975],[-80.181873,25.353515],[-80.180393,25.357035],[-80.179083,25.360455],[-80.177703,25.364105],[-80.176563,25.366875],[-80.175823,25.367545],[-80.173943,25.369335],[-80.172443,25.370925],[-80.171813,25.371415],[-80.168943,25.373605],[-80.166983,25.375295],[-80.164553,25.377625],[-80.162413,25.379945],[-80.160933,25.381775],[-80.159403,25.383795],[-80.158103,25.385735],[-80.156903,25.387715],[-80.156203,25.388945],[-80.155363,25.390275],[-80.154363,25.391935],[-80.152913,25.394665],[-80.151643,25.397465],[-80.150563,25.400325],[-80.149773,25.402875],[-80.149173,25.405285],[-80.148903,25.406585],[-80.148703,25.407705],[-80.148533,25.408835],[-80.148213,25.411845],[-80.148123,25.413455],[-80.147263,25.415245],[-80.146393,25.417125],[-80.145513,25.419205],[-80.144803,25.420345],[-80.143533,25.422505],[-80.142133,25.425035],[-80.140813,25.427815],[-80.139693,25.430645],[-80.139107,25.433106],[-80.135373,25.433825],[-80.131613,25.434895],[-80.127373,25.436445],[-80.124373,25.437765],[-80.120583,25.439735],[-80.117093,25.441825],[-80.114593,25.443555],[-80.111433,25.446055],[-80.108923,25.448345],[-80.105413,25.452115],[-80.102653,25.455695],[-80.100653,25.458815],[-80.098383,25.463095],[-80.097043,25.466295],[-80.095523,25.471035],[-80.094563,25.475675],[-80.094143,25.479255],[-80.093963,25.482665],[-80.094013,25.485695],[-80.094313,25.489095],[-80.095063,25.493395],[-80.095523,25.495245],[-80.096003,25.496905],[-80.096933,25.499615],[-80.097873,25.501925],[-80.098933,25.504195],[-80.100813,25.507565],[-80.103083,25.510985],[-80.105503,25.514075],[-80.108043,25.516835],[-80.110333,25.519015],[-80.113233,25.521445],[-80.115153,25.522875],[-80.115413,25.525115],[-80.115573,25.526665],[-80.115093,25.528515],[-80.114693,25.529785],[-80.113863,25.531905],[-80.112813,25.535155],[-80.112253,25.537355],[-80.111873,25.539205],[-80.111676,25.540306],[-80.110803,25.542015],[-80.110553,25.542535],[-80.109543,25.544795],[-80.108593,25.547265],[-80.107333,25.550245],[-80.106023,25.553615],[-80.105073,25.556695],[-80.104503,25.559085],[-80.104003,25.561875],[-80.103653,25.564885],[-80.103513,25.567525],[-80.103543,25.570745],[-80.103813,25.573945],[-80.104303,25.577125],[-80.104783,25.579365],[-80.105273,25.581195],[-80.104983,25.582885],[-80.104783,25.584385],[-80.104613,25.586275],[-80.104513,25.587985],[-80.104493,25.590065],[-80.104563,25.592155],[-80.104763,25.594615],[-80.105133,25.597245],[-80.105653,25.599855],[-80.106223,25.602065],[-80.107063,25.604735],[-80.107773,25.606635],[-80.104003,25.646135],[-80.103733,25.648855],[-80.103103,25.650045],[-80.102333,25.651605],[-80.101123,25.654425],[-80.100453,25.656215],[-80.100148,25.657319],[-80.099253,25.660225],[-80.098803,25.662265],[-80.098433,25.664315],[-80.098123,25.666365],[-80.097873,25.668425],[-80.097723,25.670675],[-80.097673,25.673305],[-80.097693,25.674235],[-80.097793,25.676115],[-80.097993,25.678175],[-80.098133,25.679465],[-80.098343,25.680945],[-80.098563,25.682225],[-80.098703,25.682955],[-80.098863,25.684225],[-80.098323,25.685415],[-80.097873,25.686445],[-80.097193,25.688015],[-80.096583,25.689425],[-80.096163,25.690495],[-80.095573,25.692115],[-80.095163,25.693395],[-80.094743,25.694855],[-80.094413,25.696155],[-80.094153,25.697265],[-80.093893,25.698565],[-80.093733,25.699505],[-80.093563,25.700635],[-80.093393,25.701945],[-80.093243,25.703645],[-80.093143,25.705925],[-80.093133,25.707625],[-80.093033,25.708755],[-80.092843,25.709865],[-80.092643,25.711175],[-80.092373,25.713235],[-80.092103,25.715495],[-80.091943,25.717785],[-80.091843,25.719805],[-80.091783,25.721115],[-80.088263,25.723665],[-80.086413,25.725195],[-80.084493,25.726945],[-80.082803,25.728625],[-80.081593,25.729935],[-80.080813,25.730825],[-80.079803,25.732045],[-80.078723,25.733445],[-80.077923,25.734555],[-80.077143,25.735685],[-80.076103,25.737335],[-80.075513,25.738335],[-80.074663,25.739865],[-80.073883,25.741415],[-80.073153,25.742995],[-80.072483,25.744595],[-80.071943,25.746035],[-80.071113,25.748585],[-80.070613,25.750425],[-80.070286,25.751807],[-80.070113,25.752655],[-80.069903,25.753785],[-80.069623,25.755665],[-80.069433,25.757365],[-80.069333,25.758505],[-80.069273,25.759825],[-80.069243,25.761725],[-80.069283,25.763435],[-80.069333,25.764385],[-80.069433,25.765715],[-80.069583,25.767035],[-80.069793,25.768545],[-80.070123,25.770415],[-80.070483,25.772095],[-80.070913,25.773755],[-80.071243,25.774855],[-80.071763,25.776485],[-80.072273,25.777875],[-80.072553,25.778575],[-80.072623,25.779285],[-80.072553,25.779815],[-80.072453,25.780535],[-80.072393,25.781075],[-80.072333,25.781625],[-80.072123,25.782545],[-80.071953,25.783285],[-80.071743,25.784405],[-80.071563,25.785525],[-80.071203,25.786605],[-80.070923,25.787505],[-80.070723,25.788235],[-80.070623,25.788605],[-80.070473,25.789155],[-80.070293,25.789885],[-80.070083,25.790805],[-80.069863,25.791535],[-80.069583,25.792255],[-80.069443,25.792605],[-80.068993,25.793875],[-80.068523,25.795335],[-80.068153,25.796615],[-80.067823,25.797925],[-80.067483,25.799395],[-80.067233,25.800705],[-80.066963,25.802395],[-80.066753,25.804095],[-80.066613,25.805805],[-80.066553,25.807125],[-80.066523,25.808645],[-80.066493,25.809785],[-80.066323,25.810525],[-80.066143,25.811465],[-80.065943,25.812575],[-80.065763,25.813695],[-80.065563,25.815385],[-80.065463,25.816525],[-80.065373,25.818035],[-80.065233,25.819255],[-80.065123,25.820375],[-80.064993,25.822065],[-80.064943,25.823755],[-80.064933,25.824695],[-80.064953,25.825635],[-80.064893,25.826765],[-80.064773,25.827885],[-80.064653,25.829395],[-80.064513,25.831085],[-80.064413,25.832015],[-80.064283,25.833505],[-80.064253,25.834245],[-80.064203,25.834995],[-80.064193,25.835555],[-80.064183,25.836485],[-80.064183,25.837225],[-80.064203,25.838175],[-80.064253,25.838915],[-80.064263,25.839295],[-80.064163,25.839655],[-80.064033,25.840215],[-80.063903,25.840765],[-80.063783,25.841325],[-80.063653,25.841885],[-80.063553,25.842445],[-80.063393,25.843375],[-80.063273,25.844125],[-80.063123,25.845255],[-80.063053,25.845815],[-80.062963,25.846765],[-80.062893,25.847705],[-80.062853,25.848275],[-80.062803,25.849595],[-80.062793,25.850725],[-80.062793,25.851865],[-80.062823,25.852625],[-80.062883,25.853755],[-80.062953,25.854695],[-80.063003,25.855265],[-80.063073,25.856025],[-80.063153,25.856585],[-80.063233,25.857145],[-80.063273,25.857423],[-80.063313,25.857705],[-80.063463,25.858645],[-80.063533,25.859015],[-80.063673,25.859765],[-80.063793,25.860325],[-80.063913,25.860875],[-80.063943,25.861445],[-80.063943,25.861825],[-80.063983,25.862205],[-80.064033,25.862965],[-80.064113,25.863895],[-80.064223,25.864835],[-80.064343,25.865765],[-80.064453,25.866515],[-80.064583,25.867255],[-80.064603,25.867635],[-80.064573,25.868195],[-80.064553,25.868755],[-80.064543,25.869515],[-80.064523,25.870645],[-80.064543,25.871205],[-80.064553,25.871955],[-80.064593,25.872715],[-80.064653,25.873655],[-80.064733,25.874585],[-80.064833,25.875535],[-80.064953,25.876465],[-80.065083,25.877395],[-80.065243,25.878325],[-80.065383,25.879065],[-80.065533,25.879805],[-80.065673,25.880885],[-80.065723,25.881245],[-80.065693,25.881435],[-80.065643,25.881985],[-80.065593,25.882545],[-80.065533,25.883295],[-80.065503,25.883855],[-80.065473,25.884415],[-80.065453,25.885155],[-80.065433,25.885905],[-80.065433,25.886655],[-80.065443,25.887215],[-80.065483,25.888335],[-80.065503,25.888895],[-80.065573,25.889825],[-80.065603,25.890195],[-80.065493,25.890565],[-80.065443,25.890745],[-80.065293,25.891295],[-80.065093,25.892118],[-80.064883,25.892955],[-80.064643,25.894075],[-80.064403,25.895375],[-80.064233,25.896485],[-80.064033,25.898005],[-80.063883,25.899705],[-80.063783,25.901585],[-80.063763,25.903285],[-80.063783,25.904605],[-80.063883,25.906305],[-80.064033,25.908005],[-80.064123,25.908745],[-80.064313,25.910055],[-80.064603,25.911735],[-80.064913,25.913215],[-80.06517,25.914241],[-80.065433,25.915235],[-80.065349,25.915491],[-80.065216,25.915896],[-80.065073,25.916335],[-80.064853,25.917065],[-80.064693,25.917615],[-80.064543,25.918175],[-80.064253,25.919285],[-80.063993,25.920405],[-80.063875,25.921019],[-80.063483,25.923215],[-80.063193,25.925485],[-80.063033,25.927575],[-80.062973,25.929475],[-80.063013,25.931955],[-80.063163,25.934235],[-80.063493,25.936875],[-80.063853,25.938945],[-80.064093,25.940065],[-80.064213,25.940815],[-80.064183,25.941185],[-80.064123,25.942115],[-80.064073,25.943785],[-80.064033,25.945155],[-80.063893,25.945905],[-80.063693,25.947015],[-80.063413,25.949075],[-80.063233,25.951135],[-80.063133,25.953565],[-80.063073,25.956755],[-80.063033,25.960525],[-80.063103,25.962765],[-80.062993,25.963885],[-80.062853,25.966705],[-80.062843,25.967465],[-80.062843,25.968025],[-80.062863,25.968965],[-80.062893,25.969905],[-80.062943,25.970475],[-80.062973,25.971035],[-80.062983,25.971225],[-80.063033,25.971785],[-80.063103,25.972535],[-80.063173,25.973095],[-80.063323,25.974215],[-80.063353,25.974405],[-80.063231,25.974976],[-80.063163,25.975335],[-80.063053,25.975895],[-80.062993,25.976275],[-80.062896,25.976814],[-80.062793,25.977585],[-80.062603,25.978685],[-80.062383,25.980145],[-80.062143,25.981975],[-80.061893,25.983065],[-80.061503,25.985105],[-80.061323,25.986225],[-80.061283,25.986595],[-80.061153,25.987715],[-80.061073,25.988465],[-80.060983,25.989585],[-80.060913,25.990895],[-80.060903,25.991835],[-80.060883,25.992955],[-80.060903,25.994045],[-80.060943,25.994955],[-80.060493,25.999465],[-80.060443,26.000015],[-80.060383,26.000775],[-80.060323,26.001705],[-80.060293,26.002455],[-80.060273,26.003205],[-80.060223,26.006065],[-80.059953,26.008485],[-80.059923,26.008815],[-80.059883,26.009315],[-80.059373,26.014765],[-80.059343,26.015085],[-80.059303,26.015755],[-80.058683,26.024325],[-80.058303,26.029305],[-80.058283,26.029775],[-80.058263,26.029935],[-80.057933,26.035155],[-80.057863,26.035905],[-80.057353,26.041705],[-80.056973,26.045705],[-80.056133,26.051475],[-80.056033,26.052225],[-80.055953,26.052975],[-80.055883,26.053545],[-80.055773,26.054865],[-80.055723,26.055625],[-80.055263,26.064375],[-80.054663,26.071125],[-80.054613,26.071655],[-80.054553,26.072565],[-80.054533,26.073125],[-80.054283,26.073635],[-80.053893,26.074515],[-80.053603,26.075225],[-80.053313,26.075935],[-80.052903,26.077005],[-80.052393,26.078395],[-80.051773,26.080115],[-80.051293,26.081555],[-80.050823,26.083215],[-80.050453,26.084695],[-80.050103,26.086375],[-80.049783,26.088235],[-80.049543,26.090115],[-80.049403,26.091625],[-80.049353,26.092385],[-80.049333,26.092765],[-80.049313,26.093145],[-80.049293,26.094075],[-80.049283,26.095415],[-80.049333,26.097115],[-80.049433,26.098625],[-80.049573,26.100135],[-80.049693,26.101065],[-80.049543,26.101815],[-80.049323,26.102925],[-80.049143,26.104035],[-80.048933,26.105525],[-80.048733,26.107575],[-80.048633,26.109455],[-80.048613,26.110385],[-80.048513,26.117035],[-80.047843,26.122525],[-80.047653,26.124165],[-80.047513,26.125265],[-80.047403,26.126565],[-80.047343,26.127655],[-80.047303,26.128765],[-80.047213,26.132955],[-80.046543,26.138555],[-80.045723,26.143455],[-80.043861,26.152995],[-80.043113,26.156825],[-80.042973,26.157575],[-80.042793,26.158695],[-80.042613,26.160005],[-80.042433,26.161705],[-80.042343,26.163025],[-80.042193,26.165825],[-80.042103,26.166735],[-80.041993,26.167285],[-80.041753,26.168525],[-80.041563,26.169605],[-80.041393,26.170795],[-80.040663,26.172525],[-80.040333,26.173395],[-80.039893,26.174625],[-80.039393,26.176225],[-80.038833,26.178255],[-80.038533,26.179545],[-80.038163,26.181415],[-80.037873,26.183295],[-80.037683,26.184995],[-80.037533,26.187085],[-80.037483,26.189175],[-80.037543,26.191445],[-80.037713,26.193725],[-80.037993,26.195985],[-80.038113,26.196745],[-80.037773,26.197815],[-80.037423,26.199085],[-80.037193,26.199995],[-80.036933,26.201085],[-80.036713,26.202195],[-80.036599,26.202886],[-80.036453,26.203485],[-80.036133,26.205165],[-80.035893,26.206855],[-80.035723,26.208365],[-80.035633,26.209495],[-80.035473,26.210225],[-80.035193,26.211335],[-80.034983,26.212255],[-80.034673,26.213735],[-80.034373,26.215605],[-80.034173,26.216715],[-80.033653,26.217965],[-80.032913,26.219945],[-80.032313,26.221775],[-80.031803,26.223615],[-80.031323,26.225665],[-80.030973,26.227535],[-80.030723,26.229235],[-80.030523,26.231125],[-80.030423,26.232455],[-80.030053,26.233135],[-80.029523,26.234165],[-80.028603,26.236065],[-80.027713,26.238175],[-80.027173,26.239605],[-80.026623,26.241235],[-80.026233,26.242505],[-80.026033,26.243245],[-80.025713,26.244525],[-80.025383,26.246005],[-80.025053,26.247875],[-80.024813,26.249555],[-80.024633,26.251245],[-80.024553,26.252565],[-80.02452,26.253528],[-80.024483,26.254245],[-80.024483,26.255175],[-80.024513,26.256665],[-80.024543,26.257965],[-80.024313,26.259255],[-80.024073,26.260925],[-80.023903,26.262415],[-80.023793,26.264085],[-80.023733,26.265585],[-80.023593,26.272215],[-80.023453,26.273885],[-80.023023,26.277345],[-80.022883,26.278475],[-80.022763,26.279985],[-80.022683,26.281695],[-80.022663,26.283405],[-80.022143,26.288235],[-80.022083,26.288785],[-80.015279,26.320961],[-80.014943,26.336148],[-80.014936,26.336461],[-80.014615,26.350988],[-80.014365,26.362241],[-80.011003,26.391132],[-80.006891,26.426462],[-80.006152,26.432814],[-80.002533,26.454536],[-79.999765,26.471147],[-79.998368,26.476165],[-79.998001,26.477483],[-79.996933,26.483713],[-79.996697,26.488496],[-79.996521,26.492956],[-79.99557,26.49607],[-79.994203,26.500354],[-79.993864,26.502951],[-79.993608,26.504898],[-79.993132,26.508535],[-79.992943,26.51001],[-79.991272,26.523031],[-79.988546,26.527269],[-79.986313,26.53704],[-79.985264,26.544717],[-79.985278,26.544978],[-79.985516,26.549389],[-79.985878,26.550892],[-79.985113,26.553791],[-79.984122,26.560931],[-79.982479,26.569252],[-79.982093,26.579615],[-79.981684,26.584033],[-79.981389,26.587219],[-79.981343,26.587721],[-79.980725,26.594629],[-79.980651,26.595452],[-79.980679,26.604849],[-79.98099,26.615431],[-79.981077,26.618379],[-79.9813,26.62535],[-79.981179,26.638315],[-79.981275,26.647366],[-79.981306,26.650278],[-79.980882,26.663635],[-79.980266,26.672107],[-79.979907,26.67576],[-79.979739,26.677469],[-79.978376,26.682934],[-79.976543,26.687484],[-79.975724,26.692094],[-79.974898,26.697508],[-79.974731,26.702603],[-79.974736,26.70754],[-79.974737,26.708236],[-79.976954,26.713451],[-79.977585,26.716083],[-79.978374,26.721923],[-79.978644,26.723922],[-79.979156,26.726714],[-79.97868,26.732773],[-79.979027,26.740232],[-79.979443,26.746779],[-79.979653,26.750346],[-79.977132,26.7563],[-79.97556,26.764994],[-79.975012,26.772937],[-79.974883,26.774815],[-79.975471,26.779217],[-79.975468,26.780817],[-79.975466,26.781686],[-79.97486,26.786033],[-79.974309,26.79242],[-79.975428,26.800255],[-79.977742,26.808736],[-79.979337,26.814228],[-79.983621,26.828971],[-79.985102,26.83584],[-79.985317,26.836638],[-79.989733,26.853015],[-79.990802,26.856557],[-79.990831,26.858843],[-79.990854,26.860636],[-79.99192,26.866379],[-79.993522,26.873034],[-79.993916,26.875342],[-79.996466,26.881815],[-79.996599,26.882235],[-79.998954,26.889639],[-79.999764,26.892822],[-80.005206,26.911182],[-80.013243,26.9383],[-80.01425,26.941694],[-80.01468,26.943144],[-80.014889,26.94385],[-80.022757,26.970397],[-80.030254,27.000339],[-80.030211,27.000339],[-80.03327,27.008639],[-80.039105,27.029858],[-80.053388,27.06447],[-80.060783,27.084539],[-80.063388,27.091608],[-80.072588,27.108311],[-80.073331,27.109822],[-80.080958,27.125334],[-80.090487,27.155565],[-80.094092,27.163741],[-80.094158,27.164589],[-80.095414,27.180645],[-80.100759,27.19217],[-80.108221,27.202066],[-80.110698,27.211563],[-80.116445,27.220798],[-80.123279,27.232581],[-80.124768,27.235555],[-80.124884,27.235745],[-80.125,27.235936],[-80.125009,27.23595],[-80.1271,27.239379],[-80.127901,27.241394],[-80.132228,27.250329],[-80.132851,27.251672],[-80.138052,27.262884],[-80.148443,27.285281],[-80.169467,27.330592],[-80.179123,27.352697],[-80.188868,27.375006],[-80.188937,27.375165],[-80.189007,27.375324],[-80.191762,27.380917],[-80.20003,27.397696],[-80.202787,27.40329],[-80.206045,27.409901],[-80.213349,27.424724],[-80.215455,27.429901],[-80.218234,27.436729],[-80.220102,27.44132],[-80.222398,27.446962],[-80.227965,27.463009],[-80.227965,27.463121],[-80.227968,27.472918],[-80.228506,27.478048],[-80.229004,27.482794],[-80.229302,27.485634],[-80.231534,27.490931],[-80.233133,27.494726],[-80.237122,27.500319],[-80.237253,27.501402],[-80.240005,27.504897],[-80.243019,27.50799],[-80.245796,27.510179],[-80.24583,27.511609],[-80.24586,27.512824],[-80.245865,27.51336],[-80.249773,27.51899],[-80.249773,27.519192],[-80.249773,27.5198],[-80.249773,27.520003],[-80.249889,27.520321],[-80.250004,27.52064],[-80.252176,27.52662],[-80.252453,27.527392],[-80.256221,27.537883],[-80.261095,27.549144],[-80.261145,27.549301],[-80.263546,27.556787],[-80.263754,27.557433],[-80.268427,27.572516],[-80.268549,27.572908],[-80.270907,27.581732],[-80.272067,27.586713],[-80.274426,27.596668],[-80.2748,27.598247],[-80.274836,27.598376],[-80.279446,27.614725],[-80.28087,27.619571],[-80.281357,27.621176],[-80.281921,27.622044],[-80.284906,27.625315],[-80.29493,27.639283],[-80.295206,27.644411],[-80.29526,27.644799],[-80.296459,27.653415],[-80.296539,27.653704],[-80.298871,27.662099],[-80.301174,27.667127],[-80.303341,27.673768],[-80.305007,27.679291],[-80.307608,27.687907],[-80.308526,27.69095],[-80.309397,27.693834],[-80.311425,27.700037],[-80.312414,27.703059],[-80.314775,27.710282],[-80.319545,27.724869],[-80.321923,27.731931],[-80.32435,27.739133],[-80.325103,27.741368],[-80.326181,27.744569],[-80.327362,27.748075],[-80.328013,27.750005],[-80.328065,27.750158],[-80.328116,27.750311],[-80.332529,27.761162],[-80.335002,27.764925],[-80.339327,27.772545],[-80.341869,27.777025],[-80.349578,27.792201],[-80.367565,27.827119],[-80.373933,27.839009],[-80.374774,27.840579],[-80.375003,27.841041],[-80.378863,27.848832],[-80.382722,27.856623],[-80.383897,27.858995],[-80.385072,27.861367],[-80.386462,27.864154],[-80.388474,27.868187],[-80.390634,27.872518],[-80.391875,27.875006],[-80.39195,27.875156],[-80.392025,27.875306],[-80.394033,27.879892],[-80.396546,27.885273],[-80.399441,27.891472],[-80.40602,27.9015],[-80.412905,27.913692],[-80.414508,27.91653],[-80.418371,27.923176],[-80.424185,27.933179],[-80.429014,27.941487],[-80.440744,27.963678],[-80.446151,27.973907],[-80.449029,27.979185],[-80.453267,27.986957],[-80.457665,27.995022],[-80.460384,28.000006],[-80.460465,28.000153],[-80.460545,28.000301],[-80.463104,28.005311],[-80.470781,28.020344],[-80.47334,28.025355],[-80.473865,28.026383],[-80.474089,28.026876],[-80.476198,28.03151],[-80.476901,28.033055],[-80.477029,28.033336],[-80.477409,28.034055],[-80.478984,28.037031],[-80.47951,28.038023],[-80.479924,28.038805],[-80.481166,28.041151],[-80.48158,28.041934],[-80.482272,28.043243],[-80.484351,28.047171],[-80.485044,28.048481],[-80.48843,28.054879],[-80.492138,28.061875],[-80.492602,28.06275],[-80.496418,28.069951],[-80.499776,28.077238],[-80.499776,28.077265],[-80.499938,28.078002],[-80.49997,28.078149],[-80.500002,28.078295],[-80.500718,28.081562],[-80.501921,28.087049],[-80.503059,28.092243],[-80.50384,28.095804],[-80.504724,28.099839],[-80.507378,28.111945],[-80.508263,28.115981],[-80.50929,28.120667],[-80.512372,28.134728],[-80.5134,28.139415],[-80.513838,28.141414],[-80.515153,28.147414],[-80.515592,28.149414],[-80.515847,28.15058],[-80.516615,28.154081],[-80.516871,28.155248],[-80.517035,28.155999],[-80.517529,28.158252],[-80.517694,28.159003],[-80.518032,28.160547],[-80.519048,28.165179],[-80.519387,28.166724],[-80.519688,28.168099],[-80.520593,28.172227],[-80.520895,28.173603],[-80.521132,28.174688],[-80.521846,28.177943],[-80.522084,28.179029],[-80.522288,28.179964],[-80.522903,28.182769],[-80.523109,28.183705],[-80.523259,28.184392],[-80.523712,28.186456],[-80.523863,28.187144],[-80.525343,28.193893],[-80.52653,28.19931],[-80.526768,28.200398],[-80.527484,28.203661],[-80.527723,28.20475],[-80.527948,28.205778],[-80.528625,28.208865],[-80.528851,28.209894],[-80.529007,28.210608],[-80.529477,28.212752],[-80.529634,28.213467],[-80.532214,28.225242],[-80.534173,28.234178],[-80.541123,28.260284],[-80.544002,28.271097],[-80.543871,28.271953],[-80.541172,28.28969],[-80.539502,28.300669],[-80.537886,28.311295],[-80.537598,28.313182],[-80.536738,28.318844],[-80.536451,28.320732],[-80.536108,28.322984],[-80.53508,28.329743],[-80.534738,28.331996],[-80.534339,28.334617],[-80.534173,28.335708],[-80.53241,28.342327],[-80.531729,28.34489],[-80.530981,28.347695],[-80.528741,28.356111],[-80.527995,28.358917],[-80.52747,28.360888],[-80.525896,28.366801],[-80.525372,28.368773],[-80.525314,28.368988],[-80.525142,28.369633],[-80.525085,28.369849],[-80.524585,28.371725],[-80.523086,28.377356],[-80.522587,28.379233],[-80.522493,28.379585],[-80.519554,28.390626],[-80.519431,28.391089],[-80.516418,28.393918],[-80.506332,28.403389],[-80.50297,28.406547],[-80.50233,28.407147],[-80.501487,28.407939],[-80.500413,28.408947],[-80.500005,28.409331],[-80.499889,28.409439],[-80.499774,28.409548],[-80.493602,28.41306],[-80.487677,28.418357],[-80.481212,28.425516],[-80.479338,28.428753],[-80.476226,28.434133],[-80.472341,28.443415],[-80.469393,28.453102],[-80.468608,28.463083],[-80.470557,28.472334],[-80.474851,28.484454],[-80.478057,28.492456],[-80.482453,28.500281],[-80.486611,28.508244],[-80.499773,28.533451],[-80.499889,28.533709],[-80.500004,28.533966],[-80.501219,28.536683],[-80.503588,28.540367],[-80.504944,28.545293],[-80.506252,28.553922],[-80.508148,28.562782],[-80.508822,28.565928],[-80.511349,28.575238],[-80.515065,28.58772],[-80.519144,28.598791],[-80.522976,28.608243],[-80.524172,28.610184],[-80.526849,28.614529],[-80.536488,28.625277],[-80.611468,28.719438],[-80.624773,28.73531],[-80.635576,28.750273],[-80.663464,28.790593],[-80.675138,28.807475],[-80.692651,28.832799],[-80.710162,28.858122],[-80.721837,28.875005],[-80.72259,28.876138],[-80.724851,28.879537],[-80.725605,28.880671],[-80.729337,28.886295],[-80.743667,28.907892],[-80.749775,28.917097],[-80.750004,28.917431],[-80.752728,28.921405],[-80.756816,28.927367],[-80.760903,28.933327],[-80.763628,28.937302],[-80.763678,28.937395],[-80.763829,28.937675],[-80.76388,28.937769],[-80.770321,28.947637],[-80.789646,28.977242],[-80.796088,28.987111],[-80.796997,28.988503],[-80.799724,28.992682],[-80.800634,28.994075],[-80.806969,29.003781],[-80.813236,29.013381],[-80.825977,29.0329],[-80.832313,29.042607],[-80.834939,29.04663],[-80.842818,29.058701],[-80.845445,29.062725],[-80.848416,29.0671],[-80.85733,29.080225],[-80.860302,29.0846],[-80.860404,29.08475],[-80.860711,29.085203],[-80.860814,29.085354],[-80.86278,29.088249],[-80.868681,29.096937],[-80.870648,29.099834],[-80.870911,29.100222],[-80.871702,29.101386],[-80.871966,29.101775],[-80.871989,29.101808],[-80.872058,29.10191],[-80.872081,29.101944],[-80.874818,29.105973],[-80.875325,29.106436],[-80.904468,29.141832],[-80.906839,29.144712],[-80.921022,29.171256],[-80.926282,29.182373],[-80.940173,29.211732],[-80.941831,29.215825],[-80.946451,29.227224],[-80.947494,29.229799],[-80.950626,29.237527],[-80.95167,29.240103],[-80.952493,29.242135],[-80.953677,29.245056],[-80.954964,29.248231],[-80.955684,29.250008],[-80.955736,29.250136],[-80.955788,29.250264],[-80.956218,29.25111],[-80.957508,29.253651],[-80.957939,29.254498],[-80.958553,29.255707],[-80.960396,29.259335],[-80.961011,29.260545],[-80.963866,29.266164],[-80.972431,29.283022],[-80.975286,29.288642],[-80.977186,29.292382],[-80.982886,29.303604],[-80.984787,29.307345],[-80.988554,29.31476],[-80.994221,29.325915],[-80.99589,29.3292],[-80.999779,29.336856],[-80.999779,29.336826],[-80.999891,29.33706],[-81.000004,29.337294],[-81.001163,29.339707],[-81.002321,29.34212],[-81.010998,29.360189],[-81.037031,29.414398],[-81.045709,29.432468],[-81.044952,29.432554],[-81.042682,29.432812],[-81.041926,29.432899],[-81.04595,29.442003],[-81.053099,29.458177],[-81.058024,29.469318],[-81.062049,29.478423],[-81.063957,29.482739],[-81.069466,29.4952],[-81.069681,29.495687],[-81.07159,29.500004],[-81.071646,29.500131],[-81.071702,29.500258],[-81.072207,29.501519],[-81.075034,29.50717],[-81.075929,29.509105],[-81.077088,29.511611],[-81.078212,29.513831],[-81.080189,29.518373],[-81.082748,29.523755],[-81.08328,29.524868],[-81.08519,29.528868],[-81.088096,29.534316],[-81.090188,29.538217],[-81.091776,29.54111],[-81.094759,29.546288],[-81.097512,29.551703],[-81.099876,29.555872],[-81.102045,29.559605],[-81.103712,29.562664],[-81.106195,29.568113],[-81.108719,29.573967],[-81.11128,29.57891],[-81.11378,29.584737],[-81.114037,29.585336],[-81.116006,29.589531],[-81.116831,29.591289],[-81.119817,29.596736],[-81.122574,29.602791],[-81.122999,29.603754],[-81.123778,29.605516],[-81.124785,29.608085],[-81.125003,29.608646],[-81.125231,29.609233],[-81.127325,29.614159],[-81.13022,29.62067],[-81.130391,29.621049],[-81.131234,29.622913],[-81.132294,29.625257],[-81.132706,29.626293],[-81.133833,29.629132],[-81.134726,29.632273],[-81.13612,29.635485],[-81.137475,29.638663],[-81.138866,29.642043],[-81.140071,29.644917],[-81.141537,29.648703],[-81.142663,29.651643],[-81.144211,29.65489],[-81.145747,29.658571],[-81.145904,29.658946],[-81.147752,29.663038],[-81.149147,29.666149],[-81.150271,29.66946],[-81.15082,29.671093],[-81.151544,29.673244],[-81.152933,29.676928],[-81.154059,29.680104],[-81.15559,29.685205],[-81.157244,29.689464],[-81.158754,29.69271],[-81.160261,29.696293],[-81.161608,29.700449],[-81.16224,29.702947],[-81.162955,29.704738],[-81.163699,29.707473],[-81.163904,29.710273],[-81.164156,29.712129],[-81.164564,29.713784],[-81.165423,29.716688],[-81.165633,29.717496],[-81.166241,29.719829],[-81.167406,29.723107],[-81.168804,29.726015],[-81.170127,29.728754],[-81.171489,29.731392],[-81.173346,29.734742],[-81.174897,29.737853],[-81.175579,29.739105],[-81.175797,29.739342],[-81.181426,29.750255],[-81.183111,29.753455],[-81.186402,29.760086],[-81.189224,29.768162],[-81.192771,29.778332],[-81.194407,29.784481],[-81.195091,29.787044],[-81.199203,29.801163],[-81.199364,29.802519],[-81.200436,29.811518],[-81.202165,29.815499],[-81.203987,29.819694],[-81.20518,29.822439],[-81.206173,29.835388],[-81.206199,29.838487],[-81.206279,29.847992],[-81.206517,29.855573],[-81.207632,29.863016],[-81.208158,29.868032],[-81.209034,29.874187],[-81.209271,29.875253],[-81.209383,29.875617],[-81.211908,29.883817],[-81.21493,29.890969],[-81.218034,29.901225],[-81.220869,29.911953],[-81.223856,29.921566],[-81.226303,29.927759],[-81.226842,29.929123],[-81.232575,29.937387],[-81.235171,29.942278],[-81.237034,29.947912],[-81.239094,29.955603],[-81.242158,29.962451],[-81.245746,29.972052],[-81.249796,29.982891],[-81.255137,30.000251],[-81.262794,30.031967],[-81.285317,30.12525],[-81.300482,30.180626],[-81.315988,30.236122],[-81.318628,30.246187],[-81.320188,30.252926],[-81.317931,30.252945],[-81.325878,30.279248],[-81.32704,30.284196],[-81.328069,30.288577],[-81.330326,30.298192],[-81.33063,30.299487],[-81.330869,30.300983],[-81.331774,30.306647],[-81.331877,30.30729],[-81.333169,30.315377],[-81.333601,30.318085],[-81.334178,30.324463],[-81.335383,30.337777],[-81.335383,30.342414],[-81.335384,30.361031],[-81.335384,30.361298],[-81.333602,30.362392],[-81.329443,30.366768],[-81.325285,30.372238],[-81.323551,30.375247],[-81.321566,30.37858],[-81.320736,30.381622],[-81.318754,30.388882],[-81.317932,30.392799],[-81.317464,30.394083],[-81.317263,30.396118],[-81.316715,30.401682],[-81.3169,30.407727],[-81.319802,30.416471],[-81.32488,30.424741],[-81.332293,30.433042],[-81.33866,30.438237],[-81.349963,30.445015],[-81.353577,30.446666],[-81.354351,30.449738],[-81.35392,30.453352],[-81.353873,30.460309],[-81.353443,30.462673],[-81.351797,30.473413],[-81.352448,30.482125],[-81.354886,30.49276],[-81.358039,30.500245],[-81.358796,30.50151],[-81.359183,30.502628],[-81.360003,30.504308],[-81.361642,30.506389],[-81.362267,30.507363],[-81.362391,30.507536],[-81.364258,30.51015],[-81.366447,30.514786],[-81.36805,30.518784],[-81.369653,30.522951],[-81.371618,30.526555],[-81.375005,30.532764],[-81.376977,30.541404],[-81.377677,30.544466],[-81.380281,30.563231],[-81.380664,30.567718],[-81.381418,30.576549],[-81.381869,30.581846],[-81.382018,30.583585],[-81.382376,30.597785],[-81.382434,30.600045],[-81.382437,30.600186],[-81.382441,30.600326],[-81.382452,30.600747],[-81.382385,30.6031],[-81.382338,30.604705],[-81.382201,30.609523],[-81.382155,30.611129],[-81.382061,30.614384],[-81.382018,30.615919],[-81.381254,30.624117],[-81.381172,30.625008],[-81.38115,30.625244],[-81.38087,30.627351],[-81.379573,30.633177],[-81.377936,30.640532],[-81.375682,30.650657],[-81.375002,30.653713],[-81.374813,30.654564],[-81.374813,30.656531],[-81.373401,30.662785],[-81.368141,30.666422],[-81.367838,30.666703],[-81.362845,30.671337],[-81.358172,30.675982],[-81.354942,30.680155],[-81.351556,30.685672],[-81.349262,30.690583],[-81.347204,30.696804],[-81.346767,30.6993],[-81.346392,30.701444],[-81.346361,30.706285],[-81.346798,30.711091],[-81.346975,30.712176],[-81.347018,30.71245],[-81.351798,30.712441],[-81.366141,30.712414],[-81.370922,30.712406],[-81.371301,30.712405],[-81.371852,30.712405],[-81.372438,30.712403],[-81.372818,30.712403],[-81.373038,30.712402],[-81.373699,30.712401],[-81.37392,30.712401],[-81.3741,30.712402],[-81.374643,30.712405],[-81.374824,30.712407],[-81.374915,30.712408],[-81.375006,30.712408],[-81.375111,30.712408],[-81.375635,30.712412],[-81.375975,30.712413],[-81.376263,30.712415],[-81.376346,30.712416],[-81.380879,30.71242],[-81.394727,30.712435],[-81.399344,30.71244],[-81.404178,30.712445],[-81.403705,30.70982],[-81.409812,30.709589],[-81.424411,30.709038],[-81.429965,30.708828],[-81.431544,30.708746],[-81.434093,30.708868],[-81.436435,30.709164],[-81.438167,30.709597],[-81.439148,30.709762],[-81.43922,30.709775],[-81.440417,30.709976],[-81.440486,30.709988],[-81.441905,30.709971],[-81.444614,30.709666],[-81.444826,30.709644],[-81.446994,30.709425],[-81.448718,30.709358],[-81.450492,30.70945],[-81.451244,30.70949],[-81.452525,30.709628],[-81.454845,30.709879],[-81.459979,30.71044],[-81.460791,30.71055],[-81.462403,30.71077],[-81.464016,30.710989],[-81.464292,30.711044],[-81.464669,30.711119],[-81.465123,30.711209],[-81.465401,30.711264],[-81.468623,30.712002],[-81.46969,30.712356],[-81.469962,30.712447],[-81.470095,30.712483],[-81.471812,30.713028],[-81.472422,30.71328],[-81.473589,30.713692],[-81.474116,30.713919],[-81.474581,30.71415],[-81.475039,30.714405],[-81.475489,30.714691],[-81.475893,30.715023],[-81.477221,30.716301],[-81.479632,30.718924],[-81.480322,30.719767],[-81.481593,30.721318],[-81.482234,30.722216],[-81.482981,30.723088],[-81.483084,30.723229],[-81.483317,30.723547],[-81.483762,30.723992],[-81.483958,30.724188],[-81.484553,30.724871],[-81.484828,30.725119],[-81.48543,30.725498],[-81.486071,30.725802],[-81.486165,30.725835],[-81.48659,30.725985],[-81.487146,30.726128],[-81.487566,30.726237],[-81.487994,30.726294],[-81.488467,30.726315],[-81.488993,30.726294],[-81.48945,30.726243],[-81.489481,30.72624],[-81.489901,30.726162],[-81.490885,30.725937],[-81.494174,30.725279],[-81.49587,30.724992],[-81.496301,30.724918],[-81.49663,30.724863],[-81.497263,30.724808],[-81.497904,30.724797],[-81.498617,30.724724],[-81.499529,30.724631],[-81.49998,30.724499],[-81.500023,30.724493],[-81.500166,30.724476],[-81.501681,30.724285],[-81.502879,30.723986],[-81.504202,30.723577],[-81.50445,30.723501],[-81.50545,30.723225],[-81.505582,30.723204],[-81.505911,30.723151],[-81.506898,30.722996],[-81.507228,30.722944],[-81.507345,30.722926],[-81.507462,30.722907],[-81.507941,30.722831],[-81.507952,30.72283],[-81.50989,30.72262],[-81.510096,30.722613],[-81.510818,30.722592],[-81.51124,30.722579],[-81.512385,30.722544],[-81.512509,30.722542],[-81.512632,30.722542],[-81.512782,30.722541],[-81.512932,30.72254],[-81.513529,30.722535],[-81.513659,30.722534],[-81.514491,30.722552],[-81.515321,30.722598],[-81.515475,30.722607],[-81.515917,30.722647],[-81.51649,30.722698],[-81.516802,30.722732],[-81.517373,30.722742],[-81.517944,30.722753],[-81.518153,30.722758],[-81.518362,30.722763],[-81.518987,30.722774],[-81.520991,30.722811],[-81.521262,30.722823],[-81.522677,30.722887],[-81.524043,30.723007],[-81.524411,30.723027],[-81.524745,30.723046],[-81.525157,30.723091],[-81.526248,30.723398],[-81.527339,30.723656],[-81.528118,30.723793],[-81.530131,30.724148],[-81.53065,30.724213],[-81.531159,30.724225],[-81.531473,30.724231],[-81.531489,30.724232],[-81.531851,30.724183],[-81.531892,30.724178],[-81.532038,30.724159],[-81.532298,30.724097],[-81.532395,30.724051],[-81.53268,30.723918],[-81.532776,30.723863],[-81.532825,30.723832],[-81.533145,30.723635],[-81.53317,30.723613],[-81.533242,30.723549],[-81.533269,30.723526],[-81.533369,30.723439],[-81.533694,30.72307],[-81.533915,30.72266],[-81.534068,30.722254],[-81.534113,30.722023],[-81.534159,30.721796],[-81.534197,30.721302],[-81.534251,30.720976],[-81.534396,30.720557],[-81.534476,30.720172],[-81.534495,30.72008],[-81.534497,30.720065],[-81.534556,30.719534],[-81.534571,30.718956],[-81.53448,30.718098],[-81.534387,30.717569],[-81.534344,30.717318],[-81.534329,30.717212],[-81.534301,30.717],[-81.534258,30.716737],[-81.534121,30.715893],[-81.534083,30.715605],[-81.533966,30.714733],[-81.533877,30.714058],[-81.533816,30.713181],[-81.533816,30.712105],[-81.533816,30.712061],[-81.533892,30.711779],[-81.534014,30.711453],[-81.534107,30.711282],[-81.534182,30.711142],[-81.534485,30.710693],[-81.535151,30.709708],[-81.535334,30.7095],[-81.535533,30.709322],[-81.535687,30.709219],[-81.535784,30.709154],[-81.535842,30.709124],[-81.536044,30.709023],[-81.536488,30.708857],[-81.53657,30.708826],[-81.537066,30.708714],[-81.537112,30.708704],[-81.5376,30.708657],[-81.537659,30.708659],[-81.538172,30.708679],[-81.538394,30.708662],[-81.538661,30.708697],[-81.539126,30.708809],[-81.539244,30.708852],[-81.539348,30.708889],[-81.539889,30.709084],[-81.540659,30.709465],[-81.541598,30.710068],[-81.542491,30.710845],[-81.542834,30.71114],[-81.543452,30.711788],[-81.543772,30.712212],[-81.544184,30.712832],[-81.544695,30.713726],[-81.545182,30.714988],[-81.545344,30.715407],[-81.545649,30.71612],[-81.545962,30.716742],[-81.545977,30.71686],[-81.546023,30.716948],[-81.546099,30.717036],[-81.546323,30.717229],[-81.546461,30.717347],[-81.546599,30.717465],[-81.546714,30.717564],[-81.546829,30.717663],[-81.546982,30.717794],[-81.546992,30.717802],[-81.547274,30.717959],[-81.547625,30.718111],[-81.548007,30.71822],[-81.54838,30.718285],[-81.548403,30.718286],[-81.548762,30.718313],[-81.548775,30.718311],[-81.548841,30.71831],[-81.548908,30.718309],[-81.549304,30.718298],[-81.549998,30.718212],[-81.550103,30.718192],[-81.550402,30.718136],[-81.550791,30.718025],[-81.551211,30.717858],[-81.552134,30.717392],[-81.552645,30.717118],[-81.553141,30.716786],[-81.553328,30.716641],[-81.553446,30.716551],[-81.554148,30.715929],[-81.554226,30.715842],[-81.554462,30.715578],[-81.554499,30.715538],[-81.554517,30.715516],[-81.554949,30.71501],[-81.555123,30.714823],[-81.555163,30.714779],[-81.555406,30.714521],[-81.555576,30.714329],[-81.555642,30.714258],[-81.555804,30.714085],[-81.555926,30.713965],[-81.55603,30.713863],[-81.556069,30.713824],[-81.55611,30.713784],[-81.556152,30.713756],[-81.556803,30.713322],[-81.557454,30.712889],[-81.558137,30.712432],[-81.558314,30.712315],[-81.559661,30.71184],[-81.559821,30.711784],[-81.559981,30.711727],[-81.560023,30.711712],[-81.560243,30.711707],[-81.560444,30.711702],[-81.560712,30.711695],[-81.561427,30.711678],[-81.561778,30.711769],[-81.56192,30.711826],[-81.562098,30.711897],[-81.562426,30.712082],[-81.562701,30.712292],[-81.562914,30.712498],[-81.563104,30.712737],[-81.563296,30.713047],[-81.563464,30.713429],[-81.563563,30.713734],[-81.563624,30.714001],[-81.563639,30.714264],[-81.563624,30.714552],[-81.563471,30.71529],[-81.563332,30.715672],[-81.563325,30.715692],[-81.563256,30.715919],[-81.563197,30.71604],[-81.563186,30.716116],[-81.563128,30.716505],[-81.563128,30.716738],[-81.563159,30.716922],[-81.563174,30.717011],[-81.563288,30.717249],[-81.563405,30.71739],[-81.56351,30.717516],[-81.563799,30.717755],[-81.564105,30.717955],[-81.56441,30.718123],[-81.564753,30.71827],[-81.565081,30.71838],[-81.565194,30.718405],[-81.565285,30.718426],[-81.565966,30.718594],[-81.56654,30.718635],[-81.566874,30.718658],[-81.567339,30.718691],[-81.567629,30.718731],[-81.567871,30.718791],[-81.568041,30.718834],[-81.56819,30.718894],[-81.568252,30.718919],[-81.568415,30.718985],[-81.568743,30.71916],[-81.56901,30.719357],[-81.569085,30.719432],[-81.569468,30.719813],[-81.569804,30.720085],[-81.570248,30.720495],[-81.570445,30.720677],[-81.570948,30.721077],[-81.571509,30.721445],[-81.571604,30.721508],[-81.571664,30.721538],[-81.572398,30.721903],[-81.572448,30.721921],[-81.573162,30.722185],[-81.573382,30.722267],[-81.573424,30.722279],[-81.574221,30.72251],[-81.575236,30.722708],[-81.57538,30.722723],[-81.575884,30.722779],[-81.57614,30.722778],[-81.576917,30.722774],[-81.577694,30.722769],[-81.579653,30.722758],[-81.580744,30.722872],[-81.580961,30.722912],[-81.581561,30.723021],[-81.582026,30.723107],[-81.583079,30.723344],[-81.583358,30.723407],[-81.583636,30.72347],[-81.583651,30.723473],[-81.584481,30.723587],[-81.585246,30.723692],[-81.586772,30.72374],[-81.587237,30.723709],[-81.587687,30.723641],[-81.58813,30.72353],[-81.58833,30.723452],[-81.588511,30.723381],[-81.588854,30.723192],[-81.589198,30.722943],[-81.589295,30.722845],[-81.589831,30.722306],[-81.59031,30.721691],[-81.590481,30.721472],[-81.590652,30.721252],[-81.591082,30.7207],[-81.591578,30.719975],[-81.592013,30.719519],[-81.592166,30.719311],[-81.592341,30.719134],[-81.592374,30.719111],[-81.592661,30.718914],[-81.593073,30.718703],[-81.59344,30.718573],[-81.593634,30.718532],[-81.593844,30.718487],[-81.593961,30.718474],[-81.594125,30.718459],[-81.594289,30.718444],[-81.594584,30.718415],[-81.595003,30.718472],[-81.595342,30.718518],[-81.595681,30.718563],[-81.595797,30.718579],[-81.596179,30.718672],[-81.596408,30.71877],[-81.596578,30.71885],[-81.59684,30.719019],[-81.596942,30.719084],[-81.597109,30.719332],[-81.597239,30.719599],[-81.597346,30.720013],[-81.597376,30.720232],[-81.597371,30.720275],[-81.597293,30.721003],[-81.59701,30.72173],[-81.596594,30.722912],[-81.596518,30.723127],[-81.596385,30.723505],[-81.596304,30.723777],[-81.59624,30.723997],[-81.596095,30.724621],[-81.596034,30.725086],[-81.596026,30.725346],[-81.59608,30.725749],[-81.596101,30.725904],[-81.596122,30.72606],[-81.596126,30.726093],[-81.596186,30.726534],[-81.596455,30.727256],[-81.596537,30.727478],[-81.596766,30.72769],[-81.597048,30.728037],[-81.597254,30.728245],[-81.597544,30.728468],[-81.597872,30.728659],[-81.5983,30.728834],[-81.598369,30.728856],[-81.599017,30.729063],[-81.599658,30.729231],[-81.600352,30.729376],[-81.60088,30.72945],[-81.601807,30.729581],[-81.601885,30.729592],[-81.602007,30.729586],[-81.602151,30.729578],[-81.602295,30.72957],[-81.602618,30.729553],[-81.602791,30.729523],[-81.60289,30.729506],[-81.602988,30.729489],[-81.603198,30.729452],[-81.603286,30.729418],[-81.603522,30.729331],[-81.603762,30.729244],[-81.603907,30.729163],[-81.604296,30.728945],[-81.60464,30.728676],[-81.604892,30.728402],[-81.605197,30.728071],[-81.605265,30.727986],[-81.605837,30.72727],[-81.605959,30.727017],[-81.605987,30.726903],[-81.606028,30.726734],[-81.606027,30.72667],[-81.606021,30.726225],[-81.606003,30.725866],[-81.605937,30.724551],[-81.605921,30.724221],[-81.605819,30.723476],[-81.605769,30.723109],[-81.605723,30.722491],[-81.605715,30.721928],[-81.60574,30.721441],[-81.60583,30.719696],[-81.605921,30.719191],[-81.606012,30.718834],[-81.606051,30.718682],[-81.606204,30.718262],[-81.606425,30.717791],[-81.6067,30.717316],[-81.606906,30.717041],[-81.607155,30.716811],[-81.607623,30.716379],[-81.608065,30.716067],[-81.608409,30.715885],[-81.60863,30.715809],[-81.609088,30.715826],[-81.609262,30.715847],[-81.609591,30.715887],[-81.609873,30.715939],[-81.610126,30.716019],[-81.610285,30.716069],[-81.610659,30.716223],[-81.611219,30.716525],[-81.611277,30.716557],[-81.611291,30.71657],[-81.61175,30.716982],[-81.611933,30.717207],[-81.612162,30.717568],[-81.612338,30.717949],[-81.612506,30.718582],[-81.61262,30.719248],[-81.612796,30.719745],[-81.613047,30.720457],[-81.613337,30.721171],[-81.613614,30.721697],[-81.613734,30.721924],[-81.613856,30.722084],[-81.614169,30.722359],[-81.614535,30.722548],[-81.614614,30.72257],[-81.615069,30.722697],[-81.615618,30.722746],[-81.617129,30.722651],[-81.618141,30.722513],[-81.61852,30.722461],[-81.618656,30.722443],[-81.618737,30.722432],[-81.619288,30.722357],[-81.620715,30.722477],[-81.620955,30.722515],[-81.621142,30.722546],[-81.621569,30.722655],[-81.621981,30.722801],[-81.622386,30.722996],[-81.622729,30.723212],[-81.622981,30.723473],[-81.623362,30.724062],[-81.623545,30.724686],[-81.623561,30.724959],[-81.62353,30.725233],[-81.623437,30.725561],[-81.623372,30.725747],[-81.623271,30.725884],[-81.623124,30.726096],[-81.622742,30.72665],[-81.622631,30.726811],[-81.622012,30.727553],[-81.621988,30.727586],[-81.621752,30.727917],[-81.621598,30.728073],[-81.621478,30.728195],[-81.621287,30.728499],[-81.62113,30.728838],[-81.620975,30.729175],[-81.620857,30.729479],[-81.620739,30.729784],[-81.620707,30.729868],[-81.620688,30.730033],[-81.620654,30.730334],[-81.620681,30.730895],[-81.620684,30.730965],[-81.620702,30.731088],[-81.620743,30.73124],[-81.620788,30.731449],[-81.620826,30.731626],[-81.621055,30.732312],[-81.6211,30.732464],[-81.621145,30.732616],[-81.62118,30.732735],[-81.62122,30.732817],[-81.62134,30.733065],[-81.621537,30.733402],[-81.621951,30.734108],[-81.622202,30.734492],[-81.622561,30.734913],[-81.623487,30.735787],[-81.623774,30.736058],[-81.623857,30.736111],[-81.624018,30.736214],[-81.624369,30.736346],[-81.624729,30.736435],[-81.624812,30.736456],[-81.624987,30.73648],[-81.625087,30.736493],[-81.625247,30.736515],[-81.625388,30.736509],[-81.625489,30.736505],[-81.625727,30.736496],[-81.626117,30.736446],[-81.626719,30.73637],[-81.626761,30.736361],[-81.626963,30.736319],[-81.627284,30.736201],[-81.627619,30.736012],[-81.627873,30.735829],[-81.627963,30.735766],[-81.628245,30.735506],[-81.628334,30.7354],[-81.628634,30.73498],[-81.628703,30.734867],[-81.628878,30.734642],[-81.628985,30.734402],[-81.629075,30.734131],[-81.629092,30.734082],[-81.629199,30.733473],[-81.629199,30.732815],[-81.629138,30.732151],[-81.628901,30.73087],[-81.628779,30.730341],[-81.628756,30.730021],[-81.628773,30.729766],[-81.628776,30.729738],[-81.628832,30.729313],[-81.628924,30.729077],[-81.629145,30.728731],[-81.629321,30.728535],[-81.629425,30.728466],[-81.629534,30.728394],[-81.629878,30.728255],[-81.630435,30.728094],[-81.630695,30.728101],[-81.63161,30.728127],[-81.631879,30.728187],[-81.63193,30.728199],[-81.632212,30.728352],[-81.632456,30.728449],[-81.632685,30.728602],[-81.632846,30.728768],[-81.633265,30.729355],[-81.633494,30.729777],[-81.633662,30.730295],[-81.633753,30.730488],[-81.633837,30.731129],[-81.63402,30.731726],[-81.634219,30.732167],[-81.63428,30.732302],[-81.634699,30.732975],[-81.63505,30.733282],[-81.635424,30.733542],[-81.63589,30.733803],[-81.636134,30.733885],[-81.636222,30.733901],[-81.636386,30.733933],[-81.636622,30.733944],[-81.636874,30.733927],[-81.637126,30.733876],[-81.637425,30.733758],[-81.637545,30.733711],[-81.638061,30.733374],[-81.638473,30.733004],[-81.638959,30.732568],[-81.639092,30.732406],[-81.639351,30.732094],[-81.639611,30.73178],[-81.639833,30.731535],[-81.640072,30.731142],[-81.640283,30.730764],[-81.640542,30.730338],[-81.640568,30.730294],[-81.640589,30.73026],[-81.64107,30.729594],[-81.641375,30.729315],[-81.641829,30.728978],[-81.641918,30.728928],[-81.642359,30.728781],[-81.643588,30.728209],[-81.643742,30.72816],[-81.643952,30.728093],[-81.644162,30.728026],[-81.644442,30.727936],[-81.64448,30.727927],[-81.646418,30.727505],[-81.646945,30.727433],[-81.647486,30.7274],[-81.648539,30.727429],[-81.649027,30.727505],[-81.649584,30.727669],[-81.649663,30.727697],[-81.650118,30.727858],[-81.650172,30.727877],[-81.651273,30.728345],[-81.65137,30.728386],[-81.652156,30.728876],[-81.652234,30.72894],[-81.652444,30.729113],[-81.652654,30.729287],[-81.652703,30.729328],[-81.652842,30.729443],[-81.653136,30.729805],[-81.653233,30.729929],[-81.653369,30.730112],[-81.653498,30.730349],[-81.653511,30.730399],[-81.653582,30.730681],[-81.653697,30.730912],[-81.653941,30.731562],[-81.653969,30.731726],[-81.654048,30.73218],[-81.654093,30.733099],[-81.65407,30.733485],[-81.654017,30.733866],[-81.653758,30.735085],[-81.65363,30.735505],[-81.653611,30.735569],[-81.65335,30.736421],[-81.653338,30.736464],[-81.65314,30.736929],[-81.652926,30.737343],[-81.652577,30.738182],[-81.652484,30.738405],[-81.652186,30.739029],[-81.652177,30.739044],[-81.651866,30.739596],[-81.651764,30.739905],[-81.65174,30.739974],[-81.651672,30.740182],[-81.651649,30.740252],[-81.651507,30.740683],[-81.651507,30.740956],[-81.651543,30.741115],[-81.651595,30.741342],[-81.651648,30.741569],[-81.65173,30.741925],[-81.651831,30.742214],[-81.65207,30.742694],[-81.652308,30.743071],[-81.652331,30.743107],[-81.652608,30.743457],[-81.652869,30.743698],[-81.653192,30.743921],[-81.653322,30.743986],[-81.653737,30.744194],[-81.65391,30.744262],[-81.653988,30.744292],[-81.654077,30.744312],[-81.654271,30.744357],[-81.654307,30.744366],[-81.654439,30.744376],[-81.654515,30.744382],[-81.654635,30.744391],[-81.654763,30.744366],[-81.654871,30.744344],[-81.654922,30.744335],[-81.65508,30.744304],[-81.655116,30.744297],[-81.656124,30.743964],[-81.65654,30.743827],[-81.656687,30.743778],[-81.657939,30.743258],[-81.658694,30.74297],[-81.658748,30.742952],[-81.659682,30.742645],[-81.660365,30.74242],[-81.660838,30.742346],[-81.66144,30.742474],[-81.661685,30.742564],[-81.661906,30.742646],[-81.662326,30.742871],[-81.662661,30.743126],[-81.662935,30.743417],[-81.663012,30.743498],[-81.663256,30.743838],[-81.6636,30.744435],[-81.663653,30.744795],[-81.663661,30.745152],[-81.663623,30.745497],[-81.663561,30.745709],[-81.663547,30.745734],[-81.663485,30.745859],[-81.663464,30.745883],[-81.663357,30.746006],[-81.663249,30.746129],[-81.662997,30.746416],[-81.662852,30.746543],[-81.662635,30.746735],[-81.662463,30.746887],[-81.662272,30.747055],[-81.661893,30.747425],[-81.661776,30.74754],[-81.661706,30.747596],[-81.661657,30.747634],[-81.66163,30.747654],[-81.661607,30.747673],[-81.661234,30.747967],[-81.660808,30.748301],[-81.660534,30.748517],[-81.660411,30.748614],[-81.660136,30.748875],[-81.660048,30.748982],[-81.659899,30.749167],[-81.659777,30.749447],[-81.659732,30.749722],[-81.659738,30.750234],[-81.659739,30.750332],[-81.659778,30.750777],[-81.659792,30.750922],[-81.659808,30.751271],[-81.659904,30.751583],[-81.659922,30.751642],[-81.659982,30.751752],[-81.660037,30.751854],[-81.660159,30.752013],[-81.660331,30.752445],[-81.660342,30.752472],[-81.660838,30.753199],[-81.661067,30.753462],[-81.661402,30.753733],[-81.661545,30.75382],[-81.6617,30.753914],[-81.661796,30.75396],[-81.662005,30.754061],[-81.662326,30.754183],[-81.662508,30.754234],[-81.662661,30.754278],[-81.663054,30.754352],[-81.663348,30.754408],[-81.663459,30.7544],[-81.663569,30.754393],[-81.663792,30.754343],[-81.663867,30.754326],[-81.664408,30.75415],[-81.664546,30.754105],[-81.664714,30.754051],[-81.665407,30.753752],[-81.665568,30.753683],[-81.666247,30.753327],[-81.667414,30.752571],[-81.667525,30.752508],[-81.667587,30.752474],[-81.667689,30.752417],[-81.667792,30.752371],[-81.668171,30.7522],[-81.668549,30.752029],[-81.668955,30.751877],[-81.669068,30.751845],[-81.669089,30.751838],[-81.669558,30.751707],[-81.669847,30.751675],[-81.67023,30.751633],[-81.670785,30.751596],[-81.671358,30.751558],[-81.671661,30.751521],[-81.672131,30.751464],[-81.672407,30.751431],[-81.672567,30.751475],[-81.672804,30.751542],[-81.672862,30.751558],[-81.673162,30.751596],[-81.673461,30.751634],[-81.673593,30.751651],[-81.673638,30.751657],[-81.674062,30.751596],[-81.674258,30.751568],[-81.674362,30.751553],[-81.674723,30.751543],[-81.675119,30.751511],[-81.675181,30.751505],[-81.675639,30.751469],[-81.676779,30.751329],[-81.67763,30.751224],[-81.677819,30.751201],[-81.678438,30.751076],[-81.678877,30.750962],[-81.679072,30.750912],[-81.680165,30.750525],[-81.680593,30.750374],[-81.681063,30.750208],[-81.681502,30.74989],[-81.68197,30.749561],[-81.682367,30.749219],[-81.682663,30.748951],[-81.682995,30.748651],[-81.683099,30.748498],[-81.683215,30.748297],[-81.683251,30.748123],[-81.683291,30.747933],[-81.683304,30.747807],[-81.683329,30.747563],[-81.683314,30.747124],[-81.683261,30.746851],[-81.683062,30.746401],[-81.68278,30.745974],[-81.68236,30.745491],[-81.682239,30.74539],[-81.682154,30.74532],[-81.681895,30.745184],[-81.681809,30.745153],[-81.681262,30.744965],[-81.681093,30.744923],[-81.680544,30.744791],[-81.680092,30.744723],[-81.679911,30.744698],[-81.679606,30.744709],[-81.679309,30.744751],[-81.679034,30.744822],[-81.678903,30.744874],[-81.678819,30.744908],[-81.678286,30.745121],[-81.677899,30.745315],[-81.677859,30.745335],[-81.677447,30.745573],[-81.677073,30.745829],[-81.676708,30.746117],[-81.676366,30.746385],[-81.675463,30.747097],[-81.675344,30.747205],[-81.675028,30.747492],[-81.674784,30.747713],[-81.674525,30.748001],[-81.67422,30.748219],[-81.673672,30.748471],[-81.673487,30.748556],[-81.673258,30.748614],[-81.673083,30.748616],[-81.672854,30.748574],[-81.672471,30.748441],[-81.672396,30.748415],[-81.671969,30.748198],[-81.671929,30.748174],[-81.67158,30.747963],[-81.671198,30.747694],[-81.670938,30.747482],[-81.67084,30.747402],[-81.670674,30.747243],[-81.670491,30.747068],[-81.670307,30.746892],[-81.669833,30.746439],[-81.669784,30.746372],[-81.669725,30.746292],[-81.669604,30.746125],[-81.669352,30.745678],[-81.669156,30.74521],[-81.669078,30.744992],[-81.668856,30.744517],[-81.668795,30.74429],[-81.668757,30.744004],[-81.668757,30.743426],[-81.66882,30.742937],[-81.668841,30.742771],[-81.668841,30.74252],[-81.6691,30.741686],[-81.669197,30.741476],[-81.669276,30.741303],[-81.669295,30.741276],[-81.669696,30.740719],[-81.669985,30.74038],[-81.670664,30.739771],[-81.671275,30.73934],[-81.671413,30.739269],[-81.672038,30.738947],[-81.672164,30.738901],[-81.672251,30.738873],[-81.672497,30.738796],[-81.673039,30.738795],[-81.673526,30.738795],[-81.673777,30.73884],[-81.674327,30.739031],[-81.674609,30.739149],[-81.674706,30.739191],[-81.675015,30.739325],[-81.675036,30.739331],[-81.675555,30.739575],[-81.676493,30.740135],[-81.677157,30.740608],[-81.677844,30.741003],[-81.678332,30.741232],[-81.678881,30.741411],[-81.679423,30.741526],[-81.679473,30.741534],[-81.680094,30.741606],[-81.682622,30.741608],[-81.683184,30.741608],[-81.683424,30.741595],[-81.68451,30.741555],[-81.684593,30.741553],[-81.684809,30.741544],[-81.685024,30.741536],[-81.686076,30.741496],[-81.687128,30.741455],[-81.687739,30.741431],[-81.687973,30.741438],[-81.688087,30.741446],[-81.688197,30.741455],[-81.688429,30.741488],[-81.688543,30.741505],[-81.688655,30.74152],[-81.689158,30.741638],[-81.689379,30.74174],[-81.689852,30.742016],[-81.689953,30.742097],[-81.690295,30.742373],[-81.690707,30.742808],[-81.69105,30.743286],[-81.691424,30.744034],[-81.691577,30.744438],[-81.691645,30.744736],[-81.691683,30.745215],[-81.691758,30.745644],[-81.691889,30.746384],[-81.692217,30.747298],[-81.692416,30.747643],[-81.692668,30.747908],[-81.692996,30.748146],[-81.693354,30.748318],[-81.693896,30.748478],[-81.694354,30.748534],[-81.694478,30.748523],[-81.694781,30.748497],[-81.695338,30.748345],[-81.695964,30.748129],[-81.696202,30.748028],[-81.696559,30.747875],[-81.697492,30.747405],[-81.69761,30.747346],[-81.697728,30.747286],[-81.698069,30.747114],[-81.699525,30.746442],[-81.699743,30.746338],[-81.700067,30.746192],[-81.70061,30.745942],[-81.700999,30.745762],[-81.70135,30.745636],[-81.701525,30.74559],[-81.701716,30.745539],[-81.70209,30.745476],[-81.702471,30.745446],[-81.702535,30.745447],[-81.702608,30.745449],[-81.702713,30.745446],[-81.703043,30.745455],[-81.703292,30.745498],[-81.703585,30.745543],[-81.70492,30.745987],[-81.70531,30.746176],[-81.705737,30.746441],[-81.706128,30.746717],[-81.707118,30.747414],[-81.707537,30.747633],[-81.70798,30.747795],[-81.708529,30.747927],[-81.709117,30.747982],[-81.709689,30.747957],[-81.710307,30.747841],[-81.711413,30.747591],[-81.711435,30.747584],[-81.711671,30.747508],[-81.711751,30.747482],[-81.711907,30.747432],[-81.712466,30.74725],[-81.71269,30.747153],[-81.712996,30.747023],[-81.713854,30.746655],[-81.714071,30.746584],[-81.715075,30.746258],[-81.715716,30.746014],[-81.715734,30.746006],[-81.71625,30.745772],[-81.7168,30.745496],[-81.717287,30.745251],[-81.717547,30.745121],[-81.717918,30.744918],[-81.718112,30.744812],[-81.71833,30.744746],[-81.718562,30.744677],[-81.71889,30.744627],[-81.719218,30.744612],[-81.719554,30.744623],[-81.719719,30.744652],[-81.719958,30.744695],[-81.720133,30.744725],[-81.720324,30.744798],[-81.720349,30.744814],[-81.720935,30.745125],[-81.721293,30.745381],[-81.722056,30.746002],[-81.72246,30.746369],[-81.722644,30.746481],[-81.722827,30.746561],[-81.723139,30.746628],[-81.723336,30.746634],[-81.723605,30.746643],[-81.723941,30.746622],[-81.72446,30.746552],[-81.724597,30.746533],[-81.724736,30.746529],[-81.724882,30.746525],[-81.725028,30.746521],[-81.725138,30.746516],[-81.725772,30.746578],[-81.726397,30.746727],[-81.726435,30.746741],[-81.727183,30.747034],[-81.727618,30.747259],[-81.728232,30.747488],[-81.728259,30.747498],[-81.72845,30.747616],[-81.728471,30.747632],[-81.729304,30.748261],[-81.729702,30.748527],[-81.730197,30.748858],[-81.730746,30.749159],[-81.730845,30.749214],[-81.730921,30.749248],[-81.731303,30.749422],[-81.731654,30.749581],[-81.731822,30.749681],[-81.732058,30.749821],[-81.732417,30.75009],[-81.732493,30.750147],[-81.732844,30.750492],[-81.733096,30.750832],[-81.73318,30.751023],[-81.733193,30.751117],[-81.733218,30.751282],[-81.733172,30.751597],[-81.733088,30.751818],[-81.732958,30.752022],[-81.732463,30.752592],[-81.731944,30.753123],[-81.731486,30.753693],[-81.73141,30.753813],[-81.731356,30.754013],[-81.731372,30.754259],[-81.731428,30.754405],[-81.731478,30.754532],[-81.731646,30.754784],[-81.73186,30.755001],[-81.73215,30.755209],[-81.732343,30.755302],[-81.732429,30.755334],[-81.732515,30.755365],[-81.732892,30.755509],[-81.733134,30.755623],[-81.733306,30.755677],[-81.733912,30.755867],[-81.734016,30.755893],[-81.734164,30.755932],[-81.734312,30.75597],[-81.735362,30.756241],[-81.735376,30.756247],[-81.735502,30.756288],[-81.735628,30.756329],[-81.736161,30.756504],[-81.736285,30.756545],[-81.736694,30.75668],[-81.736918,30.756754],[-81.737261,30.756889],[-81.737559,30.757006],[-81.737858,30.757123],[-81.738772,30.757482],[-81.739686,30.757841],[-81.739744,30.757864],[-81.740412,30.758126],[-81.741084,30.758465],[-81.741702,30.758856],[-81.741999,30.759077],[-81.742198,30.75926],[-81.742388,30.759495],[-81.742533,30.759754],[-81.742655,30.760052],[-81.742732,30.760334],[-81.742747,30.760594],[-81.742716,30.760853],[-81.74251,30.761463],[-81.742274,30.761822],[-81.742144,30.761959],[-81.740817,30.763008],[-81.740573,30.763277],[-81.74039,30.763605],[-81.740283,30.764019],[-81.740283,30.764252],[-81.740397,30.764551],[-81.740603,30.76486],[-81.740756,30.765013],[-81.740962,30.765148],[-81.741977,30.765618],[-81.742015,30.765635],[-81.743388,30.76619],[-81.743823,30.766334],[-81.743998,30.766392],[-81.744538,30.766539],[-81.744647,30.766569],[-81.745433,30.766739],[-81.746447,30.766897],[-81.746646,30.766928],[-81.747854,30.767071],[-81.748011,30.76709],[-81.74853,30.767111],[-81.749406,30.767102],[-81.749804,30.767098],[-81.750041,30.767117],[-81.750827,30.767327],[-81.750851,30.767334],[-81.752238,30.767767],[-81.752788,30.768006],[-81.753932,30.768503],[-81.754567,30.768757],[-81.755213,30.769015],[-81.755946,30.76935],[-81.756457,30.769621],[-81.757014,30.769949],[-81.758235,30.77079],[-81.758272,30.770817],[-81.758532,30.771089],[-81.759027,30.771607],[-81.759331,30.772043],[-81.759537,30.772369],[-81.759796,30.772945],[-81.760322,30.774474],[-81.760381,30.774687],[-81.760528,30.774931],[-81.760564,30.77499],[-81.760606,30.775032],[-81.760742,30.775168],[-81.760876,30.775306],[-81.760914,30.775344],[-81.761235,30.775531],[-81.761723,30.775704],[-81.762025,30.775744],[-81.762257,30.775774],[-81.763148,30.775938],[-81.763218,30.775951],[-81.7634,30.775955],[-81.763684,30.775961],[-81.764119,30.7759],[-81.765362,30.776107],[-81.765574,30.776151],[-81.76584,30.776205],[-81.766107,30.77626],[-81.766139,30.776266],[-81.766872,30.776453],[-81.767612,30.776675],[-81.767863,30.776761],[-81.768543,30.776993],[-81.76935,30.777108],[-81.76964,30.777122],[-81.769719,30.777114],[-81.769876,30.777099],[-81.770059,30.777075],[-81.770435,30.776968],[-81.770709,30.776826],[-81.771144,30.776507],[-81.771305,30.77633],[-81.771312,30.776322],[-81.771359,30.776208],[-81.771374,30.776168],[-81.771374,30.77603],[-81.771364,30.776004],[-81.77126,30.775729],[-81.770915,30.775198],[-81.770411,30.774512],[-81.77036,30.774411],[-81.770205,30.774111],[-81.77019,30.774002],[-81.770206,30.773878],[-81.770267,30.773676],[-81.770359,30.773488],[-81.770691,30.773068],[-81.770758,30.772984],[-81.770927,30.772861],[-81.771363,30.772699],[-81.771473,30.772634],[-81.771613,30.772546],[-81.771739,30.772439],[-81.771868,30.772322],[-81.772052,30.772059],[-81.77225,30.771559],[-81.772471,30.771246],[-81.7725,30.77072],[-81.772509,30.770573],[-81.772433,30.769861],[-81.772494,30.769581],[-81.772681,30.769281],[-81.772746,30.769181],[-81.773104,30.768761],[-81.77319,30.768643],[-81.773432,30.768311],[-81.773562,30.768013],[-81.773593,30.767714],[-81.773486,30.767002],[-81.77343,30.766845],[-81.773382,30.766758],[-81.773356,30.766709],[-81.773316,30.766669],[-81.773219,30.766571],[-81.772448,30.766022],[-81.77226,30.765857],[-81.772094,30.765746],[-81.77203,30.765703],[-81.771806,30.765473],[-81.771668,30.765332],[-81.771611,30.765273],[-81.771572,30.765164],[-81.771441,30.764969],[-81.771373,30.764817],[-81.771371,30.764804],[-81.77135,30.764654],[-81.77138,30.764479],[-81.771456,30.764311],[-81.771571,30.764149],[-81.771746,30.763972],[-81.771952,30.763817],[-81.77197,30.763807],[-81.772166,30.763703],[-81.772348,30.763642],[-81.773951,30.763293],[-81.776216,30.762728],[-81.776377,30.762688],[-81.776538,30.762649],[-81.776669,30.762615],[-81.7774,30.762432],[-81.78026,30.76169],[-81.780574,30.761576],[-81.78142,30.761402],[-81.782153,30.761347],[-81.782313,30.761353],[-81.782481,30.761389],[-81.782633,30.76146],[-81.782839,30.761597],[-81.783015,30.761715],[-81.783213,30.761891],[-81.783343,30.76206],[-81.783457,30.762261],[-81.783526,30.762471],[-81.783572,30.762699],[-81.783557,30.76298],[-81.783473,30.763314],[-81.783198,30.763857],[-81.782908,30.76422],[-81.782794,30.764412],[-81.782687,30.764687],[-81.782641,30.76496],[-81.782572,30.76516],[-81.78255,30.765736],[-81.782588,30.766079],[-81.782664,30.766373],[-81.782763,30.766619],[-81.782901,30.766869],[-81.783221,30.767262],[-81.783672,30.767621],[-81.78403,30.767906],[-81.785731,30.768904],[-81.785952,30.768997],[-81.786189,30.769141],[-81.786486,30.769427],[-81.786647,30.76964],[-81.7867,30.769808],[-81.786715,30.770012],[-81.786654,30.770197],[-81.786514,30.770394],[-81.786479,30.770443],[-81.786338,30.770579],[-81.78625,30.770666],[-81.786059,30.770792],[-81.785701,30.770968],[-81.785686,30.770974],[-81.785452,30.771077],[-81.784449,30.771517],[-81.784167,30.771693],[-81.783976,30.771858],[-81.783839,30.77203],[-81.783747,30.772206],[-81.783738,30.772235],[-81.78373,30.772268],[-81.783716,30.772332],[-81.783695,30.772395],[-81.783663,30.77261],[-81.783679,30.772885],[-81.783717,30.773142],[-81.783793,30.773339],[-81.7839,30.773537],[-81.784075,30.773751],[-81.784135,30.773809],[-81.78436,30.774024],[-81.785037,30.77467],[-81.785754,30.775803],[-81.78628,30.776566],[-81.786555,30.776907],[-81.78683,30.777207],[-81.787054,30.777426],[-81.787794,30.77815],[-81.787968,30.77832],[-81.788089,30.778437],[-81.788435,30.778826],[-81.788489,30.778886],[-81.788543,30.778947],[-81.7886,30.779011],[-81.788657,30.779075],[-81.788781,30.779214],[-81.788904,30.779352],[-81.788958,30.779413],[-81.789004,30.779489],[-81.78921,30.779824],[-81.789329,30.779988],[-81.789398,30.780088],[-81.789466,30.780186],[-81.790927,30.782248],[-81.791354,30.78281],[-81.791606,30.783325],[-81.791796,30.783638],[-81.792094,30.784128],[-81.792346,30.784666],[-81.792438,30.784913],[-81.792567,30.785258],[-81.792586,30.785483],[-81.79262,30.785857],[-81.792582,30.786337],[-81.79262,30.786783],[-81.792773,30.78707],[-81.792865,30.787163],[-81.792887,30.787173],[-81.792932,30.787193],[-81.793078,30.787257],[-81.793391,30.787312],[-81.79346,30.787311],[-81.793534,30.787309],[-81.793673,30.787306],[-81.793757,30.787288],[-81.793831,30.787274],[-81.793971,30.787245],[-81.79442,30.78701],[-81.794711,30.786858],[-81.795031,30.786658],[-81.795573,30.786371],[-81.795939,30.786152],[-81.796106,30.786034],[-81.796275,30.785916],[-81.796611,30.785626],[-81.79687,30.785363],[-81.797129,30.785036],[-81.797251,30.784851],[-81.79729,30.784711],[-81.797419,30.784264],[-81.797435,30.784115],[-81.797396,30.783831],[-81.797251,30.783573],[-81.796753,30.783061],[-81.796633,30.782934],[-81.796246,30.782604],[-81.796206,30.78257],[-81.796038,30.782355],[-81.795977,30.782244],[-81.79597,30.782135],[-81.795993,30.782027],[-81.796054,30.781916],[-81.796098,30.781867],[-81.796229,30.781723],[-81.796481,30.781582],[-81.796855,30.781468],[-81.797134,30.781474],[-81.797175,30.781475],[-81.797276,30.781504],[-81.797473,30.781561],[-81.797679,30.781674],[-81.797755,30.781716],[-81.797767,30.781724],[-81.797805,30.78175],[-81.79785,30.781781],[-81.798068,30.781929],[-81.799273,30.78295],[-81.799884,30.783539],[-81.800456,30.784214],[-81.800799,30.784737],[-81.800869,30.78486],[-81.801292,30.785611],[-81.801371,30.78575],[-81.80165,30.786412],[-81.801688,30.786561],[-81.801707,30.786627],[-81.801776,30.786749],[-81.80189,30.786881],[-81.801982,30.786938],[-81.802401,30.787203],[-81.802867,30.787394],[-81.803324,30.787659],[-81.803647,30.787905],[-81.804446,30.788513],[-81.804881,30.788885],[-81.805058,30.789018],[-81.805118,30.789063],[-81.805377,30.789257],[-81.806086,30.789746],[-81.806428,30.789906],[-81.806605,30.789988],[-81.807452,30.790125],[-81.808963,30.790259],[-81.810496,30.790274],[-81.810961,30.790299],[-81.811343,30.79027],[-81.811702,30.790205],[-81.813151,30.789727],[-81.813472,30.789656],[-81.813792,30.78962],[-81.814685,30.789595],[-81.815189,30.789604],[-81.81557,30.789612],[-81.816488,30.789696],[-81.817175,30.789762],[-81.817219,30.789766],[-81.817325,30.789772],[-81.818858,30.789912],[-81.819216,30.789917],[-81.819491,30.789892],[-81.819751,30.789839],[-81.820048,30.789747],[-81.820386,30.789601],[-81.820521,30.789543],[-81.820964,30.789274],[-81.821187,30.789071],[-81.821347,30.788926],[-81.821643,30.788658],[-81.822215,30.788241],[-81.822589,30.787897],[-81.823322,30.787117],[-81.823497,30.786932],[-81.823626,30.786852],[-81.823705,30.786837],[-81.823802,30.786818],[-81.824023,30.786831],[-81.824176,30.786876],[-81.824229,30.786892],[-81.824477,30.787026],[-81.824626,30.787142],[-81.824832,30.787365],[-81.825102,30.78774],[-81.825488,30.788277],[-81.825572,30.788426],[-81.825701,30.78855],[-81.825885,30.788664],[-81.826002,30.788714],[-81.826121,30.788765],[-81.826464,30.788847],[-81.826655,30.788893],[-81.826854,30.78896],[-81.827616,30.789215],[-81.828051,30.789309],[-81.828401,30.789351],[-81.828494,30.789362],[-81.829524,30.789391],[-81.830012,30.789366],[-81.830767,30.78924],[-81.831782,30.789021],[-81.833143,30.788671],[-81.833757,30.788521],[-81.833796,30.788512],[-81.834097,30.788429],[-81.834803,30.788233],[-81.835162,30.788096],[-81.835383,30.78804],[-81.83562,30.787928],[-81.836032,30.787649],[-81.836198,30.787553],[-81.83636,30.787459],[-81.836711,30.7873],[-81.836775,30.787278],[-81.8371,30.787171],[-81.837254,30.787135],[-81.837499,30.787079],[-81.837622,30.78705],[-81.837858,30.787003],[-81.837942,30.786984],[-81.838122,30.786936],[-81.838169,30.786917],[-81.838182,30.786911],[-81.838404,30.78682],[-81.838624,30.786763],[-81.839246,30.786606],[-81.83948,30.786595],[-81.839848,30.786662],[-81.840421,30.786766],[-81.840969,30.786864],[-81.840982,30.786867],[-81.840994,30.78687],[-81.841067,30.786883],[-81.841349,30.786975],[-81.841586,30.787113],[-81.841773,30.787292],[-81.841867,30.78748],[-81.841883,30.787575],[-81.841777,30.787859],[-81.841624,30.788134],[-81.841403,30.788437],[-81.840068,30.790489],[-81.839808,30.790959],[-81.839771,30.791036],[-81.839694,30.791203],[-81.839656,30.79139],[-81.83961,30.791897],[-81.839656,30.792084],[-81.839839,30.792338],[-81.840029,30.792506],[-81.84014,30.792547],[-81.840274,30.792597],[-81.840413,30.79259],[-81.840586,30.792582],[-81.841188,30.792275],[-81.841265,30.792237],[-81.84143,30.792129],[-81.841761,30.791912],[-81.842273,30.791626],[-81.843058,30.791241],[-81.843304,30.79114],[-81.843821,30.790928],[-81.844714,30.790755],[-81.844966,30.790726],[-81.845136,30.790715],[-81.845462,30.790715],[-81.845641,30.790727],[-81.845874,30.790756],[-81.846225,30.79084],[-81.846545,30.790959],[-81.846753,30.791077],[-81.847155,30.791308],[-81.848117,30.791743],[-81.848567,30.792002],[-81.849205,30.792405],[-81.850467,30.793202],[-81.850596,30.793286],[-81.850744,30.793426],[-81.850843,30.79352],[-81.850942,30.793613],[-81.851954,30.794569],[-81.852359,30.79484],[-81.852565,30.794901],[-81.852694,30.794903],[-81.852765,30.794889],[-81.8529,30.794863],[-81.853297,30.794733],[-81.853511,30.794634],[-81.854281,30.79415],[-81.854449,30.794077],[-81.854632,30.794035],[-81.854823,30.794026],[-81.85488,30.794032],[-81.855128,30.794056],[-81.856105,30.794249],[-81.85646,30.794268],[-81.856669,30.794279],[-81.856936,30.794253],[-81.858454,30.793919],[-81.859011,30.793909],[-81.859118,30.793917],[-81.859261,30.793931],[-81.859403,30.793945],[-81.859584,30.793961],[-81.860003,30.794037],[-81.860276,30.79406],[-81.861448,30.794156],[-81.861964,30.794199],[-81.863414,30.794295],[-81.863742,30.794281],[-81.864009,30.794228],[-81.864245,30.794142],[-81.864524,30.793978],[-81.864581,30.793944],[-81.865229,30.793618],[-81.865799,30.793539],[-81.865969,30.793515],[-81.866435,30.793423],[-81.867217,30.79317],[-81.86749,30.793082],[-81.867763,30.792994],[-81.867953,30.792933],[-81.868266,30.792856],[-81.868373,30.792856],[-81.868518,30.792912],[-81.86893,30.793234],[-81.869693,30.793932],[-81.870158,30.794321],[-81.870303,30.794567],[-81.87041,30.794825],[-81.870532,30.795332],[-81.870532,30.795456],[-81.870501,30.79559],[-81.870326,30.795901],[-81.870188,30.796221],[-81.870192,30.796377],[-81.870204,30.796917],[-81.870215,30.79698],[-81.870265,30.797259],[-81.870356,30.797489],[-81.870501,30.797667],[-81.870723,30.797825],[-81.870855,30.797895],[-81.871142,30.798046],[-81.871375,30.798123],[-81.871592,30.798195],[-81.871897,30.798258],[-81.873202,30.798443],[-81.874496,30.799199],[-81.874554,30.799233],[-81.87575,30.799698],[-81.876193,30.799811],[-81.876674,30.799895],[-81.876712,30.799902],[-81.87723,30.799954],[-81.877531,30.799963],[-81.877742,30.799969],[-81.879192,30.799985],[-81.879299,30.799987],[-81.879434,30.799988],[-81.880137,30.799996],[-81.881129,30.799921],[-81.881495,30.799923],[-81.881861,30.799967],[-81.882212,30.800057],[-81.882518,30.800171],[-81.88267,30.800288],[-81.882743,30.800409],[-81.882813,30.800527],[-81.88283,30.800669],[-81.882846,30.800816],[-81.882823,30.800891],[-81.882495,30.801976],[-81.882426,30.803078],[-81.882212,30.804339],[-81.882144,30.804581],[-81.882144,30.80484],[-81.882228,30.805134],[-81.882431,30.805466],[-81.882468,30.805504],[-81.882687,30.805693],[-81.882906,30.805883],[-81.883441,30.806254],[-81.883868,30.806584],[-81.88412,30.806847],[-81.884348,30.807193],[-81.884364,30.807217],[-81.884532,30.807604],[-81.884722,30.808733],[-81.884761,30.809101],[-81.884745,30.809502],[-81.884657,30.810149],[-81.884654,30.810169],[-81.8846,30.810808],[-81.884661,30.811272],[-81.884705,30.811378],[-81.884722,30.811428],[-81.884822,30.811535],[-81.885157,30.811812],[-81.885264,30.811871],[-81.885379,30.811909],[-81.885875,30.811966],[-81.886393,30.812077],[-81.886645,30.812105],[-81.886783,30.81214],[-81.886935,30.812178],[-81.887385,30.812382],[-81.887767,30.812676],[-81.887858,30.812769],[-81.888159,30.812962],[-81.889102,30.813566],[-81.889239,30.813677],[-81.889437,30.813837],[-81.889735,30.814123],[-81.890147,30.814868],[-81.890261,30.815073],[-81.890274,30.81509],[-81.89033,30.815161],[-81.890387,30.815233],[-81.890799,30.815757],[-81.891213,30.816283],[-81.891322,30.816419],[-81.891372,30.816489],[-81.891437,30.816592],[-81.891498,30.816758],[-81.891511,30.816826],[-81.891525,30.816894],[-81.891534,30.816918],[-81.891523,30.817313],[-81.89152,30.817444],[-81.891475,30.817581],[-81.891374,30.817765],[-81.891192,30.818083],[-81.891047,30.818518],[-81.891063,30.818884],[-81.891101,30.819212],[-81.891459,30.820685],[-81.891436,30.821205],[-81.891332,30.821706],[-81.891055,30.822314],[-81.891024,30.822476],[-81.891032,30.822613],[-81.89107,30.822773],[-81.891154,30.822924],[-81.891825,30.824631],[-81.891978,30.824888],[-81.892146,30.82507],[-81.892167,30.825086],[-81.89255,30.825379],[-81.89266,30.825432],[-81.892756,30.825478],[-81.892909,30.825519],[-81.892985,30.825527],[-81.893176,30.825533],[-81.893367,30.825515],[-81.893456,30.825491],[-81.893768,30.825416],[-81.893975,30.82536],[-81.894209,30.825292],[-81.894735,30.825195],[-81.894854,30.825173],[-81.895205,30.825186],[-81.895541,30.825295],[-81.89558,30.825318],[-81.896224,30.82569],[-81.896868,30.826063],[-81.897197,30.826254],[-81.897815,30.82667],[-81.898158,30.82693],[-81.898358,30.827088],[-81.898579,30.827274],[-81.899187,30.827803],[-81.899577,30.828144],[-81.899801,30.828405],[-81.900058,30.828705],[-81.900508,30.829293],[-81.900683,30.829471],[-81.900897,30.829678],[-81.900976,30.829737],[-81.901065,30.829804],[-81.901248,30.829886],[-81.901446,30.829928],[-81.901652,30.82993],[-81.90182,30.829899],[-81.902034,30.829819],[-81.902392,30.829615],[-81.902562,30.829518],[-81.902745,30.829413],[-81.903342,30.829074],[-81.903682,30.828881],[-81.90381,30.828813],[-81.904172,30.828625],[-81.904277,30.828569],[-81.904592,30.828404],[-81.904698,30.82835],[-81.904717,30.828339],[-81.904776,30.828308],[-81.904796,30.828299],[-81.904826,30.828282],[-81.904872,30.828259],[-81.904863,30.828311],[-81.904858,30.828346],[-81.905051,30.828271],[-81.905222,30.828205],[-81.905532,30.828029],[-81.905609,30.827966],[-81.905988,30.827651],[-81.906313,30.827339],[-81.906575,30.827036],[-81.906631,30.826971],[-81.906972,30.826496],[-81.907079,30.826293],[-81.907218,30.825866],[-81.907273,30.825561],[-81.90727,30.825428],[-81.907265,30.825239],[-81.906978,30.823922],[-81.906877,30.823657],[-81.906721,30.823396],[-81.906668,30.823325],[-81.906528,30.823138],[-81.906326,30.822935],[-81.90597,30.822678],[-81.905284,30.822357],[-81.905162,30.822254],[-81.904925,30.821951],[-81.904727,30.821638],[-81.90446,30.821141],[-81.904238,30.820788],[-81.904224,30.820751],[-81.904094,30.820416],[-81.904078,30.819908],[-81.904132,30.819155],[-81.904153,30.819013],[-81.904216,30.818596],[-81.90433,30.818211],[-81.904536,30.817749],[-81.904826,30.817305],[-81.905078,30.817024],[-81.905268,30.816883],[-81.905413,30.816775],[-81.905543,30.816727],[-81.905688,30.816708],[-81.90581,30.816719],[-81.905963,30.816775],[-81.906077,30.816845],[-81.906359,30.817124],[-81.906449,30.817183],[-81.90671,30.817358],[-81.907054,30.817511],[-81.907305,30.817532],[-81.907557,30.817444],[-81.907748,30.817263],[-81.907829,30.817117],[-81.90784,30.817099],[-81.907879,30.816991],[-81.907958,30.816777],[-81.907988,30.816694],[-81.908061,30.816498],[-81.908213,30.816208],[-81.908366,30.815998],[-81.908572,30.815855],[-81.90887,30.815745],[-81.909114,30.815686],[-81.909556,30.815697],[-81.909854,30.815743],[-81.910159,30.815817],[-81.910441,30.815916],[-81.910919,30.816131],[-81.91202,30.816626],[-81.912318,30.816723],[-81.912623,30.81679],[-81.912959,30.816822],[-81.91408,30.816798],[-81.915007,30.816813],[-81.915789,30.816826],[-81.916419,30.816915],[-81.916438,30.816918],[-81.916781,30.817009],[-81.917315,30.817227],[-81.917357,30.817253],[-81.917393,30.817277],[-81.917826,30.817557],[-81.918071,30.817684],[-81.918353,30.817782],[-81.91865,30.817824],[-81.919116,30.817812],[-81.919436,30.817745],[-81.919927,30.817548],[-81.921059,30.817092],[-81.921313,30.81699],[-81.921497,30.816941],[-81.921801,30.816859],[-81.921939,30.816843],[-81.922282,30.816889],[-81.922557,30.816962],[-81.922831,30.817072],[-81.923228,30.81732],[-81.923389,30.817482],[-81.923548,30.817642],[-81.923678,30.817745],[-81.923869,30.817843],[-81.924098,30.817908],[-81.924746,30.817862],[-81.924909,30.817839],[-81.925578,30.817745],[-81.926478,30.817656],[-81.927574,30.817502],[-81.928118,30.817425],[-81.928439,30.817436],[-81.928724,30.817511],[-81.928744,30.817517],[-81.928851,30.817578],[-81.928927,30.817665],[-81.929034,30.817986],[-81.928973,30.81844],[-81.928958,30.818955],[-81.929118,30.819388],[-81.929332,30.819721],[-81.92953,30.819901],[-81.929835,30.820078],[-81.929854,30.820086],[-81.930095,30.820183],[-81.930134,30.820194],[-81.930621,30.820328],[-81.931559,30.820437],[-81.932811,30.820416],[-81.933097,30.820441],[-81.933368,30.820465],[-81.93378,30.820557],[-81.934459,30.820774],[-81.934825,30.820891],[-81.934993,30.820925],[-81.93513,30.820986],[-81.93526,30.821072],[-81.935382,30.82123],[-81.935443,30.8214],[-81.935442,30.82141],[-81.935435,30.821591],[-81.935344,30.821722],[-81.935267,30.82177],[-81.934901,30.821905],[-81.93438,30.822073],[-81.934008,30.822192],[-81.93378,30.822317],[-81.93365,30.822441],[-81.933574,30.822621],[-81.933512,30.822836],[-81.93349,30.823056],[-81.93352,30.823382],[-81.933589,30.823521],[-81.933688,30.823647],[-81.93381,30.823754],[-81.934138,30.823927],[-81.934497,30.82404],[-81.934825,30.82408],[-81.935305,30.82407],[-81.935588,30.824118],[-81.935954,30.824358],[-81.936068,30.824488],[-81.936183,30.824713],[-81.936229,30.824957],[-81.936213,30.825423],[-81.936152,30.82589],[-81.936119,30.826338],[-81.936119,30.826612],[-81.936119,30.826782],[-81.93614,30.827213],[-81.936194,30.827561],[-81.936297,30.827772],[-81.936474,30.82797],[-81.936781,30.828319],[-81.936979,30.828517],[-81.937182,30.828869],[-81.93769,30.829152],[-81.938051,30.82935],[-81.938386,30.829596],[-81.938837,30.829855],[-81.939213,30.829787],[-81.939242,30.829712],[-81.939227,30.829561],[-81.939181,30.829432],[-81.938548,30.828476],[-81.938456,30.828244],[-81.938426,30.828013],[-81.938449,30.827793],[-81.938525,30.827629],[-81.938662,30.827475],[-81.938794,30.827369],[-81.938853,30.827322],[-81.939082,30.827217],[-81.939326,30.827158],[-81.939578,30.827153],[-81.939946,30.82723],[-81.940339,30.827411],[-81.940776,30.827704],[-81.941186,30.828011],[-81.941459,30.828271],[-81.941821,30.828489],[-81.942196,30.828599],[-81.942558,30.828585],[-81.942818,30.82851],[-81.942859,30.82836],[-81.94287,30.828087],[-81.942698,30.827793],[-81.942263,30.827276],[-81.941859,30.826887],[-81.941668,30.826668],[-81.94147,30.826353],[-81.941424,30.82614],[-81.941455,30.825966],[-81.941539,30.825815],[-81.941668,30.825695],[-81.941723,30.825667],[-81.941829,30.825613],[-81.942027,30.82556],[-81.942317,30.825535],[-81.942576,30.825556],[-81.94282,30.825615],[-81.94296,30.825682],[-81.943141,30.825768],[-81.943698,30.825987],[-81.94411,30.826115],[-81.945292,30.826466],[-81.946183,30.826668],[-81.946467,30.826733],[-81.946626,30.826779],[-81.947009,30.826891],[-81.947772,30.8272],[-81.948069,30.827349],[-81.948397,30.827551],[-81.948672,30.827681],[-81.949092,30.827811],[-81.949504,30.827873],[-81.949641,30.827851],[-81.949809,30.82777],[-81.949878,30.827718],[-81.95144,30.825955],[-81.953525,30.824723],[-81.955245,30.823137],[-81.955708,30.822757],[-81.959407,30.821403],[-81.959781,30.821193],[-81.961529,30.819824],[-81.96295,30.818856],[-81.963931,30.818106],[-81.964221,30.81778],[-81.964488,30.817303],[-81.964511,30.817127],[-81.96448,30.81695],[-81.964416,30.81669],[-81.964204,30.816444],[-81.963876,30.816198],[-81.963474,30.815959],[-81.961685,30.814546],[-81.961222,30.814043],[-81.961322,30.813952],[-81.961482,30.81387],[-81.961726,30.813805],[-81.961834,30.813799],[-81.962291,30.813772],[-81.962786,30.813679],[-81.963115,30.81358],[-81.96358,30.813347],[-81.963771,30.813166],[-81.963885,30.812952],[-81.963908,30.812706],[-81.963847,30.812466],[-81.96371,30.812233],[-81.963648,30.812162],[-81.963465,30.811953],[-81.962253,30.810335],[-81.962222,30.810293],[-81.9621,30.810101],[-81.961955,30.809696],[-81.961863,30.808892],[-81.961947,30.808714],[-81.962046,30.808573],[-81.962199,30.80843],[-81.962374,30.808314],[-81.963071,30.808057],[-81.964099,30.807678],[-81.964373,30.807543],[-81.964504,30.807458],[-81.964618,30.807385],[-81.964869,30.80716],[-81.965007,30.806973],[-81.965045,30.806813],[-81.965037,30.806484],[-81.964854,30.806],[-81.964824,30.80595],[-81.964686,30.80572],[-81.964511,30.805508],[-81.964289,30.805321],[-81.963824,30.804789],[-81.963275,30.804087],[-81.962951,30.803495],[-81.962825,30.803263],[-81.962634,30.802725],[-81.962489,30.802398],[-81.96239,30.802174],[-81.962191,30.801794],[-81.962008,30.801552],[-81.961848,30.801283],[-81.961756,30.80107],[-81.961726,30.800999],[-81.961695,30.800797],[-81.961757,30.80028],[-81.961917,30.799692],[-81.962031,30.799149],[-81.96213,30.797282],[-81.962176,30.796984],[-81.96226,30.796688],[-81.962352,30.796482],[-81.962433,30.796367],[-81.962481,30.796297],[-81.962901,30.795853],[-81.963137,30.79567],[-81.963466,30.795531],[-81.964114,30.795389],[-81.964808,30.795189],[-81.965319,30.795],[-81.965686,30.794762],[-81.966174,30.794295],[-81.966624,30.793921],[-81.967913,30.792693],[-81.96847,30.792162],[-81.969027,30.791283],[-81.969554,30.79027],[-81.969958,30.789082],[-81.970233,30.788021],[-81.970271,30.787828],[-81.970393,30.787205],[-81.970446,30.786574],[-81.97037,30.785875],[-81.970345,30.78565],[-81.970332,30.785528],[-81.970233,30.785069],[-81.970111,30.784651],[-81.970126,30.784363],[-81.970179,30.78422],[-81.970271,30.784128],[-81.970334,30.784099],[-81.97083,30.783862],[-81.971225,30.783675],[-81.971324,30.783568],[-81.971515,30.783253],[-81.971591,30.783028],[-81.971667,30.782393],[-81.971804,30.781496],[-81.97201,30.780789],[-81.972201,30.780358],[-81.972461,30.779932],[-81.972697,30.779639],[-81.972715,30.77962],[-81.973063,30.779259],[-81.973285,30.77896],[-81.973445,30.778834],[-81.973643,30.778725],[-81.973872,30.778668],[-81.974047,30.778656],[-81.974253,30.778687],[-81.97452,30.778687],[-81.975055,30.778628],[-81.975427,30.77852],[-81.975589,30.778473],[-81.975833,30.778372],[-81.976069,30.778229],[-81.976374,30.777972],[-81.976764,30.777468],[-81.977389,30.776848],[-81.977725,30.776642],[-81.978045,30.776558],[-81.978236,30.776552],[-81.978888,30.776588],[-81.979028,30.776614],[-81.981023,30.776982],[-81.981268,30.777098],[-81.983426,30.77813],[-81.985093,30.778903],[-81.986162,30.779541],[-81.986383,30.779651],[-81.986635,30.779732],[-81.987114,30.77984],[-81.987661,30.779905],[-81.987936,30.779977],[-81.988194,30.780075],[-81.988469,30.780211],[-81.988715,30.780369],[-81.988958,30.780554],[-81.989647,30.781169],[-81.991362,30.782567],[-81.991734,30.782742],[-81.992102,30.783002],[-81.992354,30.783249],[-81.992639,30.783648],[-81.993407,30.784549],[-81.993984,30.78513],[-81.99474,30.78589],[-81.994832,30.786032],[-81.994917,30.786167],[-81.995109,30.786416],[-81.995324,30.786634],[-81.995576,30.786845],[-81.995774,30.786923],[-81.995896,30.786928],[-81.99601,30.786906],[-81.996115,30.78685],[-81.996318,30.786666],[-81.996625,30.786459],[-81.996681,30.78642],[-81.996825,30.786362],[-81.996991,30.78633],[-81.997196,30.786336],[-81.997409,30.786397],[-81.997586,30.786509],[-81.997738,30.786667],[-81.99785,30.786858],[-81.997839,30.787032],[-81.997936,30.787329],[-81.998043,30.787543],[-81.998339,30.788014],[-81.998481,30.788143],[-81.998545,30.788203],[-81.998698,30.788275],[-81.998866,30.788317],[-81.999323,30.788343],[-81.999957,30.788413],[-82.000676,30.788605],[-82.000726,30.788637],[-82.000508,30.78857],[-82.000972,30.788824],[-82.001021,30.788907],[-82.001384,30.789521],[-82.001475,30.789614],[-82.001651,30.789673],[-82.001813,30.789657],[-82.001916,30.789655],[-82.002072,30.789678],[-82.002097,30.78969],[-82.002157,30.789718],[-82.002388,30.789804],[-82.0028,30.790444],[-82.003345,30.791293],[-82.003355,30.791333],[-82.003377,30.791413],[-82.003438,30.791539],[-82.003465,30.791565],[-82.00359,30.791681],[-82.003781,30.791774],[-82.003988,30.791811],[-82.004186,30.79179],[-82.004407,30.791712],[-82.004597,30.79158],[-82.004757,30.791395],[-82.004955,30.791005],[-82.004978,30.790825],[-82.005039,30.790686],[-82.005138,30.79056],[-82.005267,30.790462],[-82.005465,30.790378],[-82.005671,30.790355],[-82.005855,30.790392],[-82.006008,30.790491],[-82.006084,30.790594],[-82.006298,30.790763],[-82.006466,30.790942],[-82.006611,30.791141],[-82.006719,30.791354],[-82.006827,30.791728],[-82.006851,30.792213],[-82.006859,30.792373],[-82.006889,30.792463],[-82.007073,30.792703],[-82.007226,30.792843],[-82.007432,30.792965],[-82.007677,30.793043],[-82.007829,30.793065],[-82.007929,30.793052],[-82.008028,30.792991],[-82.008081,30.792907],[-82.008083,30.792885],[-82.008126,30.792412],[-82.008056,30.792059],[-82.008063,30.791689],[-82.008169,30.79126],[-82.008215,30.791157],[-82.008291,30.79107],[-82.008428,30.790994],[-82.008746,30.790904],[-82.008817,30.790884],[-82.008962,30.790888],[-82.009122,30.790941],[-82.009375,30.791106],[-82.009584,30.791196],[-82.009688,30.791242],[-82.009757,30.791299],[-82.009955,30.791386],[-82.010176,30.791395],[-82.010398,30.79132],[-82.01052,30.791198],[-82.010535,30.791104],[-82.010512,30.791024],[-82.010459,30.790959],[-82.01032,30.790889],[-82.010191,30.7907],[-82.010175,30.790644],[-82.010145,30.79054],[-82.010144,30.790389],[-82.010182,30.790242],[-82.010243,30.790131],[-82.010335,30.79004],[-82.010449,30.789985],[-82.010571,30.789959],[-82.011669,30.789566],[-82.012046,30.789464],[-82.012508,30.789339],[-82.013118,30.78923],[-82.01324,30.789207],[-82.01382,30.789155],[-82.014187,30.789216],[-82.014302,30.789287],[-82.014393,30.789401],[-82.014424,30.789506],[-82.014417,30.789604],[-82.014379,30.789709],[-82.01431,30.789796],[-82.014013,30.789982],[-82.013786,30.790101],[-82.013442,30.790281],[-82.01322,30.790438],[-82.013091,30.790558],[-82.012961,30.790777],[-82.012954,30.790861],[-82.012977,30.790937],[-82.013176,30.791098],[-82.013459,30.791216],[-82.015871,30.791597],[-82.01633,30.791586],[-82.016614,30.791514],[-82.016726,30.791485],[-82.017115,30.791294],[-82.017421,30.791077],[-82.017611,30.790842],[-82.017696,30.790636],[-82.017718,30.790583],[-82.017741,30.790213],[-82.017703,30.789858],[-82.017598,30.789594],[-82.017314,30.788874],[-82.016887,30.787955],[-82.016909,30.787876],[-82.016978,30.787804],[-82.017299,30.787682],[-82.017611,30.787636],[-82.017917,30.787649],[-82.018107,30.787709],[-82.018183,30.787748],[-82.018344,30.787833],[-82.018756,30.788008],[-82.019202,30.788146],[-82.019427,30.788216],[-82.02019,30.788349],[-82.020953,30.788384],[-82.021663,30.788309],[-82.021975,30.788239],[-82.022273,30.788142],[-82.022494,30.788033],[-82.022693,30.787895],[-82.022883,30.787712],[-82.023028,30.787531],[-82.02315,30.787298],[-82.023388,30.786728],[-82.023555,30.786326],[-82.023762,30.785269],[-82.023852,30.784806],[-82.02389,30.784411],[-82.023883,30.784039],[-82.023829,30.783644],[-82.02373,30.783282],[-82.023681,30.783169],[-82.023646,30.783088],[-82.023547,30.782933],[-82.023272,30.782699],[-82.02154,30.780616],[-82.021472,30.780444],[-82.021457,30.780086],[-82.021396,30.779693],[-82.021327,30.779424],[-82.021266,30.7793],[-82.021144,30.779189],[-82.020755,30.778947],[-82.020488,30.778829],[-82.020213,30.778756],[-82.01977,30.778709],[-82.019625,30.778659],[-82.019427,30.778506],[-82.019275,30.778297],[-82.019275,30.778135],[-82.019489,30.777797],[-82.019573,30.777694],[-82.019726,30.777581],[-82.019771,30.777509],[-82.019771,30.777387],[-82.019657,30.777208],[-82.019077,30.776855],[-82.018452,30.776565],[-82.017841,30.77621],[-82.01749,30.775945],[-82.017383,30.775806],[-82.017315,30.775666],[-82.017284,30.775491],[-82.0173,30.775312],[-82.017353,30.775182],[-82.017452,30.775077],[-82.017605,30.775003],[-82.017963,30.774949],[-82.018261,30.774863],[-82.018457,30.774775],[-82.018558,30.77473],[-82.018764,30.7746],[-82.01865,30.773603],[-82.018452,30.772765],[-82.018368,30.772617],[-82.018223,30.772462],[-82.018139,30.772372],[-82.017971,30.772266],[-82.017795,30.772214],[-82.017605,30.772224],[-82.017376,30.772319],[-82.017025,30.772535],[-82.016788,30.772641],[-82.016445,30.77272],[-82.016102,30.772739],[-82.01588,30.772702],[-82.01569,30.772607],[-82.015473,30.772395],[-82.015293,30.772182],[-82.015237,30.772093],[-82.015163,30.771977],[-82.015056,30.771746],[-82.014989,30.77151],[-82.014935,30.771129],[-82.014874,30.770892],[-82.014517,30.770105],[-82.01382,30.769038],[-82.012523,30.766959],[-82.012516,30.766849],[-82.01253,30.766756],[-82.012658,30.766598],[-82.012794,30.766535],[-82.013066,30.766481],[-82.013504,30.766327],[-82.013565,30.76628],[-82.01361,30.766246],[-82.0137,30.766119],[-82.013738,30.765973],[-82.013745,30.765769],[-82.013715,30.76558],[-82.013631,30.765389],[-82.01351,30.765196],[-82.013283,30.764974],[-82.012987,30.764817],[-82.012947,30.764808],[-82.012564,30.764714],[-82.011943,30.76463],[-82.011777,30.76458],[-82.011611,30.764498],[-82.011489,30.764397],[-82.01139,30.764257],[-82.011208,30.763723],[-82.011184,30.763424],[-82.011215,30.763127],[-82.011354,30.762687],[-82.011378,30.762606],[-82.011606,30.761884],[-82.011734,30.761713],[-82.011821,30.761652],[-82.011908,30.76159],[-82.012104,30.761517],[-82.012142,30.761513],[-82.012197,30.761508],[-82.012339,30.761487],[-82.0127,30.761524],[-82.013145,30.761698],[-82.013382,30.761694],[-82.013598,30.761598],[-82.013826,30.761432],[-82.01388,30.761324],[-82.013911,30.761271],[-82.013926,30.760908],[-82.014003,30.760683],[-82.014132,30.760477],[-82.014308,30.7603],[-82.014483,30.760184],[-82.014697,30.760094],[-82.01488,30.760054],[-82.015063,30.760048],[-82.015864,30.759888],[-82.016063,30.759823],[-82.016223,30.759739],[-82.016406,30.759571],[-82.01665,30.759115],[-82.016887,30.758789],[-82.017169,30.758492],[-82.017375,30.758341],[-82.017627,30.75823],[-82.017939,30.758173],[-82.018222,30.758162],[-82.018687,30.7582],[-82.01903,30.758204],[-82.019442,30.758171],[-82.019709,30.758114],[-82.020015,30.757979],[-82.020151,30.757859],[-82.020167,30.757845],[-82.020267,30.757661],[-82.020284,30.757429],[-82.020216,30.757246],[-82.02002,30.757089],[-82.019864,30.756996],[-82.019785,30.756949],[-82.019285,30.756707],[-82.019176,30.756674],[-82.018867,30.75658],[-82.017804,30.756173],[-82.017782,30.756164],[-82.017554,30.756041],[-82.017381,30.755863],[-82.01729,30.755674],[-82.017269,30.755444],[-82.017331,30.755239],[-82.017592,30.754997],[-82.017935,30.754826],[-82.0183,30.754736],[-82.018842,30.754601],[-82.019254,30.754537],[-82.019634,30.754507],[-82.019916,30.754551],[-82.020173,30.754663],[-82.020355,30.754789],[-82.020687,30.755146],[-82.020778,30.755199],[-82.020976,30.755259],[-82.021165,30.755261],[-82.021371,30.755199],[-82.021555,30.755072],[-82.021639,30.754951],[-82.021718,30.754671],[-82.021731,30.753805],[-82.021762,30.753713],[-82.021847,30.753632],[-82.02196,30.753589],[-82.022357,30.753541],[-82.023734,30.753513],[-82.024047,30.753452],[-82.024321,30.753347],[-82.024535,30.753226],[-82.024733,30.753075],[-82.025385,30.752415],[-82.026058,30.751848],[-82.026776,30.751334],[-82.027144,30.751134],[-82.027601,30.750972],[-82.027684,30.750941],[-82.027866,30.750913],[-82.028041,30.750918],[-82.028215,30.750957],[-82.028391,30.751027],[-82.028442,30.751055],[-82.028909,30.751315],[-82.029083,30.751377],[-82.029266,30.751393],[-82.029554,30.751361],[-82.029796,30.751306],[-82.030016,30.751223],[-82.030243,30.75108],[-82.03044,30.750919],[-82.030507,30.750858],[-82.030613,30.750678],[-82.030741,30.750554],[-82.030877,30.750465],[-82.031052,30.750393],[-82.031249,30.750352],[-82.031469,30.75035],[-82.031682,30.750394],[-82.031887,30.750482],[-82.032085,30.750616],[-82.032238,30.750782],[-82.032744,30.751609],[-82.032906,30.751987],[-82.033426,30.752816],[-82.033809,30.753366],[-82.034414,30.754122],[-82.034589,30.754295],[-82.034623,30.75432],[-82.034803,30.754455],[-82.035343,30.75474],[-82.035587,30.754801],[-82.035822,30.754819],[-82.036141,30.754781],[-82.03661,30.754587],[-82.036776,30.75444],[-82.036789,30.754414],[-82.037013,30.75396],[-82.037294,30.753516],[-82.038058,30.752308],[-82.038119,30.752129],[-82.038182,30.752021],[-82.038209,30.751976],[-82.03847,30.751528],[-82.038668,30.751093],[-82.038977,30.750291],[-82.039332,30.749369],[-82.039348,30.749314],[-82.039439,30.748997],[-82.039515,30.748537],[-82.039798,30.747303],[-82.039805,30.747126],[-82.039721,30.746355],[-82.039508,30.745133],[-82.039393,30.744831],[-82.038936,30.744108],[-82.038874,30.74391],[-82.038859,30.743704],[-82.038913,30.74346],[-82.039035,30.743223],[-82.039203,30.743059],[-82.039546,30.742855],[-82.039637,30.742745],[-82.039691,30.742602],[-82.039698,30.742478],[-82.03966,30.742316],[-82.039264,30.741446],[-82.039248,30.74127],[-82.039294,30.741095],[-82.039439,30.740866],[-82.039531,30.740776],[-82.039668,30.740708],[-82.039973,30.740666],[-82.04021,30.740576],[-82.040416,30.74041],[-82.040545,30.740206],[-82.040561,30.740042],[-82.040522,30.739895],[-82.040194,30.739472],[-82.040072,30.739207],[-82.040057,30.738961],[-82.040095,30.738837],[-82.040431,30.738142],[-82.040454,30.737978],[-82.040416,30.737818],[-82.040309,30.737652],[-82.040217,30.737509],[-82.040103,30.737412],[-82.039424,30.7372],[-82.039103,30.737044],[-82.038958,30.736939],[-82.038867,30.736809],[-82.038836,30.736689],[-82.038836,30.736496],[-82.038897,30.736159],[-82.038974,30.736025],[-82.039088,30.735928],[-82.039775,30.735647],[-82.039996,30.735512],[-82.040202,30.73534],[-82.040261,30.735258],[-82.040385,30.735085],[-82.040514,30.734765],[-82.040629,30.734476],[-82.040728,30.734337],[-82.040858,30.734217],[-82.041262,30.733975],[-82.04143,30.733897],[-82.041601,30.733858],[-82.042163,30.733731],[-82.042323,30.733677],[-82.042453,30.733595],[-82.042544,30.733488],[-82.042613,30.733361],[-82.042628,30.733238],[-82.042537,30.732775],[-82.042537,30.7325],[-82.042582,30.732283],[-82.042613,30.732134],[-82.042735,30.731884],[-82.042842,30.731777],[-82.042971,30.731707],[-82.043467,30.731638],[-82.043826,30.731503],[-82.044032,30.731346],[-82.044044,30.731325],[-82.044074,30.731269],[-82.044093,30.731169],[-82.044062,30.731077],[-82.043994,30.731018],[-82.043704,30.730933],[-82.042506,30.730873],[-82.042331,30.730845],[-82.042186,30.730791],[-82.042018,30.730688],[-82.041926,30.73058],[-82.041888,30.730469],[-82.041878,30.730326],[-82.041865,30.730135],[-82.041934,30.730015],[-82.042048,30.729943],[-82.042552,30.729876],[-82.042888,30.729792],[-82.043238,30.729645],[-82.043605,30.729428],[-82.043864,30.729225],[-82.044377,30.728739],[-82.044421,30.728697],[-82.044795,30.728487],[-82.045184,30.728335],[-82.045405,30.728155],[-82.045512,30.727959],[-82.04553,30.727887],[-82.045611,30.727558],[-82.045604,30.727259],[-82.045538,30.727116],[-82.045504,30.727042],[-82.045346,30.726801],[-82.045291,30.726717],[-82.045039,30.726437],[-82.044459,30.726158],[-82.04365,30.72563],[-82.043513,30.725592],[-82.043368,30.725588],[-82.041377,30.725323],[-82.041133,30.725251],[-82.040927,30.725153],[-82.040042,30.724591],[-82.039737,30.724203],[-82.039477,30.723673],[-82.03937,30.72358],[-82.038516,30.722643],[-82.038554,30.722554],[-82.038554,30.722451],[-82.038806,30.722147],[-82.038913,30.721947],[-82.038928,30.721855],[-82.038905,30.721693],[-82.038737,30.721443],[-82.038661,30.721228],[-82.038646,30.720982],[-82.038691,30.720751],[-82.03876,30.7206],[-82.038867,30.720446],[-82.039225,30.72012],[-82.039409,30.719912],[-82.039546,30.719677],[-82.039599,30.719507],[-82.039569,30.719305],[-82.039462,30.719155],[-82.039286,30.719073],[-82.039065,30.719073],[-82.038745,30.719153],[-82.038531,30.719147],[-82.037936,30.719197],[-82.037776,30.719181],[-82.037516,30.719071],[-82.037341,30.718954],[-82.037188,30.718781],[-82.03712,30.718626],[-82.03712,30.718544],[-82.037158,30.718457],[-82.03741,30.718186],[-82.037524,30.71814],[-82.037921,30.718048],[-82.038234,30.718012],[-82.038485,30.717934],[-82.038813,30.717741],[-82.038897,30.717657],[-82.038951,30.717556],[-82.038997,30.717285],[-82.038966,30.717095],[-82.038905,30.716982],[-82.038799,30.716832],[-82.038587,30.716531],[-82.038524,30.71644],[-82.038478,30.716309],[-82.038462,30.716189],[-82.038485,30.716053],[-82.038539,30.715924],[-82.038981,30.715294],[-82.039035,30.715136],[-82.039042,30.714958],[-82.039012,30.714836],[-82.038992,30.714802],[-82.0389,30.71464],[-82.038737,30.714423],[-82.038565,30.714247],[-82.038394,30.71411],[-82.038221,30.714011],[-82.037604,30.713809],[-82.037402,30.713705],[-82.03723,30.713588],[-82.037059,30.713429],[-82.03691,30.713239],[-82.036807,30.713039],[-82.036735,30.712803],[-82.036528,30.711162],[-82.036485,30.710444],[-82.036495,30.710145],[-82.036498,30.710136],[-82.036505,30.710098],[-82.036566,30.709782],[-82.036527,30.709045],[-82.036471,30.708605],[-82.036372,30.708126],[-82.036362,30.708077],[-82.03625,30.70739],[-82.036097,30.706763],[-82.03593,30.706211],[-82.035968,30.706078],[-82.036074,30.705963],[-82.036212,30.70592],[-82.03641,30.70592],[-82.036677,30.705889],[-82.036921,30.705813],[-82.037066,30.70571],[-82.03715,30.70558],[-82.037158,30.705418],[-82.036891,30.704623],[-82.036898,30.704527],[-82.036937,30.704453],[-82.037074,30.704363],[-82.037494,30.704342],[-82.037814,30.704226],[-82.038043,30.704054],[-82.038356,30.703657],[-82.038447,30.703455],[-82.038477,30.703286],[-82.038485,30.703238],[-82.038478,30.70306],[-82.038409,30.702814],[-82.038409,30.70269],[-82.038447,30.702559],[-82.038531,30.702441],[-82.038623,30.702368],[-82.03876,30.702332],[-82.03915,30.702335],[-82.039302,30.702336],[-82.039424,30.702364],[-82.039538,30.702359],[-82.039683,30.702301],[-82.039782,30.702198],[-82.039821,30.702109],[-82.039821,30.702025],[-82.039721,30.701853],[-82.03959,30.701757],[-82.039515,30.701702],[-82.039233,30.701624],[-82.039149,30.70158],[-82.03908,30.701494],[-82.039012,30.701308],[-82.039027,30.701185],[-82.03908,30.701088],[-82.039225,30.700989],[-82.039537,30.700712],[-82.039569,30.700684],[-82.039813,30.700535],[-82.040088,30.700419],[-82.040431,30.700316],[-82.040622,30.700306],[-82.040759,30.700337],[-82.040873,30.700384],[-82.041031,30.700492],[-82.041652,30.700913],[-82.041888,30.701021],[-82.042086,30.701065],[-82.042659,30.701062],[-82.042834,30.701008],[-82.042949,30.700892],[-82.042971,30.700745],[-82.04291,30.700531],[-82.042773,30.700331],[-82.042582,30.700192],[-82.042262,30.700058],[-82.041972,30.69998],[-82.041636,30.699936],[-82.041476,30.699873],[-82.041331,30.699755],[-82.041255,30.699648],[-82.041232,30.699541],[-82.041247,30.699391],[-82.041316,30.699223],[-82.041326,30.699211],[-82.04143,30.699091],[-82.041568,30.699],[-82.041789,30.69891],[-82.041903,30.698811],[-82.041972,30.698689],[-82.042012,30.69854],[-82.042064,30.698345],[-82.042186,30.698225],[-82.042292,30.698191],[-82.042453,30.698181],[-82.043017,30.698263],[-82.043256,30.698254],[-82.043475,30.698246],[-82.043658,30.698157],[-82.043811,30.698038],[-82.04394,30.697884],[-82.044024,30.69772],[-82.044055,30.697571],[-82.04404,30.697375],[-82.043925,30.696965],[-82.04378,30.696701],[-82.043596,30.69645],[-82.043483,30.696295],[-82.043216,30.696076],[-82.042933,30.695933],[-82.042743,30.695902],[-82.042605,30.695933],[-82.042529,30.69598],[-82.042308,30.696203],[-82.042033,30.696339],[-82.041865,30.696364],[-82.041751,30.696297],[-82.041682,30.696158],[-82.041652,30.695969],[-82.041667,30.695778],[-82.041735,30.695551],[-82.041735,30.695416],[-82.041507,30.694945],[-82.041415,30.694554],[-82.041423,30.693598],[-82.041491,30.692997],[-82.041476,30.692696],[-82.041377,30.691931],[-82.041217,30.69134],[-82.04124,30.691038],[-82.041308,30.690872],[-82.041461,30.690642],[-82.041636,30.69048],[-82.041835,30.690344],[-82.042033,30.690256],[-82.042247,30.690205],[-82.042796,30.690205],[-82.04291,30.690157],[-82.042987,30.690071],[-82.043017,30.689978],[-82.043002,30.689694],[-82.042956,30.689579],[-82.042926,30.689536],[-82.042788,30.689339],[-82.04275,30.689207],[-82.042743,30.68907],[-82.042773,30.688919],[-82.042872,30.6887],[-82.043002,30.688275],[-82.043132,30.687611],[-82.043094,30.686363],[-82.043109,30.686117],[-82.0432,30.685782],[-82.043353,30.685467],[-82.043422,30.685267],[-82.043544,30.68474],[-82.043544,30.684206],[-82.043597,30.684063],[-82.043689,30.683953],[-82.043956,30.683832],[-82.044307,30.683749],[-82.044978,30.683693],[-82.045702,30.683595],[-82.045794,30.683583],[-82.046344,30.683577],[-82.046786,30.683501],[-82.047114,30.683399],[-82.047618,30.68319],[-82.04787,30.683045],[-82.048076,30.682877],[-82.048434,30.682438],[-82.048495,30.682312],[-82.04848,30.682133],[-82.048385,30.681975],[-82.04832,30.681866],[-82.048144,30.681748],[-82.047931,30.681694],[-82.047595,30.68169],[-82.047145,30.681761],[-82.046923,30.681742],[-82.04671,30.681683],[-82.046683,30.68167],[-82.046527,30.681599],[-82.046389,30.6815],[-82.046306,30.681336],[-82.046298,30.68113],[-82.046435,30.680807],[-82.046563,30.680658],[-82.046687,30.680514],[-82.047305,30.679924],[-82.047549,30.679827],[-82.047641,30.679755],[-82.047694,30.679632],[-82.048047,30.679125],[-82.048068,30.679095],[-82.048304,30.678643],[-82.048402,30.678483],[-82.048571,30.678208],[-82.049082,30.677685],[-82.049861,30.676888],[-82.050097,30.676529],[-82.050258,30.676121],[-82.050334,30.675743],[-82.05032,30.675407],[-82.050296,30.675006],[-82.05022,30.674544],[-82.049969,30.673762],[-82.049898,30.673625],[-82.049796,30.673503],[-82.049705,30.673097],[-82.049585,30.672714],[-82.049275,30.672052],[-82.049218,30.671349],[-82.049134,30.670984],[-82.048887,30.670333],[-82.04843,30.66952],[-82.048282,30.668912],[-82.048092,30.668536],[-82.047812,30.668268],[-82.047325,30.6679],[-82.047231,30.667756],[-82.047228,30.667746],[-82.047157,30.667475],[-82.047048,30.667325],[-82.046699,30.667046],[-82.046491,30.666946],[-82.046298,30.66682],[-82.046128,30.666659],[-82.046003,30.666483],[-82.045993,30.666376],[-82.046037,30.666272],[-82.04633,30.666042],[-82.046596,30.665917],[-82.046877,30.665819],[-82.047258,30.66576],[-82.047592,30.665633],[-82.047848,30.66543],[-82.048027,30.665171],[-82.048062,30.665037],[-82.048068,30.664915],[-82.048063,30.664903],[-82.04802,30.664798],[-82.04792,30.664707],[-82.047327,30.664419],[-82.04718,30.664332],[-82.04704,30.664185],[-82.046938,30.664017],[-82.046886,30.663683],[-82.046905,30.663464],[-82.046983,30.663079],[-82.046977,30.662749],[-82.046942,30.662474],[-82.046924,30.662352],[-82.046466,30.66147],[-82.046418,30.661246],[-82.04641,30.661199],[-82.046417,30.660908],[-82.04644,30.660872],[-82.046474,30.660812],[-82.04656,30.660753],[-82.046875,30.660716],[-82.047303,30.66076],[-82.04747,30.660818],[-82.047613,30.660902],[-82.04774,30.661011],[-82.047933,30.661246],[-82.04802,30.661411],[-82.048016,30.661587],[-82.047869,30.661926],[-82.047781,30.662057],[-82.047763,30.662178],[-82.047783,30.662284],[-82.04787,30.662462],[-82.048018,30.66266],[-82.048234,30.662879],[-82.048347,30.662932],[-82.048454,30.662946],[-82.048577,30.662918],[-82.048686,30.662857],[-82.048939,30.662588],[-82.049399,30.662013],[-82.049505,30.661457],[-82.049493,30.661045],[-82.04945,30.660674],[-82.049353,30.660265],[-82.049313,30.65977],[-82.04933,30.659412],[-82.049386,30.659027],[-82.049376,30.658834],[-82.04932,30.658662],[-82.04916,30.658335],[-82.049041,30.658188],[-82.048831,30.657997],[-82.048736,30.657855],[-82.048651,30.657604],[-82.048658,30.657344],[-82.049058,30.656435],[-82.04911,30.656191],[-82.049115,30.655972],[-82.049026,30.655301],[-82.048962,30.655128],[-82.048794,30.65483],[-82.048601,30.654595],[-82.048424,30.654343],[-82.048205,30.654257],[-82.047953,30.654196],[-82.047681,30.654051],[-82.047413,30.653795],[-82.047361,30.653694],[-82.047313,30.653516],[-82.047224,30.653387],[-82.047081,30.653296],[-82.046777,30.653186],[-82.046571,30.653177],[-82.046183,30.653362],[-82.045759,30.653485],[-82.045385,30.653425],[-82.044982,30.653312],[-82.044747,30.653218],[-82.044536,30.653096],[-82.044348,30.652947],[-82.044095,30.652649],[-82.04406,30.652532],[-82.044072,30.652394],[-82.044145,30.652273],[-82.044308,30.652167],[-82.044515,30.652156],[-82.044628,30.652208],[-82.044695,30.652284],[-82.044861,30.6524],[-82.045117,30.652531],[-82.045467,30.652631],[-82.04572,30.652639],[-82.045936,30.652589],[-82.046077,30.652463],[-82.046127,30.652317],[-82.046079,30.652078],[-82.045969,30.651939],[-82.045909,30.651894],[-82.045176,30.651377],[-82.045104,30.651319],[-82.044909,30.651163],[-82.044604,30.650872],[-82.044456,30.650757],[-82.044307,30.650641],[-82.04391,30.650387],[-82.0433,30.650067],[-82.042094,30.649504],[-82.04188,30.649342],[-82.04172,30.64914],[-82.041644,30.648987],[-82.041591,30.648787],[-82.041522,30.648197],[-82.041369,30.647438],[-82.041118,30.647106],[-82.040889,30.646731],[-82.03905,30.643225],[-82.038928,30.642929],[-82.038859,30.642704],[-82.038615,30.640953],[-82.03863,30.640845],[-82.038684,30.640761],[-82.03876,30.640698],[-82.039325,30.640526],[-82.039592,30.6404],[-82.039821,30.640253],[-82.039954,30.640131],[-82.04008,30.640017],[-82.040179,30.639874],[-82.040248,30.639715],[-82.040268,30.639537],[-82.040322,30.638985],[-82.040263,30.638848],[-82.040145,30.638786],[-82.039996,30.638776],[-82.039672,30.638901],[-82.039473,30.638941],[-82.039214,30.638941],[-82.038964,30.638879],[-82.038822,30.638793],[-82.038771,30.638669],[-82.038817,30.638521],[-82.038944,30.638621],[-82.039085,30.638471],[-82.039248,30.638329],[-82.039323,30.638224],[-82.039346,30.63819],[-82.039423,30.638024],[-82.039461,30.637793],[-82.039415,30.637354],[-82.039439,30.637116],[-82.039302,30.637093],[-82.039303,30.637028],[-82.039396,30.636941],[-82.039495,30.636935],[-82.039859,30.636799],[-82.040169,30.636757],[-82.040338,30.636674],[-82.040446,30.636577],[-82.040536,30.636449],[-82.040543,30.636228],[-82.040493,30.636056],[-82.040397,30.635889],[-82.040261,30.635793],[-82.040105,30.635741],[-82.039875,30.635734],[-82.039658,30.635791],[-82.039505,30.635889],[-82.039307,30.636108],[-82.039123,30.636084],[-82.038957,30.636004],[-82.038842,30.635894],[-82.038766,30.635774],[-82.038743,30.635686],[-82.038738,30.635654],[-82.038743,30.635508],[-82.038839,30.635327],[-82.039078,30.635137],[-82.03921,30.634943],[-82.039328,30.634572],[-82.039307,30.63415],[-82.039208,30.633971],[-82.039019,30.633856],[-82.038878,30.633833],[-82.038445,30.633677],[-82.037751,30.633487],[-82.037538,30.633393],[-82.037311,30.63326],[-82.037236,30.633221],[-82.036928,30.632989],[-82.03651,30.632522],[-82.035964,30.632055],[-82.035823,30.631859],[-82.035759,30.631635],[-82.035808,30.631445],[-82.036134,30.631092],[-82.036649,30.630706],[-82.036775,30.630548],[-82.036847,30.630398],[-82.036897,30.630222],[-82.036857,30.630119],[-82.036733,30.629981],[-82.036566,30.629909],[-82.035929,30.6299],[-82.035575,30.62997],[-82.035234,30.629997],[-82.033969,30.629966],[-82.033726,30.629908],[-82.033482,30.629813],[-82.033352,30.629732],[-82.033244,30.629619],[-82.033174,30.629499],[-82.03314,30.629365],[-82.033171,30.62897],[-82.033263,30.628638],[-82.033431,30.628317],[-82.033602,30.628158],[-82.033938,30.627955],[-82.034344,30.627776],[-82.034636,30.627583],[-82.034716,30.627507],[-82.034858,30.62737],[-82.034924,30.627234],[-82.034952,30.627114],[-82.034962,30.626843],[-82.034906,30.626718],[-82.034829,30.626618],[-82.033972,30.626153],[-82.032919,30.625728],[-82.032094,30.625331],[-82.031921,30.625211],[-82.031741,30.625084],[-82.031687,30.625022],[-82.031644,30.624636],[-82.031666,30.624486],[-82.031421,30.623978],[-82.031016,30.622904],[-82.030963,30.622677],[-82.03094,30.622458],[-82.030978,30.622172],[-82.031062,30.621937],[-82.031161,30.621811],[-82.031451,30.621578],[-82.031634,30.621374],[-82.03181,30.621111],[-82.031916,30.620854],[-82.031947,30.620692],[-82.031947,30.620507],[-82.031756,30.619736],[-82.031649,30.619536],[-82.031489,30.619349],[-82.031337,30.619227],[-82.031095,30.619076],[-82.031016,30.619026],[-82.030825,30.61895],[-82.030753,30.618934],[-82.030627,30.618906],[-82.030421,30.618897],[-82.030024,30.618944],[-82.029841,30.61899],[-82.029787,30.619014],[-82.029673,30.619065],[-82.029521,30.619164],[-82.029414,30.619261],[-82.029322,30.619391],[-82.029254,30.619543],[-82.029223,30.619677],[-82.029223,30.619843],[-82.029269,30.620018],[-82.029582,30.620711],[-82.029956,30.621395],[-82.030009,30.621565],[-82.030024,30.621744],[-82.029986,30.621918],[-82.02991,30.622084],[-82.02978,30.622242],[-82.029628,30.622362],[-82.029467,30.622446],[-82.029292,30.622477],[-82.029124,30.622465],[-82.028552,30.62232],[-82.028407,30.622216],[-82.028262,30.622017],[-82.028201,30.621836],[-82.028239,30.621645],[-82.028682,30.621113],[-82.028758,30.620964],[-82.028766,30.620688],[-82.028689,30.620421],[-82.028613,30.620301],[-82.027942,30.619875],[-82.027865,30.619789],[-82.027812,30.619688],[-82.027789,30.61954],[-82.027827,30.619406],[-82.0283,30.61879],[-82.028338,30.618685],[-82.028331,30.618563],[-82.028048,30.618014],[-82.027842,30.617733],[-82.027629,30.617495],[-82.027491,30.617249],[-82.027331,30.616646],[-82.027247,30.616053],[-82.027179,30.615744],[-82.026873,30.614855],[-82.02653,30.614054],[-82.026355,30.613732],[-82.026286,30.613396],[-82.026301,30.613089],[-82.026439,30.612826],[-82.026645,30.612698],[-82.026881,30.612589],[-82.027125,30.612519],[-82.027789,30.612376],[-82.028453,30.612095],[-82.028727,30.61191],[-82.028857,30.611767],[-82.028888,30.611691],[-82.028857,30.611586],[-82.028659,30.61141],[-82.028415,30.611313],[-82.028132,30.611304],[-82.027812,30.611401],[-82.02756,30.611429],[-82.027293,30.611401],[-82.027057,30.611319],[-82.026985,30.611222],[-82.026904,30.611113],[-82.026812,30.610878],[-82.026751,30.610417],[-82.026736,30.610073],[-82.026782,30.609553],[-82.026759,30.608824],[-82.026904,30.608164],[-82.026995,30.607987],[-82.027194,30.607699],[-82.027278,30.607422],[-82.027308,30.607041],[-82.027301,30.606819],[-82.027232,30.606667],[-82.027118,30.606499],[-82.026889,30.606289],[-82.026846,30.606262],[-82.026714,30.606178],[-82.026482,30.606071],[-82.026208,30.60605],[-82.025954,30.606065],[-82.02566,30.606124],[-82.025364,30.60623],[-82.025241,30.606293],[-82.024845,30.60657],[-82.024466,30.606754],[-82.024204,30.606821],[-82.023866,30.606835],[-82.023658,30.606781],[-82.023373,30.606617],[-82.023282,30.60652],[-82.023213,30.606413],[-82.02321,30.605949],[-82.023136,30.605805],[-82.022998,30.605613],[-82.022567,30.60522],[-82.022081,30.604888],[-82.021369,30.604494],[-82.020397,30.60402],[-82.020318,30.603761],[-82.019003,30.60314],[-82.018584,30.602978],[-82.018151,30.602858],[-82.017726,30.602786],[-82.017133,30.602726],[-82.016864,30.602665],[-82.016497,30.602518],[-82.016193,30.602313],[-82.015965,30.602099],[-82.015816,30.601856],[-82.015758,30.60169],[-82.015608,30.601035],[-82.01554,30.600969],[-82.015176,30.600718],[-82.01509,30.600608],[-82.015078,30.600502],[-82.015177,30.599951],[-82.015162,30.599776],[-82.015121,30.599638],[-82.01481,30.59902],[-82.014236,30.597058],[-82.014239,30.59694],[-82.014278,30.596824],[-82.014443,30.596631],[-82.01449,30.596533],[-82.014501,30.596415],[-82.014452,30.596292],[-82.01436,30.5962],[-82.014248,30.596166],[-82.014159,30.596175],[-82.01375,30.596298],[-82.013461,30.596288],[-82.013216,30.596231],[-82.013059,30.596064],[-82.013237,30.595648],[-82.013167,30.595523],[-82.013158,30.595443],[-82.013195,30.595294],[-82.013332,30.595141],[-82.013385,30.595041],[-82.013391,30.594903],[-82.013351,30.594786],[-82.013194,30.594603],[-82.012824,30.594578],[-82.012607,30.594485],[-82.012341,30.59417],[-82.012222,30.593916],[-82.012171,30.593584],[-82.012215,30.593355],[-82.012291,30.593232],[-82.012397,30.593126],[-82.012841,30.592801],[-82.013062,30.59259],[-82.013091,30.592428],[-82.013059,30.592349],[-82.012996,30.592273],[-82.012648,30.592129],[-82.012577,30.592059],[-82.012546,30.591964],[-82.012509,30.591498],[-82.012528,30.591178],[-82.012638,30.590716],[-82.012789,30.590406],[-82.012796,30.590309],[-82.012763,30.590217],[-82.012685,30.590127],[-82.012577,30.590066],[-82.012283,30.59002],[-82.011582,30.589473],[-82.011364,30.589256],[-82.011206,30.588997],[-82.011205,30.588888],[-82.01128,30.588781],[-82.011457,30.588658],[-82.011717,30.588558],[-82.011833,30.588486],[-82.011946,30.588368],[-82.011999,30.588223],[-82.011963,30.587778],[-82.011949,30.587252],[-82.012015,30.586981],[-82.012204,30.586667],[-82.012209,30.586399],[-82.012161,30.586268],[-82.012066,30.586169],[-82.011849,30.586027],[-82.01171,30.586012],[-82.011625,30.586045],[-82.011541,30.586116],[-82.01142,30.586321],[-82.011377,30.586484],[-82.011328,30.586932],[-82.01136,30.587022],[-82.011292,30.587117],[-82.011076,30.587163],[-82.010875,30.587122],[-82.010774,30.587056],[-82.010478,30.586755],[-82.010212,30.586425],[-82.010225,30.586295],[-82.010169,30.586136],[-82.01016,30.585957],[-82.010211,30.585779],[-82.010309,30.585608],[-82.010409,30.585518],[-82.010822,30.585236],[-82.010913,30.585121],[-82.010972,30.584975],[-82.010986,30.584825],[-82.010926,30.584299],[-82.010757,30.583723],[-82.010497,30.583235],[-82.01034,30.583101],[-82.010125,30.583063],[-82.009647,30.583126],[-82.00947,30.583173],[-82.009246,30.583169],[-82.009091,30.583124],[-82.00896,30.583043],[-82.008881,30.582942],[-82.008834,30.582826],[-82.008816,30.582701],[-82.008838,30.582578],[-82.00899,30.582325],[-82.009035,30.582207],[-82.00904,30.582065],[-82.009008,30.581959],[-82.008913,30.581798],[-82.008648,30.581483],[-82.008575,30.581435],[-82.008494,30.581381],[-82.008258,30.581297],[-82.008151,30.581221],[-82.008082,30.581114],[-82.008059,30.580979],[-82.00809,30.580887],[-82.008159,30.580828],[-82.008616,30.580649],[-82.008975,30.58042],[-82.009021,30.58029],[-82.008998,30.580155],[-82.008914,30.58004],[-82.008776,30.579966],[-82.008342,30.579933],[-82.008036,30.57983],[-82.007891,30.579743],[-82.007464,30.579403],[-82.006984,30.5791],[-82.006923,30.579008],[-82.006884,30.578903],[-82.006823,30.578551],[-82.006831,30.578291],[-82.006778,30.578106],[-82.006732,30.578009],[-82.006335,30.577467],[-82.006167,30.577284],[-82.006183,30.577217],[-82.006129,30.57713],[-82.006114,30.577034],[-82.006137,30.576939],[-82.006251,30.576796],[-82.006335,30.57676],[-82.006503,30.576771],[-82.006831,30.576927],[-82.007006,30.577063],[-82.007031,30.577077],[-82.00722,30.577189],[-82.007594,30.57733],[-82.007724,30.577326],[-82.007853,30.577273],[-82.007943,30.577181],[-82.007953,30.577172],[-82.008029,30.577036],[-82.008036,30.577003],[-82.008058,30.576901],[-82.008035,30.576765],[-82.007884,30.57649],[-82.007731,30.576352],[-82.007548,30.576255],[-82.007304,30.576046],[-82.007175,30.575936],[-82.006859,30.57576],[-82.006825,30.575741],[-82.00652,30.575506],[-82.006399,30.575385],[-82.006216,30.575068],[-82.006186,30.574963],[-82.006201,30.574814],[-82.006292,30.574686],[-82.006429,30.574604],[-82.006589,30.574588],[-82.006619,30.574594],[-82.00729,30.575233],[-82.007396,30.57526],[-82.007436,30.575252],[-82.007655,30.57521],[-82.007762,30.575147],[-82.00783,30.575073],[-82.007883,30.574975],[-82.008081,30.574291],[-82.008096,30.574167],[-82.008058,30.574021],[-82.00799,30.573906],[-82.007685,30.573792],[-82.007251,30.573689],[-82.007069,30.573608],[-82.006893,30.573496],[-82.00674,30.573372],[-82.00665,30.573261],[-82.006535,30.572947],[-82.006543,30.57285],[-82.006581,30.572749],[-82.006748,30.572529],[-82.006878,30.572412],[-82.007015,30.572344],[-82.007182,30.5723],[-82.007376,30.572286],[-82.007799,30.572256],[-82.007883,30.572229],[-82.008066,30.572099],[-82.008149,30.571904],[-82.008123,30.571264],[-82.008111,30.570948],[-82.008149,30.570444],[-82.008233,30.569924],[-82.008233,30.569718],[-82.008141,30.569372],[-82.008057,30.569256],[-82.007798,30.569057],[-82.007417,30.568835],[-82.007311,30.568738],[-82.007235,30.568562],[-82.007257,30.568371],[-82.007364,30.568175],[-82.007517,30.568048],[-82.007623,30.567865],[-82.007616,30.567771],[-82.007478,30.56756],[-82.00741,30.567503],[-82.007303,30.567476],[-82.007204,30.567496],[-82.006686,30.567368],[-82.006466,30.567191],[-82.006267,30.566759],[-82.006136,30.566398],[-82.006066,30.566404],[-82.006024,30.566288],[-82.005923,30.566],[-82.005813,30.565364],[-82.005824,30.565139],[-82.005888,30.564925],[-82.006047,30.564698],[-82.006181,30.564576],[-82.006363,30.564483],[-82.006542,30.564446],[-82.007202,30.564448],[-82.007559,30.564449],[-82.008003,30.564366],[-82.008174,30.564331],[-82.008311,30.564263],[-82.008319,30.564254],[-82.008387,30.564177],[-82.008426,30.564072],[-82.00841,30.563664],[-82.008311,30.563545],[-82.007968,30.563389],[-82.007617,30.563315],[-82.007426,30.563319],[-82.007289,30.563347],[-82.007159,30.563404],[-82.007052,30.56349],[-82.006633,30.56365],[-82.006358,30.563835],[-82.005984,30.564017],[-82.005847,30.564015],[-82.005534,30.563887],[-82.005458,30.563816],[-82.005404,30.563704],[-82.005404,30.56358],[-82.005442,30.563475],[-82.005526,30.563378],[-82.005694,30.563298],[-82.006251,30.563206],[-82.006411,30.563113],[-82.006511,30.56299],[-82.006556,30.562874],[-82.006556,30.562765],[-82.006488,30.562401],[-82.006396,30.562153],[-82.006388,30.562056],[-82.006442,30.561945],[-82.006533,30.561877],[-82.007838,30.560395],[-82.008036,30.560259],[-82.008281,30.560192],[-82.008502,30.560194],[-82.008776,30.56028],[-82.00896,30.560456],[-82.008969,30.560463],[-82.009219,30.56058],[-82.009265,30.560635],[-82.009517,30.561163],[-82.0096,30.561262],[-82.009715,30.561339],[-82.009921,30.561398],[-82.010218,30.561398],[-82.010402,30.561251],[-82.010485,30.561087],[-82.010714,30.560742],[-82.010844,30.560448],[-82.010897,30.560274],[-82.010882,30.56008],[-82.010905,30.559922],[-82.010852,30.559822],[-82.010768,30.559761],[-82.010379,30.559716],[-82.010104,30.559647],[-82.009845,30.559523],[-82.009723,30.559397],[-82.009669,30.559227],[-82.009675,30.559199],[-82.009707,30.55905],[-82.009791,30.558893],[-82.009967,30.558756],[-82.010096,30.558596],[-82.010173,30.558417],[-82.010196,30.558255],[-82.010157,30.558079],[-82.010028,30.557879],[-82.009959,30.557846],[-82.009692,30.557802],[-82.009532,30.557818],[-82.009402,30.557869],[-82.009051,30.558155],[-82.008883,30.558234],[-82.008746,30.558249],[-82.008624,30.558232],[-82.008525,30.55818],[-82.008471,30.5581],[-82.008448,30.557917],[-82.008502,30.557745],[-82.009234,30.557017],[-82.009356,30.55687],[-82.009532,30.556534],[-82.0096,30.556212],[-82.009578,30.556063],[-82.009463,30.555722],[-82.009242,30.555325],[-82.009044,30.555111],[-82.008746,30.554976],[-82.008555,30.554848],[-82.008433,30.554722],[-82.008403,30.554617],[-82.008426,30.554535],[-82.008479,30.554453],[-82.008685,30.554285],[-82.009013,30.554165],[-82.009478,30.554043],[-82.0096,30.553969],[-82.009753,30.553801],[-82.00986,30.553767],[-82.01076,30.553734],[-82.010882,30.553709],[-82.010989,30.553656],[-82.011081,30.553576],[-82.011142,30.553479],[-82.011164,30.553374],[-82.011126,30.552981],[-82.010981,30.552653],[-82.010699,30.552344],[-82.010348,30.552101],[-82.010081,30.551867],[-82.009875,30.551623],[-82.009692,30.551342],[-82.009669,30.551096],[-82.009681,30.551021],[-82.009707,30.550852],[-82.009807,30.550637],[-82.009953,30.55044],[-82.010153,30.550258],[-82.010313,30.550168],[-82.010511,30.550116],[-82.010734,30.550115],[-82.011,30.550202],[-82.011145,30.55031],[-82.011754,30.550657],[-82.011884,30.5507],[-82.012044,30.550712],[-82.012196,30.550688],[-82.012594,30.550552],[-82.012794,30.550436],[-82.012897,30.550342],[-82.012954,30.55029],[-82.013169,30.549952],[-82.013238,30.549786],[-82.013262,30.549637],[-82.01326,30.549611],[-82.01324,30.549388],[-82.013111,30.549001],[-82.013051,30.5487],[-82.013046,30.548399],[-82.01307,30.548029],[-82.013162,30.54789],[-82.013522,30.547651],[-82.013774,30.547386],[-82.013836,30.547294],[-82.014028,30.546842],[-82.014075,30.546597],[-82.013861,30.544871],[-82.013908,30.544627],[-82.013984,30.544458],[-82.014045,30.544313],[-82.014088,30.544212],[-82.014101,30.544088],[-82.0137,30.543231],[-82.01343,30.542626],[-82.013415,30.54245],[-82.013461,30.542334],[-82.013537,30.542252],[-82.013972,30.541981],[-82.014315,30.541659],[-82.014354,30.541584],[-82.014354,30.541493],[-82.014552,30.541001],[-82.014758,30.540331],[-82.014903,30.540087],[-82.015033,30.53995],[-82.015193,30.539843],[-82.015651,30.539677],[-82.01573,30.53958],[-82.015757,30.539545],[-82.015773,30.53945],[-82.015742,30.539231],[-82.015765,30.539053],[-82.015826,30.538883],[-82.015956,30.538643],[-82.016002,30.53847],[-82.015956,30.538046],[-82.015994,30.537771],[-82.016009,30.53771],[-82.01636,30.537424],[-82.016475,30.537215],[-82.016452,30.537051],[-82.016322,30.536902],[-82.016269,30.536803],[-82.016253,30.536707],[-82.016261,30.536614],[-82.016948,30.535832],[-82.017382,30.535389],[-82.017436,30.535277],[-82.017436,30.535141],[-82.017367,30.535021],[-82.017009,30.534966],[-82.016658,30.534857],[-82.016612,30.534806],[-82.016612,30.534739],[-82.016795,30.534579],[-82.017093,30.534441],[-82.017222,30.534334],[-82.017314,30.534178],[-82.017405,30.533823],[-82.017672,30.533482],[-82.017756,30.533423],[-82.017848,30.5334],[-82.017936,30.533406],[-82.018336,30.533432],[-82.018748,30.533375],[-82.018855,30.53332],[-82.018931,30.533251],[-82.019015,30.533125],[-82.019053,30.533018],[-82.019053,30.532894],[-82.019023,30.532774],[-82.018954,30.532681],[-82.018863,30.532629],[-82.018581,30.532629],[-82.018436,30.532652],[-82.018008,30.532721],[-82.017779,30.532666],[-82.017649,30.532553],[-82.017604,30.532326],[-82.017649,30.532181],[-82.017802,30.532061],[-82.018077,30.531766],[-82.018397,30.531424],[-82.018374,30.531275],[-82.018275,30.531143],[-82.018084,30.531029],[-82.017878,30.530957],[-82.017588,30.530928],[-82.017474,30.530886],[-82.017367,30.530766],[-82.017352,30.530634],[-82.017505,30.530224],[-82.017566,30.529928],[-82.017718,30.529656],[-82.01784,30.529515],[-82.017993,30.529393],[-82.018191,30.52928],[-82.018435,30.529192],[-82.018534,30.529087],[-82.018557,30.528998],[-82.018306,30.528527],[-82.018145,30.528439],[-82.018,30.528431],[-82.01768,30.528361],[-82.017375,30.528332],[-82.017093,30.52834],[-82.016841,30.52837],[-82.016658,30.528418],[-82.016475,30.528494],[-82.016299,30.528603],[-82.016139,30.528662],[-82.015811,30.528708],[-82.015673,30.528694],[-82.015582,30.528666],[-82.01549,30.528593],[-82.015437,30.528507],[-82.015437,30.528376],[-82.015467,30.528258],[-82.015529,30.528162],[-82.01562,30.528071],[-82.015925,30.52738],[-82.01607,30.527201],[-82.016215,30.52706],[-82.016444,30.526905],[-82.016543,30.526871],[-82.016673,30.526881],[-82.016787,30.526951],[-82.01707,30.527222],[-82.017146,30.52739],[-82.01726,30.527537],[-82.017398,30.527647],[-82.01755,30.527722],[-82.017787,30.527796],[-82.017978,30.527777],[-82.018,30.527761],[-82.018091,30.527696],[-82.01813,30.527668],[-82.018184,30.527516],[-82.018199,30.527296],[-82.018168,30.527052],[-82.017945,30.526342],[-82.017764,30.525765],[-82.017741,30.525559],[-82.017787,30.525412],[-82.017924,30.525154],[-82.018255,30.524743],[-82.018309,30.524677],[-82.018321,30.524662],[-82.018481,30.524397],[-82.018543,30.524238],[-82.018603,30.524084],[-82.018641,30.523936],[-82.018634,30.52384],[-82.018557,30.523691],[-82.018443,30.523598],[-82.018222,30.523539],[-82.018077,30.523535],[-82.017955,30.523571],[-82.01784,30.523644],[-82.017772,30.523737],[-82.017726,30.523867],[-82.017627,30.52397],[-82.017482,30.524025],[-82.017337,30.524023],[-82.017222,30.523957],[-82.017138,30.523812],[-82.0171,30.523649],[-82.017123,30.523274],[-82.017054,30.523079],[-82.01636,30.52215],[-82.016299,30.52191],[-82.01633,30.521693],[-82.016383,30.521607],[-82.016452,30.521536],[-82.016544,30.521481],[-82.016563,30.52147],[-82.017098,30.521154],[-82.017733,30.520777],[-82.017947,30.520617],[-82.018161,30.520415],[-82.018359,30.520163],[-82.018519,30.519875],[-82.018588,30.519495],[-82.018565,30.519236],[-82.018168,30.518711],[-82.018023,30.518654],[-82.017855,30.518673],[-82.017538,30.518837],[-82.017512,30.518851],[-82.016948,30.519333],[-82.016711,30.519573],[-82.016406,30.520052],[-82.016322,30.520149],[-82.016169,30.520226],[-82.015879,30.520279],[-82.015681,30.520239],[-82.015544,30.520104],[-82.01546,30.51977],[-82.015422,30.519373],[-82.015452,30.518879],[-82.015521,30.518685],[-82.015635,30.518513],[-82.015719,30.51829],[-82.015796,30.517939],[-82.015811,30.517706],[-82.015406,30.516464],[-82.015315,30.516262],[-82.015315,30.515768],[-82.015246,30.515316],[-82.015216,30.514839],[-82.015139,30.514391],[-82.015025,30.513979],[-82.01501,30.513706],[-82.014758,30.513258],[-82.014613,30.512785],[-82.014567,30.512318],[-82.014666,30.511187],[-82.015475,30.508374],[-82.015521,30.508116],[-82.01559,30.50795],[-82.01575,30.507723],[-82.015918,30.507595],[-82.016139,30.507509],[-82.016421,30.507508],[-82.016696,30.507433],[-82.016917,30.507305],[-82.017024,30.507138],[-82.017022,30.507039],[-82.01702,30.506752],[-82.017006,30.50667],[-82.016939,30.506545],[-82.016798,30.506389],[-82.016714,30.506298],[-82.016595,30.506105],[-82.016515,30.505883],[-82.016475,30.505584],[-82.016488,30.505488],[-82.016508,30.505354],[-82.016777,30.50476],[-82.016825,30.504532],[-82.016886,30.50418],[-82.016909,30.504052],[-82.016876,30.503724],[-82.016896,30.503408],[-82.017004,30.502815],[-82.017085,30.502136],[-82.01709,30.502082],[-82.017039,30.501891],[-82.017034,30.501872],[-82.016949,30.50177],[-82.016793,30.501643],[-82.015505,30.50059],[-82.015288,30.50029],[-82.015169,30.499991],[-82.015153,30.499898],[-82.015175,30.499804],[-82.015235,30.499721],[-82.015303,30.499667],[-82.015546,30.499549],[-82.015629,30.499463],[-82.015673,30.49936],[-82.01568,30.499278],[-82.015656,30.499215],[-82.015394,30.498936],[-82.015361,30.498845],[-82.01536,30.498721],[-82.015382,30.498631],[-82.015487,30.498492],[-82.015554,30.498338],[-82.01559,30.498161],[-82.015572,30.497976],[-82.015699,30.497726],[-82.015745,30.497545],[-82.015771,30.49744],[-82.016072,30.496995],[-82.0161,30.496844],[-82.016075,30.496669],[-82.016105,30.49659],[-82.016188,30.496507],[-82.016285,30.496455],[-82.016659,30.496253],[-82.016986,30.496149],[-82.017165,30.496123],[-82.017352,30.496097],[-82.017551,30.496009],[-82.017658,30.495924],[-82.017757,30.495798],[-82.017727,30.495679],[-82.017649,30.495572],[-82.017497,30.495479],[-82.017259,30.495433],[-82.016088,30.495446],[-82.015936,30.495403],[-82.015893,30.495369],[-82.015767,30.495267],[-82.015689,30.495045],[-82.01572,30.494828],[-82.015773,30.494762],[-82.01627,30.494524],[-82.016538,30.494353],[-82.016913,30.49404],[-82.017195,30.493763],[-82.01741,30.493502],[-82.017601,30.493223],[-82.017639,30.49313],[-82.017654,30.492955],[-82.017769,30.492857],[-82.017845,30.492723],[-82.017982,30.492357],[-82.018009,30.492162],[-82.01802,30.492081],[-82.018004,30.492003],[-82.017958,30.491948],[-82.01766,30.491881],[-82.017384,30.491778],[-82.017141,30.491642],[-82.017131,30.491637],[-82.017063,30.491532],[-82.017046,30.491298],[-82.0171,30.491113],[-82.017184,30.490982],[-82.017277,30.490903],[-82.017444,30.490756],[-82.017612,30.490538],[-82.017734,30.49027],[-82.01778,30.49004],[-82.017748,30.489766],[-82.017626,30.489545],[-82.017419,30.489375],[-82.017166,30.489293],[-82.016876,30.489236],[-82.016638,30.489101],[-82.016469,30.488897],[-82.016408,30.488676],[-82.016431,30.488511],[-82.016686,30.488253],[-82.016721,30.488218],[-82.016957,30.487924],[-82.017164,30.487595],[-82.017256,30.487348],[-82.017286,30.487118],[-82.017254,30.486522],[-82.017146,30.485589],[-82.017054,30.485428],[-82.016901,30.485307],[-82.016778,30.485254],[-82.016204,30.485112],[-82.01605,30.485037],[-82.015921,30.48494],[-82.015752,30.484762],[-82.015677,30.484645],[-82.015637,30.484582],[-82.01556,30.484387],[-82.015538,30.484222],[-82.015529,30.484156],[-82.015551,30.483964],[-82.015651,30.483823],[-82.015843,30.483753],[-82.016043,30.483751],[-82.01618,30.483789],[-82.016302,30.483866],[-82.016969,30.484409],[-82.017206,30.484478],[-82.017375,30.484436],[-82.017604,30.48419],[-82.017663,30.484127],[-82.017828,30.483873],[-82.01796,30.483671],[-82.018131,30.483493],[-82.018325,30.483373],[-82.018724,30.483212],[-82.018771,30.483192],[-82.018868,30.483185],[-82.019069,30.483171],[-82.019175,30.483087],[-82.019221,30.482985],[-82.019213,30.482836],[-82.019113,30.482687],[-82.018945,30.482585],[-82.018707,30.482527],[-82.018639,30.482511],[-82.018418,30.482404],[-82.018234,30.482237],[-82.018104,30.482012],[-82.017989,30.481414],[-82.017828,30.480827],[-82.017642,30.480294],[-82.017452,30.479947],[-82.017436,30.479881],[-82.017497,30.479665],[-82.017558,30.4796],[-82.017634,30.479557],[-82.01784,30.479553],[-82.01797,30.479607],[-82.018283,30.479737],[-82.018512,30.479779],[-82.018902,30.47979],[-82.01907,30.479754],[-82.019215,30.47967],[-82.019307,30.479558],[-82.019382,30.479363],[-82.01939,30.479157],[-82.019351,30.478982],[-82.019083,30.478625],[-82.018701,30.478293],[-82.017945,30.477939],[-82.017829,30.477842],[-82.017791,30.47775],[-82.017776,30.477656],[-82.017795,30.477485],[-82.017805,30.47739],[-82.017882,30.477154],[-82.017866,30.477045],[-82.017384,30.476395],[-82.017116,30.476074],[-82.017009,30.475948],[-82.01691,30.475764],[-82.016863,30.475519],[-82.016909,30.475117],[-82.017115,30.474875],[-82.017457,30.47457],[-82.017617,30.474386],[-82.017808,30.474052],[-82.017853,30.473788],[-82.017929,30.473563],[-82.018111,30.473259],[-82.018515,30.472934],[-82.018996,30.4728],[-82.019032,30.472781],[-82.019149,30.472723],[-82.019286,30.472616],[-82.020292,30.471367],[-82.02081,30.470568],[-82.0211,30.470257],[-82.021183,30.470096],[-82.021221,30.469926],[-82.021381,30.469686],[-82.022554,30.468038],[-82.02289,30.467705],[-82.023256,30.467516],[-82.023513,30.467292],[-82.02352,30.467285],[-82.023598,30.467218],[-82.023678,30.467012],[-82.023789,30.466723],[-82.023929,30.466088],[-82.024001,30.465764],[-82.024145,30.465317],[-82.024206,30.464895],[-82.024203,30.464869],[-82.024167,30.464485],[-82.024059,30.464068],[-82.02399,30.463929],[-82.023883,30.463795],[-82.023455,30.463446],[-82.023301,30.46319],[-82.023248,30.463032],[-82.023262,30.462801],[-82.023239,30.46261],[-82.023109,30.462303],[-82.022971,30.462137],[-82.022351,30.461567],[-82.022299,30.461484],[-82.022275,30.461388],[-82.022328,30.461233],[-82.022489,30.461124],[-82.022634,30.461105],[-82.022832,30.461144],[-82.023023,30.461141],[-82.023221,30.461092],[-82.023389,30.461004],[-82.023488,30.460714],[-82.023441,30.460569],[-82.023274,30.460325],[-82.023266,30.460216],[-82.023289,30.460108],[-82.023314,30.460073],[-82.023365,30.460003],[-82.023465,30.459943],[-82.023631,30.459941],[-82.023878,30.459938],[-82.024138,30.459891],[-82.024437,30.459783],[-82.02456,30.459702],[-82.024645,30.459603],[-82.024692,30.459466],[-82.024618,30.459244],[-82.024665,30.459],[-82.024836,30.458698],[-82.025314,30.458201],[-82.025392,30.458082],[-82.025432,30.45788],[-82.025365,30.457612],[-82.025375,30.457447],[-82.025437,30.457291],[-82.025561,30.45714],[-82.02576,30.456984],[-82.025983,30.456876],[-82.026267,30.456794],[-82.026345,30.456788],[-82.026549,30.456772],[-82.026588,30.456734],[-82.026581,30.456686],[-82.026811,30.456566],[-82.027032,30.456501],[-82.027049,30.456496],[-82.027331,30.456452],[-82.027476,30.456396],[-82.027842,30.456105],[-82.028018,30.455925],[-82.028133,30.455757],[-82.028148,30.455736],[-82.028323,30.455397],[-82.028392,30.4552],[-82.028384,30.45505],[-82.028354,30.454901],[-82.028178,30.454594],[-82.028041,30.45446],[-82.027873,30.454359],[-82.027522,30.454214],[-82.027407,30.454205],[-82.027146,30.454073],[-82.027026,30.454012],[-82.02695,30.453947],[-82.026889,30.45385],[-82.026873,30.453728],[-82.026904,30.453608],[-82.026984,30.453512],[-82.027171,30.453287],[-82.027285,30.453003],[-82.027293,30.452795],[-82.027209,30.452589],[-82.027186,30.452458],[-82.027171,30.45237],[-82.027179,30.452193],[-82.027217,30.452017],[-82.027278,30.451933],[-82.027362,30.451882],[-82.027499,30.451855],[-82.027644,30.45187],[-82.027804,30.451956],[-82.028018,30.452259],[-82.028277,30.452456],[-82.02843,30.452524],[-82.028552,30.452549],[-82.028682,30.452542],[-82.028827,30.452494],[-82.028949,30.452425],[-82.02904,30.452336],[-82.029109,30.452225],[-82.029139,30.452118],[-82.029086,30.452019],[-82.028842,30.451887],[-82.028697,30.451706],[-82.028682,30.451659],[-82.028687,30.451651],[-82.028743,30.451563],[-82.028773,30.451454],[-82.028712,30.451203],[-82.02875,30.451145],[-82.028811,30.451126],[-82.028872,30.451136],[-82.02891,30.451172],[-82.029033,30.451193],[-82.029284,30.451168],[-82.029475,30.451075],[-82.029574,30.450951],[-82.029628,30.450749],[-82.029597,30.45056],[-82.02949,30.450375],[-82.028651,30.44986],[-82.028579,30.449791],[-82.028544,30.449759],[-82.02846,30.449629],[-82.028308,30.449267],[-82.028274,30.449136],[-82.028231,30.448971],[-82.02817,30.448101],[-82.028109,30.447695],[-82.028109,30.447451],[-82.028148,30.447258],[-82.028369,30.446924],[-82.028505,30.446785],[-82.029178,30.446099],[-82.029399,30.4459],[-82.029567,30.44569],[-82.030085,30.444714],[-82.030215,30.44454],[-82.030398,30.444393],[-82.030894,30.44426],[-82.03107,30.444193],[-82.031283,30.444054],[-82.031451,30.443886],[-82.031703,30.443505],[-82.031833,30.443224],[-82.031862,30.443118],[-82.031909,30.442944],[-82.031977,30.442473],[-82.0321,30.442116],[-82.032267,30.44182],[-82.032473,30.441605],[-82.032595,30.441574],[-82.032718,30.44158],[-82.03284,30.441622],[-82.032939,30.441702],[-82.033053,30.441895],[-82.033091,30.442244],[-82.03316,30.442339],[-82.033259,30.44241],[-82.033404,30.442452],[-82.033595,30.442446],[-82.03374,30.44241],[-82.033859,30.442333],[-82.033877,30.442322],[-82.033984,30.442183],[-82.034068,30.441904],[-82.034259,30.440882],[-82.034311,30.440722],[-82.034472,30.44023],[-82.034831,30.439713],[-82.035319,30.439173],[-82.036067,30.438469],[-82.036548,30.438111],[-82.036784,30.438004],[-82.037387,30.437794],[-82.038173,30.437624],[-82.038882,30.437542],[-82.039035,30.437506],[-82.039355,30.437325],[-82.039653,30.437098],[-82.039927,30.436814],[-82.040004,30.436667],[-82.040027,30.436236],[-82.040019,30.435894],[-82.03995,30.435473],[-82.039759,30.434902],[-82.039759,30.434765],[-82.039729,30.434647],[-82.039576,30.434456],[-82.039462,30.434378],[-82.03937,30.434349],[-82.039264,30.434347],[-82.039157,30.434382],[-82.03908,30.434435],[-82.039027,30.434515],[-82.038958,30.434769],[-82.038958,30.435288],[-82.038859,30.435501],[-82.038676,30.4357],[-82.03847,30.435789],[-82.038234,30.435786],[-82.037936,30.435652],[-82.03773,30.43548],[-82.03767,30.435385],[-82.037616,30.435299],[-82.037329,30.43454],[-82.037211,30.434229],[-82.037181,30.434063],[-82.037188,30.433792],[-82.037127,30.433316],[-82.037043,30.432909],[-82.036914,30.432444],[-82.036769,30.432123],[-82.036532,30.431795],[-82.036353,30.431615],[-82.036303,30.431565],[-82.036293,30.431556],[-82.035998,30.431319],[-82.035754,30.431191],[-82.035441,30.431099],[-82.03535,30.431025],[-82.035289,30.430914],[-82.035312,30.430439],[-82.035289,30.430153],[-82.035212,30.429816],[-82.035098,30.429528],[-82.035083,30.429392],[-82.035365,30.428141],[-82.035327,30.427998],[-82.035189,30.427908],[-82.034816,30.427849],[-82.034706,30.427848],[-82.034549,30.427845],[-82.034251,30.427883],[-82.034098,30.42787],[-82.033885,30.42778],[-82.033786,30.427656],[-82.033778,30.427561],[-82.033831,30.427246],[-82.034007,30.426743],[-82.0342,30.426335],[-82.034236,30.42626],[-82.034541,30.42577],[-82.034671,30.425629],[-82.034839,30.425532],[-82.035052,30.425473],[-82.035464,30.425408],[-82.035754,30.425293],[-82.03596,30.425143],[-82.035998,30.425068],[-82.036006,30.424973],[-82.035952,30.424839],[-82.0358,30.424662],[-82.035609,30.424521],[-82.035334,30.424393],[-82.03522,30.42428],[-82.035128,30.424134],[-82.035014,30.423811],[-82.034991,30.423563],[-82.035013,30.423476],[-82.035228,30.422631],[-82.035258,30.422411],[-82.035251,30.422261],[-82.035151,30.422077],[-82.034867,30.421799],[-82.03448,30.421419],[-82.034228,30.421099],[-82.034045,30.420704],[-82.034022,30.420542],[-82.034038,30.420371],[-82.034049,30.420243],[-82.034068,30.420038],[-82.034137,30.41993],[-82.034259,30.41984],[-82.034358,30.419804],[-82.034659,30.419753],[-82.034854,30.41972],[-82.035243,30.419607],[-82.035487,30.419518],[-82.035998,30.419264],[-82.036364,30.419138],[-82.036609,30.419092],[-82.036657,30.419066],[-82.036822,30.418976],[-82.036914,30.418888],[-82.037005,30.418614],[-82.037036,30.418368],[-82.037028,30.418112],[-82.037066,30.417979],[-82.037166,30.417861],[-82.03728,30.417727],[-82.037555,30.417544],[-82.037655,30.41751],[-82.037761,30.417475],[-82.037951,30.417485],[-82.039058,30.417954],[-82.039225,30.417996],[-82.039401,30.418007],[-82.039622,30.417977],[-82.040294,30.417786],[-82.040545,30.417645],[-82.040652,30.417544],[-82.040706,30.41746],[-82.040728,30.417364],[-82.040713,30.4173],[-82.040667,30.417244],[-82.040484,30.417198],[-82.040377,30.41721],[-82.040034,30.417387],[-82.039897,30.417414],[-82.039752,30.417416],[-82.039553,30.417366],[-82.039401,30.417294],[-82.039256,30.417189],[-82.039142,30.417057],[-82.039073,30.416914],[-82.039065,30.416708],[-82.039317,30.415686],[-82.039416,30.415562],[-82.039508,30.415509],[-82.03963,30.415484],[-82.039752,30.415499],[-82.039851,30.415543],[-82.039988,30.415694],[-82.040057,30.415972],[-82.040141,30.416178],[-82.04037,30.416458],[-82.040454,30.416521],[-82.040568,30.416563],[-82.040988,30.416603],[-82.04127,30.416561],[-82.041522,30.416464],[-82.041781,30.416451],[-82.042025,30.416407],[-82.042468,30.41625],[-82.042857,30.415997],[-82.043444,30.415413],[-82.043612,30.415217],[-82.043765,30.414875],[-82.043681,30.41436],[-82.043654,30.414317],[-82.04362,30.414263],[-82.043521,30.4142],[-82.043223,30.414143],[-82.042971,30.41413],[-82.04272,30.414158],[-82.042476,30.414221],[-82.04227,30.414315],[-82.042033,30.414517],[-82.041858,30.414841],[-82.04172,30.415011],[-82.041537,30.415161],[-82.041346,30.415259],[-82.041209,30.415295],[-82.041087,30.415274],[-82.041003,30.415213],[-82.040896,30.415074],[-82.04085,30.414944],[-82.040835,30.414822],[-82.040912,30.414393],[-82.040919,30.414011],[-82.040957,30.413878],[-82.041049,30.413752],[-82.041209,30.413643],[-82.041232,30.413637],[-82.041407,30.413592],[-82.041987,30.413645],[-82.042483,30.413594],[-82.042979,30.413441],[-82.043216,30.413283],[-82.043361,30.413056],[-82.043483,30.412617],[-82.043391,30.412413],[-82.043318,30.412367],[-82.043161,30.412269],[-82.042871,30.41216],[-82.042398,30.412063],[-82.04213,30.411916],[-82.041985,30.411771],[-82.041894,30.411611],[-82.041856,30.411466],[-82.041871,30.41132],[-82.04197,30.411181],[-82.042123,30.411093],[-82.042299,30.411069],[-82.042841,30.410994],[-82.043246,30.410872],[-82.043475,30.410748],[-82.043635,30.410563],[-82.043689,30.410414],[-82.043696,30.41018],[-82.043681,30.410075],[-82.043567,30.409719],[-82.043544,30.409377],[-82.043704,30.408728],[-82.043803,30.40851],[-82.043864,30.408283],[-82.043902,30.407996],[-82.043879,30.407777],[-82.043811,30.407626],[-82.043673,30.407474],[-82.043574,30.407365],[-82.043383,30.407218],[-82.043185,30.407112],[-82.042939,30.407122],[-82.042681,30.407133],[-82.042047,30.407275],[-82.041871,30.40727],[-82.041703,30.407222],[-82.041474,30.40708],[-82.041367,30.406979],[-82.041299,30.406839],[-82.041291,30.406675],[-82.041329,30.406557],[-82.041436,30.406406],[-82.041581,30.406279],[-82.041741,30.406187],[-82.041833,30.406153],[-82.041859,30.406148],[-82.041916,30.406138],[-82.042032,30.406117],[-82.042855,30.405969],[-82.043165,30.405884],[-82.04332,30.405842],[-82.043816,30.405648],[-82.043992,30.405537],[-82.044152,30.405403],[-82.044512,30.404935],[-82.044611,30.404721],[-82.044664,30.404519],[-82.044674,30.404426],[-82.044703,30.404133],[-82.044688,30.403969],[-82.044637,30.403833],[-82.044604,30.403748],[-82.044307,30.403273],[-82.0442,30.402989],[-82.044032,30.402035],[-82.043925,30.401648],[-82.043757,30.401219],[-82.043414,30.400574],[-82.043246,30.400175],[-82.042819,30.398754],[-82.042506,30.397831],[-82.042346,30.397431],[-82.042231,30.396988],[-82.042206,30.396949],[-82.042189,30.396915],[-82.042112,30.396854],[-82.041963,30.396638],[-82.041941,30.396614],[-82.041311,30.395902],[-82.041234,30.395681],[-82.041272,30.395357],[-82.04124,30.395113],[-82.041132,30.39487],[-82.04069,30.394726],[-82.040507,30.394643],[-82.040269,30.394482],[-82.040246,30.394451],[-82.040217,30.394409],[-82.040178,30.394354],[-82.040154,30.394199],[-82.040198,30.393888],[-82.040152,30.393644],[-82.04006,30.393468],[-82.039846,30.393191],[-82.039684,30.392936],[-82.039608,30.392781],[-82.03947,30.392369],[-82.039636,30.392004],[-82.039766,30.39188],[-82.039871,30.391776],[-82.040046,30.391551],[-82.040076,30.391471],[-82.040068,30.391391],[-82.039938,30.391142],[-82.039931,30.391135],[-82.039761,30.390946],[-82.03889,30.390381],[-82.038776,30.390254],[-82.038737,30.39015],[-82.038729,30.39003],[-82.03891,30.389498],[-82.038913,30.389474],[-82.038925,30.389334],[-82.038902,30.389186],[-82.038841,30.389043],[-82.038741,30.388919],[-82.03832,30.388563],[-82.03829,30.388506],[-82.038128,30.388194],[-82.037945,30.388019],[-82.037234,30.387496],[-82.037081,30.387416],[-82.037012,30.387323],[-82.037011,30.387161],[-82.037178,30.386891],[-82.037209,30.386683],[-82.037247,30.386557],[-82.037336,30.386266],[-82.037236,30.38595],[-82.037076,30.385795],[-82.036895,30.385721],[-82.036777,30.385674],[-82.036434,30.385596],[-82.036137,30.385414],[-82.035899,30.38516],[-82.035838,30.385019],[-82.035825,30.384927],[-82.035814,30.384857],[-82.035858,30.384626],[-82.035918,30.384545],[-82.036017,30.384475],[-82.036147,30.384438],[-82.036529,30.3844],[-82.036734,30.384379],[-82.036977,30.384299],[-82.037046,30.384227],[-82.03722,30.38395],[-82.037337,30.383405],[-82.037546,30.382904],[-82.037592,30.382866],[-82.037599,30.382773],[-82.037644,30.382739],[-82.037713,30.382764],[-82.03782,30.382752],[-82.03798,30.382663],[-82.038048,30.382555],[-82.038054,30.382401],[-82.038122,30.38232],[-82.038159,30.382215],[-82.038151,30.382077],[-82.038081,30.381946],[-82.037821,30.38182],[-82.037584,30.381811],[-82.037522,30.38181],[-82.037231,30.381732],[-82.036893,30.381532],[-82.036808,30.381418],[-82.036792,30.381309],[-82.03683,30.381204],[-82.036936,30.381102],[-82.037029,30.380988],[-82.037435,30.380493],[-82.037601,30.380193],[-82.037667,30.379955],[-82.037612,30.379699],[-82.037549,30.379545],[-82.037463,30.379442],[-82.03741,30.379378],[-82.037211,30.379258],[-82.037141,30.379183],[-82.037078,30.378892],[-82.036754,30.378479],[-82.036717,30.378394],[-82.036676,30.378299],[-82.036636,30.378102],[-82.036638,30.378089],[-82.036677,30.377937],[-82.036756,30.377803],[-82.036865,30.377703],[-82.036926,30.377665],[-82.037081,30.377569],[-82.037306,30.377495],[-82.037521,30.377456],[-82.038028,30.377462],[-82.038153,30.377348],[-82.038178,30.377228],[-82.038141,30.377164],[-82.037906,30.376908],[-82.037878,30.376761],[-82.038114,30.376344],[-82.038544,30.375826],[-82.038703,30.37554],[-82.03878,30.375309],[-82.038783,30.3753],[-82.038813,30.375071],[-82.038815,30.374699],[-82.038777,30.374592],[-82.038717,30.374531],[-82.038633,30.374493],[-82.038527,30.374486],[-82.038436,30.374515],[-82.037536,30.375197],[-82.037209,30.375229],[-82.036882,30.375186],[-82.036768,30.375115],[-82.03673,30.375012],[-82.03683,30.374746],[-82.036929,30.374558],[-82.037253,30.37418],[-82.037487,30.373904],[-82.037969,30.373225],[-82.038144,30.37293],[-82.038161,30.372796],[-82.038062,30.372542],[-82.037926,30.372397],[-82.037782,30.37234],[-82.037607,30.372331],[-82.037412,30.372283],[-82.037265,30.372246],[-82.037189,30.372183],[-82.037152,30.37212],[-82.03716,30.372039],[-82.037221,30.371854],[-82.037313,30.371729],[-82.03745,30.371637],[-82.037703,30.371613],[-82.037853,30.371599],[-82.038196,30.371489],[-82.03847,30.371329],[-82.038706,30.371097],[-82.038859,30.371028],[-82.039178,30.370988],[-82.039544,30.37101],[-82.039733,30.370992],[-82.040054,30.370902],[-82.04016,30.370874],[-82.040586,30.370704],[-82.040754,30.370562],[-82.040808,30.370406],[-82.04077,30.370286],[-82.04071,30.370191],[-82.040618,30.370119],[-82.040482,30.370074],[-82.040452,30.370026],[-82.04043,30.369865],[-82.040498,30.369715],[-82.040529,30.369677],[-82.040758,30.369604],[-82.041442,30.369439],[-82.041763,30.369286],[-82.041938,30.369152],[-82.042121,30.368966],[-82.042182,30.36887],[-82.042205,30.368748],[-82.0421,30.368371],[-82.041995,30.368128],[-82.04195,30.368042],[-82.041797,30.367951],[-82.041772,30.36791],[-82.04173,30.367844],[-82.041715,30.367695],[-82.041761,30.367626],[-82.041837,30.367602],[-82.041913,30.367606],[-82.042152,30.367686],[-82.042307,30.367737],[-82.042786,30.367837],[-82.043356,30.367891],[-82.043577,30.36793],[-82.043783,30.367938],[-82.044056,30.367899],[-82.044337,30.367795],[-82.04449,30.367678],[-82.04459,30.367509],[-82.044613,30.367331],[-82.044553,30.367163],[-82.044311,30.366839],[-82.044122,30.366688],[-82.044031,30.366614],[-82.043826,30.366524],[-82.043263,30.366501],[-82.042708,30.366377],[-82.042435,30.366271],[-82.042298,30.366184],[-82.042087,30.365964],[-82.042018,30.365825],[-82.042027,30.365664],[-82.042113,30.365476],[-82.042142,30.365415],[-82.042194,30.365387],[-82.042317,30.365321],[-82.0425,30.365255],[-82.042986,30.365225],[-82.043237,30.365249],[-82.043403,30.365206],[-82.04364,30.36508],[-82.043746,30.365075],[-82.043853,30.365104],[-82.043929,30.365156],[-82.04398,30.365235],[-82.043986,30.365465],[-82.044023,30.365641],[-82.044091,30.365808],[-82.044188,30.365967],[-82.044324,30.366116],[-82.044588,30.366313],[-82.044679,30.366361],[-82.044786,30.366382],[-82.04496,30.366367],[-82.04512,30.366313],[-82.045242,30.366229],[-82.045349,30.366093],[-82.045396,30.365978],[-82.045404,30.365824],[-82.045315,30.365478],[-82.045308,30.365342],[-82.045378,30.365205],[-82.045493,30.365115],[-82.045705,30.365075],[-82.04604,30.36514],[-82.046289,30.365254],[-82.046538,30.365461],[-82.046644,30.365489],[-82.04691,30.365458],[-82.047069,30.365406],[-82.047223,30.365308],[-82.047338,30.365161],[-82.047469,30.364668],[-82.047503,30.364304],[-82.047519,30.364125],[-82.04762,30.363674],[-82.047674,30.363576],[-82.047774,30.363491],[-82.047926,30.363427],[-82.048512,30.363184],[-82.049465,30.362613],[-82.049693,30.362525],[-82.049922,30.36248],[-82.049961,30.362478],[-82.050226,30.362482],[-82.050475,30.362497],[-82.050725,30.362491],[-82.050973,30.362468],[-82.05118,30.362454],[-82.05122,30.362446],[-82.051455,30.362374],[-82.051568,30.362328],[-82.051713,30.362258],[-82.051824,30.362209],[-82.051986,30.362175],[-82.052105,30.362142],[-82.052472,30.362083],[-82.052755,30.362022],[-82.052961,30.361998],[-82.053204,30.361949],[-82.053323,30.361917],[-82.053427,30.361857],[-82.05356,30.361772],[-82.053672,30.361666],[-82.053859,30.361428],[-82.054116,30.361192],[-82.054178,30.361144],[-82.054281,30.361084],[-82.054447,30.360975],[-82.055018,30.360682],[-82.055148,30.360592],[-82.05521,30.360544],[-82.055445,30.360396],[-82.055664,30.360292],[-82.055703,30.360279],[-82.055783,30.36026],[-82.055988,30.36023],[-82.056071,30.360224],[-82.056237,30.360236],[-82.056486,30.360261],[-82.0569,30.360295],[-82.057023,30.360279],[-82.057143,30.360248],[-82.057261,30.360212],[-82.057333,30.360176],[-82.057399,30.360128],[-82.057426,30.360104],[-82.057515,30.359983],[-82.057556,30.359881],[-82.057602,30.359743],[-82.057629,30.359529],[-82.057638,30.359494],[-82.057655,30.359461],[-82.057701,30.359401],[-82.057757,30.359348],[-82.057819,30.3593],[-82.057855,30.359283],[-82.058094,30.35922],[-82.058135,30.359214],[-82.058222,30.35921],[-82.058331,30.359263],[-82.058637,30.35945],[-82.058728,30.359524],[-82.058792,30.35957],[-82.058852,30.35962],[-82.05907,30.359837],[-82.059249,30.359988],[-82.059311,30.360036],[-82.059458,30.360104],[-82.059697,30.360247],[-82.059845,30.360312],[-82.060043,30.360367],[-82.060084,30.360375],[-82.060167,30.36038],[-82.06041,30.36033],[-82.06049,30.36031],[-82.060685,30.360247],[-82.060766,30.360229],[-82.061014,30.360211],[-82.061055,30.360218],[-82.061332,30.360296],[-82.06156,30.360384],[-82.061742,30.36047],[-82.061877,30.360555],[-82.062057,30.360645],[-82.062097,30.360656],[-82.062178,30.360671],[-82.06226,30.36068],[-82.062302,30.360678],[-82.062384,30.360665],[-82.062424,30.360655],[-82.062492,30.360614],[-82.062547,30.360559],[-82.06262,30.360472],[-82.062681,30.360378],[-82.062694,30.360343],[-82.062693,30.360308],[-82.062676,30.360201],[-82.062665,30.360093],[-82.062583,30.359522],[-82.062572,30.359379],[-82.062603,30.359128],[-82.062615,30.359094],[-82.062671,30.358998],[-82.062781,30.358845],[-82.062831,30.358787],[-82.062859,30.358761],[-82.062924,30.358716],[-82.063283,30.358622],[-82.063487,30.358587],[-82.063737,30.358584],[-82.06386,30.358601],[-82.063982,30.358624],[-82.064375,30.358743],[-82.064577,30.358787],[-82.064825,30.358813],[-82.064908,30.358809],[-82.065113,30.358778],[-82.065191,30.358753],[-82.065265,30.358721],[-82.065376,30.358614],[-82.065424,30.358556],[-82.065523,30.358397],[-82.06559,30.358227],[-82.065603,30.358156],[-82.065601,30.35812],[-82.065577,30.358014],[-82.065534,30.357875],[-82.065502,30.357809],[-82.065313,30.357571],[-82.065072,30.357235],[-82.065022,30.357136],[-82.064881,30.356759],[-82.064872,30.356724],[-82.064869,30.356688],[-82.064914,30.356439],[-82.064926,30.356405],[-82.065015,30.356264],[-82.065096,30.356247],[-82.065174,30.356223],[-82.065249,30.356191],[-82.065315,30.356147],[-82.065371,30.356094],[-82.065462,30.355974],[-82.065523,30.355925],[-82.065559,30.355907],[-82.065678,30.355874],[-82.065924,30.355836],[-82.066187,30.355763],[-82.066266,30.355787],[-82.066376,30.355838],[-82.066445,30.355878],[-82.066475,30.355902],[-82.066586,30.35601],[-82.066604,30.356153],[-82.066623,30.356223],[-82.066637,30.356257],[-82.066765,30.356483],[-82.066899,30.356747],[-82.067046,30.356921],[-82.067233,30.357114],[-82.067301,30.357205],[-82.067476,30.357491],[-82.067806,30.358112],[-82.067931,30.358299],[-82.068052,30.358445],[-82.06814,30.358567],[-82.068191,30.358624],[-82.06849,30.358924],[-82.068711,30.359139],[-82.068832,30.359238],[-82.068933,30.359302],[-82.06939,30.359552],[-82.069666,30.359714],[-82.069799,30.3598],[-82.069942,30.359931],[-82.070104,30.360043],[-82.070343,30.360243],[-82.070617,30.360514],[-82.070747,30.360605],[-82.071012,30.360779],[-82.071353,30.360985],[-82.071572,30.361089],[-82.071912,30.361226],[-82.072107,30.361288],[-82.072671,30.361416],[-82.072918,30.361444],[-82.073126,30.361444],[-82.073166,30.361439],[-82.073225,30.361387],[-82.073258,30.361363],[-82.07329,30.361342],[-82.073475,30.361261],[-82.074177,30.361035],[-82.074814,30.360866],[-82.074979,30.360845],[-82.07514,30.360811],[-82.075296,30.36076],[-82.075408,30.360714],[-82.075566,30.360668],[-82.075682,30.360629],[-82.076066,30.360489],[-82.076381,30.360399],[-82.077107,30.36013],[-82.077212,30.360071],[-82.077436,30.35991],[-82.077504,30.359869],[-82.077571,30.359835],[-82.077729,30.359789],[-82.077995,30.359687],[-82.078227,30.359606],[-82.078818,30.359435],[-82.079288,30.359289],[-82.079545,30.359172],[-82.079807,30.359062],[-82.079879,30.359025],[-82.079937,30.358988],[-82.08002,30.358983],[-82.080625,30.358852],[-82.080898,30.358806],[-82.080911,30.358804],[-82.081117,30.358774],[-82.081158,30.358778],[-82.081198,30.358784],[-82.081403,30.358819],[-82.081562,30.358862],[-82.081835,30.35895],[-82.081947,30.358997],[-82.081979,30.35902],[-82.082048,30.35908],[-82.082244,30.359249],[-82.08227,30.359287],[-82.082308,30.359342],[-82.082369,30.359475],[-82.082431,30.359569],[-82.082608,30.359766],[-82.082888,30.360078],[-82.083032,30.360208],[-82.083095,30.360255],[-82.083163,30.360297],[-82.0832,30.360313],[-82.083321,30.36034],[-82.08365,30.360386],[-82.083858,30.360393],[-82.083982,30.360404],[-82.084064,30.360393],[-82.084226,30.360362],[-82.084558,30.360335],[-82.084724,30.36034],[-82.084807,30.360336],[-82.084931,30.360336],[-82.085511,30.360382],[-82.085885,30.360398],[-82.086178,30.36042],[-82.086258,30.360427],[-82.086424,30.360433],[-82.086673,30.360453],[-82.086962,30.360485],[-82.087585,30.360501],[-82.087792,30.360519],[-82.088207,30.360547],[-82.088404,30.360607],[-82.088519,30.360648],[-82.088968,30.36091],[-82.089005,30.360926],[-82.089354,30.361043],[-82.089511,30.361091],[-82.089714,30.361126],[-82.089756,30.361128],[-82.089878,30.361149],[-82.090159,30.361208],[-82.090281,30.361228],[-82.090364,30.36123],[-82.090489,30.361223],[-82.090529,30.361213],[-82.090682,30.361158],[-82.090756,30.361124],[-82.090874,30.361088],[-82.090954,30.361069],[-82.091159,30.361043],[-82.091847,30.360899],[-82.092006,30.360858],[-82.09262,30.360768],[-82.092744,30.360759],[-82.092806,30.360764],[-82.093363,30.360809],[-82.093778,30.360813],[-82.093902,30.360802],[-82.094598,30.360696],[-82.094639,30.360694],[-82.094721,30.360709],[-82.094796,30.360739],[-82.094934,30.360819],[-82.095068,30.360903],[-82.095138,30.360942],[-82.09517,30.360965],[-82.095364,30.361127],[-82.095488,30.361141],[-82.095885,30.361247],[-82.095922,30.361263],[-82.096025,30.361324],[-82.096117,30.361397],[-82.096163,30.361456],[-82.0962,30.361521],[-82.096229,30.361588],[-82.096298,30.361869],[-82.096328,30.362119],[-82.096367,30.362259],[-82.096396,30.362327],[-82.096474,30.362453],[-82.096497,30.362483],[-82.096601,30.362596],[-82.096631,30.36262],[-82.096843,30.362734],[-82.09688,30.36275],[-82.096997,30.362787],[-82.097245,30.362813],[-82.097495,30.362809],[-82.097785,30.362786],[-82.097909,30.362794],[-82.098032,30.362813],[-82.098071,30.362824],[-82.098087,30.362831],[-82.098108,30.362841],[-82.098242,30.362926],[-82.098322,30.363009],[-82.098364,30.363071],[-82.098388,30.36314],[-82.098395,30.363176],[-82.098393,30.363248],[-82.098381,30.363318],[-82.098358,30.363388],[-82.098295,30.363521],[-82.098264,30.363662],[-82.098268,30.363734],[-82.098281,30.363805],[-82.098293,30.36384],[-82.098341,30.363898],[-82.098471,30.363988],[-82.098506,30.364007],[-82.098621,30.364049],[-82.098702,30.364067],[-82.098743,30.364071],[-82.098862,30.364039],[-82.098976,30.363995],[-82.099012,30.363976],[-82.099139,30.363884],[-82.099336,30.363699],[-82.099401,30.363654],[-82.099527,30.363511],[-82.099678,30.363387],[-82.099781,30.363326],[-82.09997,30.363253],[-82.100116,30.363185],[-82.10027,30.363129],[-82.100469,30.363078],[-82.100659,30.363006],[-82.100897,30.362861],[-82.101009,30.362814],[-82.101078,30.362797],[-82.101148,30.362835],[-82.101315,30.362943],[-82.101344,30.362969],[-82.10144,30.363086],[-82.101463,30.363155],[-82.101473,30.363262],[-82.101475,30.363334],[-82.101467,30.363369],[-82.101421,30.363429],[-82.101255,30.36359],[-82.101162,30.363659],[-82.101128,30.36368],[-82.100826,30.363799],[-82.100793,30.36382],[-82.100702,30.363893],[-82.100645,30.363945],[-82.100624,30.363975],[-82.100598,30.364043],[-82.100558,30.364219],[-82.100564,30.364254],[-82.100587,30.364323],[-82.100631,30.364423],[-82.100733,30.364537],[-82.100766,30.364558],[-82.100842,30.364585],[-82.100884,30.364586],[-82.101007,30.364577],[-82.101128,30.364553],[-82.10124,30.364507],[-82.101309,30.364467],[-82.10137,30.364419],[-82.101529,30.364305],[-82.101707,30.364156],[-82.101772,30.364112],[-82.101811,30.364099],[-82.101975,30.36408],[-82.102016,30.364087],[-82.102094,30.364112],[-82.102168,30.364143],[-82.102238,30.364182],[-82.102337,30.364247],[-82.102367,30.364314],[-82.102378,30.364385],[-82.102368,30.364457],[-82.102336,30.364561],[-82.102201,30.364823],[-82.101919,30.36522],[-82.101882,30.365323],[-82.101861,30.365429],[-82.101859,30.365465],[-82.101865,30.365608],[-82.101866,30.365787],[-82.101857,30.365822],[-82.101793,30.365954],[-82.101721,30.366084],[-82.101677,30.366144],[-82.10165,30.366171],[-82.101564,30.366293],[-82.101537,30.366398],[-82.101534,30.366469],[-82.101558,30.366575],[-82.101562,30.366646],[-82.101639,30.366674],[-82.101784,30.366744],[-82.102017,30.366895],[-82.102104,30.366972],[-82.102188,30.367096],[-82.102205,30.367129],[-82.10229,30.367369],[-82.102305,30.367402],[-82.102418,30.367594],[-82.1025,30.367719],[-82.102559,30.36777],[-82.102613,30.367807],[-82.102651,30.367821],[-82.10281,30.367864],[-82.102934,30.367872],[-82.103017,30.367868],[-82.103098,30.367851],[-82.103343,30.367812],[-82.103508,30.367791],[-82.103591,30.367792],[-82.103632,30.367789],[-82.103715,30.367793],[-82.104,30.367836],[-82.104201,30.36788],[-82.104467,30.367979],[-82.104536,30.368019],[-82.10469,30.368139],[-82.104769,30.368222],[-82.104849,30.368347],[-82.104877,30.368414],[-82.104945,30.368696],[-82.104959,30.368729],[-82.105021,30.368823],[-82.105048,30.368848],[-82.105121,30.368883],[-82.105244,30.368902],[-82.105285,30.368902],[-82.105408,30.368883],[-82.105525,30.368847],[-82.105561,30.368828],[-82.105589,30.368802],[-82.105648,30.368707],[-82.105723,30.36854],[-82.105801,30.368299],[-82.105892,30.368137],[-82.105913,30.368106],[-82.105968,30.368053],[-82.106084,30.367978],[-82.106236,30.367882],[-82.106343,30.367827],[-82.106375,30.367804],[-82.106628,30.367567],[-82.10673,30.367454],[-82.106811,30.367373],[-82.106897,30.367295],[-82.106987,30.367221],[-82.10712,30.367135],[-82.10719,30.367096],[-82.107227,30.367082],[-82.107428,30.367035],[-82.107551,30.367017],[-82.107634,30.367012],[-82.107675,30.367013],[-82.107716,30.367019],[-82.107837,30.367046],[-82.108453,30.367263],[-82.108652,30.367311],[-82.108693,30.367317],[-82.108735,30.367313],[-82.108816,30.367297],[-82.109012,30.36724],[-82.10905,30.367225],[-82.109084,30.367205],[-82.109355,30.366983],[-82.109485,30.366893],[-82.109585,30.366829],[-82.109688,30.366769],[-82.109803,30.366729],[-82.109886,30.36672],[-82.109967,30.366733],[-82.110085,30.366768],[-82.110126,30.366774],[-82.11025,30.366781],[-82.110331,30.366762],[-82.110369,30.366747],[-82.110403,30.366726],[-82.110518,30.366622],[-82.110557,30.366559],[-82.110573,30.366452],[-82.110579,30.366381],[-82.110577,30.366345],[-82.110555,30.366275],[-82.110493,30.366182],[-82.110387,30.366071],[-82.110294,30.366001],[-82.110174,30.365902],[-82.110147,30.365875],[-82.109956,30.365738],[-82.109928,30.365711],[-82.109881,30.365652],[-82.109873,30.365617],[-82.109874,30.365545],[-82.1099,30.365478],[-82.10994,30.365415],[-82.110032,30.365341],[-82.110136,30.365282],[-82.110289,30.365225],[-82.110335,30.365215],[-82.11037,30.365234],[-82.11057,30.365363],[-82.110753,30.365507],[-82.110855,30.365569],[-82.110929,30.365599],[-82.111122,30.365664],[-82.111196,30.365695],[-82.111285,30.365769],[-82.111341,30.365821],[-82.111373,30.365844],[-82.111401,30.365871],[-82.111513,30.366021],[-82.11153,30.366054],[-82.11158,30.36619],[-82.111591,30.366261],[-82.111563,30.366584],[-82.11154,30.366689],[-82.111454,30.366927],[-82.111421,30.36703],[-82.111392,30.367171],[-82.111405,30.367421],[-82.111435,30.367488],[-82.111524,30.367563],[-82.111643,30.367592],[-82.111726,30.367591],[-82.111924,30.367536],[-82.11196,30.367518],[-82.112046,30.367441],[-82.112154,30.367333],[-82.112184,30.367308],[-82.112231,30.367249],[-82.112336,30.367095],[-82.112389,30.36704],[-82.112482,30.366968],[-82.112553,30.36693],[-82.112629,30.3669],[-82.112752,30.366884],[-82.112793,30.366886],[-82.112958,30.366908],[-82.112998,30.366917],[-82.113143,30.366988],[-82.113224,30.367069],[-82.113291,30.36716],[-82.113309,30.367192],[-82.11335,30.367294],[-82.113356,30.367353],[-82.113276,30.367439],[-82.113191,30.367518],[-82.113167,30.367547],[-82.113152,30.367579],[-82.113066,30.367696],[-82.113036,30.367761],[-82.11302,30.367831],[-82.113014,30.3679],[-82.113017,30.367936],[-82.113039,30.368041],[-82.113102,30.368134],[-82.113167,30.368206],[-82.113278,30.368265],[-82.11335,30.368265],[-82.113444,30.368227],[-82.113532,30.36813],[-82.113654,30.367964],[-82.113832,30.367884],[-82.114119,30.367846],[-82.114244,30.367841],[-82.114368,30.367851],[-82.11453,30.367878],[-82.114612,30.367888],[-82.114921,30.367989],[-82.115277,30.368086],[-82.115358,30.368101],[-82.115481,30.368115],[-82.115538,30.368111],[-82.115699,30.368082],[-82.115778,30.368059],[-82.116061,30.367911],[-82.116196,30.367828],[-82.116358,30.367665],[-82.11638,30.367634],[-82.11642,30.367532],[-82.11646,30.367357],[-82.116458,30.367321],[-82.116432,30.367179],[-82.116425,30.367108],[-82.116415,30.366824],[-82.11641,30.366789],[-82.116429,30.366575],[-82.116482,30.366328],[-82.116506,30.36626],[-82.116609,30.365914],[-82.116679,30.365747],[-82.116689,30.365712],[-82.116736,30.365613],[-82.116825,30.365451],[-82.116888,30.365359],[-82.116962,30.365273],[-82.11712,30.365107],[-82.117498,30.364771],[-82.117576,30.364688],[-82.117772,30.364503],[-82.117919,30.364436],[-82.117996,30.364409],[-82.118056,30.364391],[-82.118152,30.364364],[-82.118194,30.364367],[-82.118233,30.364378],[-82.118448,30.364487],[-82.118756,30.364728],[-82.118789,30.36475],[-82.119144,30.364852],[-82.119225,30.364868],[-82.11939,30.364881],[-82.119515,30.364871],[-82.119554,30.364882],[-82.119607,30.364911],[-82.119651,30.364972],[-82.119827,30.365124],[-82.119952,30.365218],[-82.120059,30.365272],[-82.120134,30.365303],[-82.12033,30.365362],[-82.12037,30.365371],[-82.120411,30.365375],[-82.120493,30.365376],[-82.120616,30.365361],[-82.120939,30.365299],[-82.121184,30.365267],[-82.121267,30.365275],[-82.121384,30.36531],[-82.121422,30.365326],[-82.121528,30.365382],[-82.121725,30.365514],[-82.121835,30.36562],[-82.12188,30.365681],[-82.121918,30.365745],[-82.121928,30.365779],[-82.121943,30.36603],[-82.121916,30.366352],[-82.121918,30.366388],[-82.121933,30.366458],[-82.121964,30.366562],[-82.122011,30.366661],[-82.122036,30.366688],[-82.12214,30.366747],[-82.122178,30.366762],[-82.122256,30.366785],[-82.122338,30.366797],[-82.12238,30.366798],[-82.122463,30.366792],[-82.122542,30.366771],[-82.12261,30.36673],[-82.122635,30.3667],[-82.122693,30.366605],[-82.122707,30.366571],[-82.122856,30.366011],[-82.122876,30.36598],[-82.12293,30.365925],[-82.122998,30.365883],[-82.123073,30.365854],[-82.123114,30.365845],[-82.123197,30.365838],[-82.123238,30.36584],[-82.123318,30.365857],[-82.123391,30.365891],[-82.123493,30.365953],[-82.123723,30.366106],[-82.123901,30.366257],[-82.123933,30.366279],[-82.123973,30.36629],[-82.124085,30.366309],[-82.124299,30.366346],[-82.124467,30.366337],[-82.12459,30.366331],[-82.124631,30.366333],[-82.124833,30.366373],[-82.124872,30.366385],[-82.124941,30.366425],[-82.125136,30.36656],[-82.125197,30.366608],[-82.125222,30.366637],[-82.125238,30.36667],[-82.125269,30.366811],[-82.125276,30.36699],[-82.125258,30.367133],[-82.125224,30.367347],[-82.125233,30.367491],[-82.125239,30.367526],[-82.125276,30.367629],[-82.125309,30.367695],[-82.125418,30.367889],[-82.125511,30.368008],[-82.125627,30.368111],[-82.125844,30.368218],[-82.126073,30.368303],[-82.126155,30.368314],[-82.126363,30.368321],[-82.126487,30.368314],[-82.126736,30.368293],[-82.126857,30.368268],[-82.126933,30.368238],[-82.127042,30.368187],[-82.127112,30.368147],[-82.12721,30.36808],[-82.12728,30.368042],[-82.127471,30.367904],[-82.127561,30.367829],[-82.127725,30.367666],[-82.127871,30.367492],[-82.127899,30.367465],[-82.127932,30.367443],[-82.128146,30.367334],[-82.12818,30.367313],[-82.128217,30.367298],[-82.128258,30.367292],[-82.128466,30.367289],[-82.128507,30.367281],[-82.128581,30.367249],[-82.128644,30.367156],[-82.128675,30.367089],[-82.128696,30.366947],[-82.128692,30.366912],[-82.128656,30.366847],[-82.128612,30.366786],[-82.128533,30.366702],[-82.128479,30.366631],[-82.128398,30.366614],[-82.128069,30.366566],[-82.12799,30.366544],[-82.127952,30.366528],[-82.127815,30.366447],[-82.127709,30.36639],[-82.127608,30.366327],[-82.127531,30.366242],[-82.12742,30.366091],[-82.127356,30.365958],[-82.127345,30.365923],[-82.12734,30.365888],[-82.127341,30.365852],[-82.127355,30.365744],[-82.127384,30.36564],[-82.127406,30.365609],[-82.127567,30.365444],[-82.127599,30.365422],[-82.127783,30.365338],[-82.127822,30.365324],[-82.127862,30.365315],[-82.127945,30.365309],[-82.128028,30.365317],[-82.128486,30.365324],[-82.128611,30.36532],[-82.128652,30.365315],[-82.128772,30.365285],[-82.128966,30.365219],[-82.129003,30.365203],[-82.129209,30.365081],[-82.129399,30.364941],[-82.129498,30.364825],[-82.129552,30.36477],[-82.129574,30.36474],[-82.12962,30.36464],[-82.12964,30.364609],[-82.129667,30.364581],[-82.129754,30.364459],[-82.129874,30.364312],[-82.129952,30.364185],[-82.130052,30.36407],[-82.130109,30.364018],[-82.130177,30.363977],[-82.130304,30.363884],[-82.130376,30.363848],[-82.130408,30.363825],[-82.130588,30.363675],[-82.130685,30.363607],[-82.130756,30.363571],[-82.130946,30.363498],[-82.131128,30.363412],[-82.131722,30.363253],[-82.132077,30.36315],[-82.13219,30.363104],[-82.132261,30.363066],[-82.132291,30.363042],[-82.132342,30.362985],[-82.132431,30.362909],[-82.132558,30.362816],[-82.132625,30.362774],[-82.13284,30.362665],[-82.132916,30.362634],[-82.133013,30.362607],[-82.133076,30.362562],[-82.133252,30.362482],[-82.133296,30.362461],[-82.133487,30.362389],[-82.133712,30.362296],[-82.133867,30.362243],[-82.134221,30.362139],[-82.134276,30.362132],[-82.134385,30.362118],[-82.134676,30.3621],[-82.134925,30.362108],[-82.135008,30.362116],[-82.135129,30.362141],[-82.135409,30.362211],[-82.135682,30.362297],[-82.136088,30.362378],[-82.136211,30.362392],[-82.136542,30.362419],[-82.136583,30.362426],[-82.136665,30.362433],[-82.137067,30.362522],[-82.137103,30.36254],[-82.137301,30.362669],[-82.137347,30.362729],[-82.137408,30.362822],[-82.137444,30.362888],[-82.137467,30.362957],[-82.137465,30.363029],[-82.137455,30.363136],[-82.137409,30.363236],[-82.137403,30.363272],[-82.137382,30.363341],[-82.137363,30.363374],[-82.137286,30.363459],[-82.137252,30.363479],[-82.137066,30.36356],[-82.136963,30.36362],[-82.136876,30.363698],[-82.136852,30.363728],[-82.136755,30.363887],[-82.136739,30.363921],[-82.136787,30.364021],[-82.136916,30.364205],[-82.136945,30.36423],[-82.137114,30.364337],[-82.137153,30.364347],[-82.13736,30.364359],[-82.137526,30.364344],[-82.137567,30.364347],[-82.13765,30.36434],[-82.137771,30.364313],[-82.137812,30.364314],[-82.137851,30.364326],[-82.138179,30.364481],[-82.138429,30.36461],[-82.13865,30.364709],[-82.138838,30.364787],[-82.139033,30.364847],[-82.139429,30.364957],[-82.13947,30.364963],[-82.139717,30.364939],[-82.139965,30.364925],[-82.140083,30.364891],[-82.140197,30.364846],[-82.140343,30.364778],[-82.140543,30.364651],[-82.140632,30.364575],[-82.140665,30.364554],[-82.140777,30.364506],[-82.14081,30.364485],[-82.140893,30.364405],[-82.140994,30.36429],[-82.141059,30.364246],[-82.141115,30.364192],[-82.141178,30.364146],[-82.141348,30.363989],[-82.14141,30.36394],[-82.141508,30.363874],[-82.141645,30.363792],[-82.14171,30.363748],[-82.141745,30.363729],[-82.141861,30.36369],[-82.142065,30.363655],[-82.142355,30.363644],[-82.142437,30.36363],[-82.142552,30.363589],[-82.142736,30.363507],[-82.142813,30.363478],[-82.142894,30.363466],[-82.143096,30.363422],[-82.143218,30.363402],[-82.14326,30.363399],[-82.143384,30.363407],[-82.143712,30.363455],[-82.143788,30.363484],[-82.143859,30.36352],[-82.143898,30.363533],[-82.143939,30.363541],[-82.143981,30.363537],[-82.144056,30.363508],[-82.144124,30.363466],[-82.14417,30.363327],[-82.144168,30.363294],[-82.144118,30.363235],[-82.144088,30.363168],[-82.144024,30.363076],[-82.143965,30.362981],[-82.143952,30.362947],[-82.143944,30.362911],[-82.143944,30.36284],[-82.143952,30.362732],[-82.143967,30.362699],[-82.144044,30.362572],[-82.144069,30.362543],[-82.144235,30.362382],[-82.144269,30.362361],[-82.144306,30.362345],[-82.144384,30.362321],[-82.144532,30.362254],[-82.144571,30.362243],[-82.144653,30.362256],[-82.144732,30.362278],[-82.14496,30.362365],[-82.14518,30.362466],[-82.145404,30.36256],[-82.145486,30.362574],[-82.145693,30.362579],[-82.145771,30.362554],[-82.14584,30.362514],[-82.145904,30.362469],[-82.14594,30.362451],[-82.14598,30.36244],[-82.146021,30.362434],[-82.14606,30.362422],[-82.146097,30.362405],[-82.146128,30.362382],[-82.146262,30.362245],[-82.146291,30.36214],[-82.146304,30.362106],[-82.146388,30.361982],[-82.146454,30.361938],[-82.146491,30.361921],[-82.146688,30.361865],[-82.146786,30.36185],[-82.146904,30.361885],[-82.146978,30.361917],[-82.147007,30.361943],[-82.147071,30.361989],[-82.147303,30.362195],[-82.147406,30.362255],[-82.147443,30.362272],[-82.147523,30.362292],[-82.147606,30.362295],[-82.147685,30.362274],[-82.147796,30.362225],[-82.147825,30.362199],[-82.147867,30.362137],[-82.147921,30.36204],[-82.147969,30.361902],[-82.147982,30.361687],[-82.148007,30.361472],[-82.148055,30.361298],[-82.148087,30.361231],[-82.148127,30.361168],[-82.148172,30.361108],[-82.148198,30.36108],[-82.148257,30.361029],[-82.148356,30.360964],[-82.148394,30.360948],[-82.148552,30.360904],[-82.148635,30.360904],[-82.148796,30.360939],[-82.148911,30.360981],[-82.148982,30.361018],[-82.149016,30.36104],[-82.149073,30.361091],[-82.149121,30.36115],[-82.149304,30.361472],[-82.149381,30.361558],[-82.149552,30.361715],[-82.149585,30.361737],[-82.149621,30.361755],[-82.149811,30.361826],[-82.150102,30.361836],[-82.150184,30.361822],[-82.15038,30.361764],[-82.150527,30.361697],[-82.150667,30.36162],[-82.150696,30.361594],[-82.150799,30.361482],[-82.15083,30.361457],[-82.150864,30.361438],[-82.151017,30.361382],[-82.151238,30.361283],[-82.151314,30.361254],[-82.151437,30.361235],[-82.151604,30.361234],[-82.15177,30.361239],[-82.152306,30.361302],[-82.152679,30.361307],[-82.152736,30.361297],[-82.152938,30.361255],[-82.153175,30.36119],[-82.153251,30.361159],[-82.153359,30.361106],[-82.153455,30.361037],[-82.15358,30.360894],[-82.153623,30.360832],[-82.15365,30.360805],[-82.153809,30.360689],[-82.154061,30.360562],[-82.154094,30.36054],[-82.154241,30.360473],[-82.15428,30.36046],[-82.154567,30.360417],[-82.154775,30.360412],[-82.154899,30.360413],[-82.15519,30.360393],[-82.155439,30.360392],[-82.155521,30.36038],[-82.155719,30.360327],[-82.155756,30.36031],[-82.155923,30.360203],[-82.155959,30.360184],[-82.156225,30.360083],[-82.156304,30.360059],[-82.156426,30.360036],[-82.156467,30.360035],[-82.156592,30.360043],[-82.156839,30.360072],[-82.156962,30.360093],[-82.157244,30.360155],[-82.157407,30.360183],[-82.157449,30.360184],[-82.157656,30.36017],[-82.15782,30.360147],[-82.1579,30.360128],[-82.158084,30.359934],[-82.1581,30.359901],[-82.158095,30.359722],[-82.158087,30.359687],[-82.158044,30.359585],[-82.157995,30.359486],[-82.15793,30.359278],[-82.157926,30.359242],[-82.157928,30.359207],[-82.157983,30.359034],[-82.158041,30.358982],[-82.158073,30.358959],[-82.158184,30.35891],[-82.158261,30.358884],[-82.158297,30.358866],[-82.158373,30.35884],[-82.158414,30.358832],[-82.158496,30.358828],[-82.158784,30.358795],[-82.158825,30.358793],[-82.159117,30.358799],[-82.159365,30.358784],[-82.159446,30.35877],[-82.159642,30.358708],[-82.159716,30.358676],[-82.15997,30.358554],[-82.160314,30.358428],[-82.160664,30.358311],[-82.160746,30.358299],[-82.160953,30.358289],[-82.161118,30.358297],[-82.161166,30.358289],[-82.161422,30.358185],[-82.161584,30.358074],[-82.161611,30.358047],[-82.161657,30.357948],[-82.161683,30.357879],[-82.161679,30.357844],[-82.16166,30.357812],[-82.161613,30.357752],[-82.161474,30.35762],[-82.161448,30.357591],[-82.161428,30.35756],[-82.161414,30.357526],[-82.161419,30.35749],[-82.161436,30.357457],[-82.161462,30.357429],[-82.161503,30.357367],[-82.161528,30.357338],[-82.16168,30.357216],[-82.16178,30.357117],[-82.161905,30.357212],[-82.161933,30.357239],[-82.161981,30.357298],[-82.162089,30.357452],[-82.162217,30.357593],[-82.162277,30.357643],[-82.162312,30.357663],[-82.16255,30.357724],[-82.162587,30.35774],[-82.162828,30.357882],[-82.162891,30.357929],[-82.162914,30.357965],[-82.162953,30.358061],[-82.162984,30.358419],[-82.163013,30.358596],[-82.163037,30.358664],[-82.163062,30.358693],[-82.163148,30.358815],[-82.163203,30.358868],[-82.163236,30.35889],[-82.163312,30.358919],[-82.163394,30.358931],[-82.163436,30.358931],[-82.163476,30.358924],[-82.163594,30.35889],[-82.163664,30.35885],[-82.163696,30.358827],[-82.163753,30.358775],[-82.163775,30.358745],[-82.163836,30.358611],[-82.163833,30.358504],[-82.163837,30.358289],[-82.163857,30.358183],[-82.163878,30.358115],[-82.163897,30.358082],[-82.163923,30.358054],[-82.16405,30.357961],[-82.16409,30.357954],[-82.164131,30.357959],[-82.164209,30.357984],[-82.164239,30.358008],[-82.164317,30.358092],[-82.164347,30.358117],[-82.164513,30.358226],[-82.164566,30.358267],[-82.164685,30.358235],[-82.164723,30.35822],[-82.164794,30.358183],[-82.164832,30.358168],[-82.16499,30.358122],[-82.16511,30.358092],[-82.165143,30.3581],[-82.165169,30.358141],[-82.165271,30.358204],[-82.165425,30.358325],[-82.165531,30.358383],[-82.165606,30.358413],[-82.165645,30.358424],[-82.165687,30.358429],[-82.165728,30.358428],[-82.16581,30.358416],[-82.165888,30.358391],[-82.165929,30.358385],[-82.166169,30.358444],[-82.166383,30.358555],[-82.166429,30.358589],[-82.16643,30.358661],[-82.166402,30.358839],[-82.166395,30.358911],[-82.166398,30.358982],[-82.166413,30.359089],[-82.166423,30.359124],[-82.166499,30.359291],[-82.166551,30.359389],[-82.166623,30.359477],[-82.166679,30.35953],[-82.166811,30.359617],[-82.166867,30.359668],[-82.16695,30.359674],[-82.166991,30.359681],[-82.16703,30.359694],[-82.167066,30.359712],[-82.167098,30.359735],[-82.167125,30.359763],[-82.167192,30.359853],[-82.167249,30.359906],[-82.167339,30.35998],[-82.167376,30.359996],[-82.167416,30.360008],[-82.167538,30.360027],[-82.167577,30.360024],[-82.167648,30.359986],[-82.167713,30.35994],[-82.167782,30.359901],[-82.167951,30.359742],[-82.167986,30.359722],[-82.168145,30.35968],[-82.168267,30.359659],[-82.168433,30.359644],[-82.168474,30.359648],[-82.168516,30.359647],[-82.168557,30.359641],[-82.168837,30.359571],[-82.168915,30.359547],[-82.168953,30.359531],[-82.168981,30.359505],[-82.169108,30.359362],[-82.169231,30.359175],[-82.169256,30.359146],[-82.169285,30.35912],[-82.169449,30.35901],[-82.169484,30.358991],[-82.169559,30.35896],[-82.169759,30.35891],[-82.169842,30.358904],[-82.169967,30.358905],[-82.170008,30.358909],[-82.170048,30.35892],[-82.1702,30.358978],[-82.170297,30.359046],[-82.170389,30.359118],[-82.170437,30.359177],[-82.170521,30.359256],[-82.170673,30.359379],[-82.170797,30.359607],[-82.170886,30.359729],[-82.170914,30.359755],[-82.170946,30.359778],[-82.170982,30.359797],[-82.171062,30.359815],[-82.171186,30.359825],[-82.171391,30.359851],[-82.17151,30.359884],[-82.171626,30.359924],[-82.171696,30.359962],[-82.171728,30.359985],[-82.171892,30.360148],[-82.171911,30.36018],[-82.171958,30.360238],[-82.172012,30.360325],[-82.171992,30.360467],[-82.171997,30.360539],[-82.172025,30.360644],[-82.172116,30.360844],[-82.172124,30.360879],[-82.172143,30.360912],[-82.172225,30.360993],[-82.172256,30.361016],[-82.172355,30.361131],[-82.172419,30.361178],[-82.172524,30.361236],[-82.172555,30.361259],[-82.172702,30.361433],[-82.172786,30.361557],[-82.172824,30.36166],[-82.172897,30.361828],[-82.17291,30.361898],[-82.172912,30.36197],[-82.172904,30.362005],[-82.172898,30.362076],[-82.172868,30.362251],[-82.172763,30.362561],[-82.172749,30.362703],[-82.172756,30.362847],[-82.172767,30.362881],[-82.172892,30.363024],[-82.172921,30.36305],[-82.172989,30.363091],[-82.173277,30.363236],[-82.17331,30.363258],[-82.173399,30.363333],[-82.173455,30.363386],[-82.173556,30.3635],[-82.173628,30.363588],[-82.173666,30.363652],[-82.173701,30.363755],[-82.173719,30.363825],[-82.173741,30.363968],[-82.173733,30.364039],[-82.173649,30.36428],[-82.173587,30.364412],[-82.17354,30.364587],[-82.173529,30.364658],[-82.173529,30.364694],[-82.173552,30.364799],[-82.173603,30.364896],[-82.173649,30.364956],[-82.173748,30.365072],[-82.173799,30.365117],[-82.173836,30.365133],[-82.173906,30.365171],[-82.174108,30.365252],[-82.174355,30.365348],[-82.174493,30.365427],[-82.174616,30.365524],[-82.174672,30.365577],[-82.174802,30.365717],[-82.174932,30.3659],[-82.175087,30.366069],[-82.1752,30.366175],[-82.17533,30.366264],[-82.175401,30.366301],[-82.175593,30.366368],[-82.175665,30.366403],[-82.175734,30.366442],[-82.175772,30.366459],[-82.175812,30.366467],[-82.175854,30.36647],[-82.175895,30.366466],[-82.175973,30.366443],[-82.17601,30.366426],[-82.176077,30.366386],[-82.1761,30.366355],[-82.176146,30.366256],[-82.176173,30.366229],[-82.176207,30.366207],[-82.176244,30.366192],[-82.176285,30.366183],[-82.176408,30.366183],[-82.17645,30.366188],[-82.176522,30.366222],[-82.176615,30.366294],[-82.176731,30.366396],[-82.176751,30.366428],[-82.176764,30.366462],[-82.176771,30.366497],[-82.176804,30.366601],[-82.176822,30.366633],[-82.177033,30.3669],[-82.177061,30.366927],[-82.177274,30.367098],[-82.177456,30.367187],[-82.177611,30.367236],[-82.177731,30.367265],[-82.178114,30.367403],[-82.178182,30.367444],[-82.178296,30.367549],[-82.17853,30.367799],[-82.178769,30.367999],[-82.178969,30.368127],[-82.179046,30.368154],[-82.179148,30.368216],[-82.17931,30.368328],[-82.179403,30.368399],[-82.179468,30.368443],[-82.179815,30.368641],[-82.179855,30.368652],[-82.179977,30.368668],[-82.18006,30.368658],[-82.1801,30.368649],[-82.180138,30.368635],[-82.180321,30.368549],[-82.180479,30.368505],[-82.180724,30.368465],[-82.180765,30.368468],[-82.180806,30.368476],[-82.180841,30.368495],[-82.180994,30.368617],[-82.181048,30.368672],[-82.181065,30.368728],[-82.18107,30.368764],[-82.181066,30.368798],[-82.181031,30.368864],[-82.180989,30.368926],[-82.180964,30.368954],[-82.180933,30.368979],[-82.180778,30.369148],[-82.180755,30.369178],[-82.180697,30.369273],[-82.180642,30.369446],[-82.18066,30.369661],[-82.180677,30.369767],[-82.180705,30.369834],[-82.180714,30.36987],[-82.180769,30.369966],[-82.180791,30.369997],[-82.181141,30.370399],[-82.181256,30.370549],[-82.181274,30.370581],[-82.181286,30.370616],[-82.181305,30.370795],[-82.181306,30.370867],[-82.181287,30.371082],[-82.181277,30.371117],[-82.18126,30.37115],[-82.181153,30.371304],[-82.181034,30.371404],[-82.180999,30.371422],[-82.180767,30.371504],[-82.180687,30.371522],[-82.180649,30.371538],[-82.180546,30.371598],[-82.180482,30.371643],[-82.180391,30.371716],[-82.180277,30.37182],[-82.180253,30.37185],[-82.180237,30.371883],[-82.180164,30.372089],[-82.180165,30.372161],[-82.180191,30.372339],[-82.180243,30.372586],[-82.180271,30.372654],[-82.180405,30.372835],[-82.180454,30.372893],[-82.180649,30.373026],[-82.180718,30.373067],[-82.180757,30.373079],[-82.18092,30.373104],[-82.181086,30.373117],[-82.181252,30.373107],[-82.181458,30.373085],[-82.181498,30.373077],[-82.181537,30.373064],[-82.181856,30.372895],[-82.182088,30.372814],[-82.182205,30.372778],[-82.182246,30.372769],[-82.182328,30.372763],[-82.18262,30.372774],[-82.182739,30.372805],[-82.182817,30.37283],[-82.182927,30.37288],[-82.182997,30.372919],[-82.183293,30.373116],[-82.183348,30.37317],[-82.183496,30.373344],[-82.183599,30.3735],[-82.183689,30.373739],[-82.183734,30.373951],[-82.183757,30.374129],[-82.183756,30.3742],[-82.183741,30.374271],[-82.183684,30.374406],[-82.183607,30.374903],[-82.183597,30.375046],[-82.183592,30.375226],[-82.183658,30.375581],[-82.183767,30.375814],[-82.183788,30.375845],[-82.183864,30.375931],[-82.183973,30.376084],[-82.184022,30.376183],[-82.184119,30.376458],[-82.184155,30.376524],[-82.184202,30.376583],[-82.184278,30.376711],[-82.184375,30.376828],[-82.184409,30.376894],[-82.184446,30.377071],[-82.184451,30.377214],[-82.184513,30.377423],[-82.18452,30.377458],[-82.184538,30.377638],[-82.184536,30.377709],[-82.184524,30.377742],[-82.184495,30.377768],[-82.184462,30.377834],[-82.18444,30.377903],[-82.18444,30.377975],[-82.184465,30.378044],[-82.184484,30.378076],[-82.184511,30.378144],[-82.184519,30.378179],[-82.184521,30.378215],[-82.184568,30.378426],[-82.184596,30.378604],[-82.184619,30.37871],[-82.18464,30.378779],[-82.184655,30.378813],[-82.184678,30.378842],[-82.184736,30.378894],[-82.184798,30.378942],[-82.184832,30.378962],[-82.184983,30.379023],[-82.185023,30.379016],[-82.185063,30.379004],[-82.185136,30.37897],[-82.185169,30.378948],[-82.185498,30.378794],[-82.185569,30.378756],[-82.185607,30.378742],[-82.185688,30.378724],[-82.18581,30.378704],[-82.185934,30.378692],[-82.185976,30.378692],[-82.186057,30.378707],[-82.186136,30.378731],[-82.186173,30.378748],[-82.186367,30.378883],[-82.186514,30.378952],[-82.18659,30.378981],[-82.186788,30.379037],[-82.18687,30.379041],[-82.186912,30.379039],[-82.187073,30.379003],[-82.187112,30.37899],[-82.187217,30.378933],[-82.187278,30.378884],[-82.187365,30.378761],[-82.187419,30.378664],[-82.187445,30.378596],[-82.187485,30.378457],[-82.187554,30.378326],[-82.187636,30.378201],[-82.187712,30.378116],[-82.187825,30.378011],[-82.187856,30.377987],[-82.18806,30.377863],[-82.1882,30.377786],[-82.188355,30.377735],[-82.188595,30.377678],[-82.188674,30.377655],[-82.188749,30.377624],[-82.18882,30.377586],[-82.188886,30.377543],[-82.188947,30.377495],[-82.18908,30.377357],[-82.18916,30.377232],[-82.189248,30.37707],[-82.189276,30.377002],[-82.189421,30.376591],[-82.189473,30.376493],[-82.189615,30.376274],[-82.189646,30.37625],[-82.189753,30.376196],[-82.189918,30.376176],[-82.190084,30.376184],[-82.190204,30.376214],[-82.19024,30.376231],[-82.190301,30.376281],[-82.190344,30.376382],[-82.190363,30.376414],[-82.190408,30.376474],[-82.190425,30.376506],[-82.19047,30.376567],[-82.190704,30.376857],[-82.190746,30.376918],[-82.190862,30.377064],[-82.19089,30.377091],[-82.190957,30.377132],[-82.19103,30.377167],[-82.191069,30.37718],[-82.191116,30.377263],[-82.191174,30.377398],[-82.191295,30.377585],[-82.19134,30.377646],[-82.191532,30.377834],[-82.191849,30.378168],[-82.192118,30.378391],[-82.192462,30.378702],[-82.192599,30.378837],[-82.192789,30.379071],[-82.192826,30.379135],[-82.192847,30.379241],[-82.192844,30.379384],[-82.192824,30.37949],[-82.192748,30.37977],[-82.192596,30.380215],[-82.192587,30.380287],[-82.192582,30.380787],[-82.192646,30.38103],[-82.192693,30.381313],[-82.192728,30.381672],[-82.192728,30.381743],[-82.192752,30.382031],[-82.192809,30.382126],[-82.19283,30.382196],[-82.19286,30.382336],[-82.192891,30.382402],[-82.192959,30.38257],[-82.193008,30.382669],[-82.193054,30.382728],[-82.193257,30.382954],[-82.193363,30.383108],[-82.193391,30.383176],[-82.193413,30.383245],[-82.193429,30.383315],[-82.193425,30.383351],[-82.193404,30.38342],[-82.193293,30.383653],[-82.193212,30.383778],[-82.193188,30.383807],[-82.193105,30.383887],[-82.192975,30.383978],[-82.192864,30.384026],[-82.192787,30.384052],[-82.192705,30.384064],[-82.192622,30.384068],[-82.192498,30.38406],[-82.192456,30.384054],[-82.192376,30.384035],[-82.192298,30.384009],[-82.192258,30.384],[-82.192092,30.383997],[-82.191968,30.384013],[-82.191935,30.384034],[-82.191907,30.38406],[-82.19189,30.384093],[-82.191825,30.384264],[-82.191771,30.384474],[-82.191761,30.384546],[-82.191763,30.384618],[-82.191792,30.384722],[-82.191824,30.384789],[-82.191845,30.38482],[-82.191935,30.384894],[-82.192191,30.385129],[-82.192255,30.385176],[-82.192424,30.385279],[-82.192554,30.385369],[-82.19266,30.385425],[-82.192785,30.385521],[-82.192902,30.385623],[-82.192963,30.385671],[-82.193061,30.385738],[-82.193179,30.385839],[-82.19323,30.385896],[-82.193251,30.385927],[-82.193263,30.385961],[-82.19332,30.386208],[-82.193296,30.386245],[-82.193281,30.386279],[-82.193224,30.386488],[-82.193161,30.386841],[-82.193156,30.386984],[-82.193126,30.387162],[-82.193182,30.387335],[-82.193228,30.387691],[-82.193259,30.387758],[-82.193305,30.387896],[-82.193357,30.388032],[-82.193441,30.388156],[-82.193488,30.388256],[-82.193528,30.388318],[-82.193634,30.388512],[-82.193675,30.388575],[-82.193702,30.388603],[-82.193778,30.38873],[-82.193896,30.388878],[-82.194018,30.389023],[-82.19418,30.389186],[-82.194211,30.38921],[-82.194246,30.389229],[-82.19431,30.389275],[-82.19441,30.389339],[-82.194582,30.389439],[-82.194695,30.389486],[-82.194774,30.389507],[-82.194938,30.38953],[-82.19498,30.389533],[-82.195021,30.389529],[-82.195224,30.389488],[-82.195262,30.389474],[-82.195442,30.389382],[-82.195463,30.389354],[-82.195486,30.389285],[-82.195623,30.389023],[-82.195705,30.388898],[-82.195837,30.388674],[-82.195962,30.388529],[-82.196019,30.388478],[-82.196153,30.388392],[-82.196263,30.388342],[-82.196381,30.388306],[-82.196504,30.388289],[-82.196587,30.388284],[-82.196791,30.388317],[-82.196831,30.388327],[-82.197053,30.388425],[-82.197302,30.388554],[-82.197375,30.388588],[-82.197576,30.388715],[-82.197857,30.38898],[-82.197983,30.389074],[-82.19817,30.389153],[-82.19829,30.389184],[-82.198406,30.389222],[-82.198482,30.389253],[-82.198553,30.389289],[-82.198631,30.389315],[-82.198775,30.389387],[-82.198842,30.389428],[-82.198879,30.389445],[-82.198912,30.389467],[-82.199058,30.389594],[-82.199112,30.389648],[-82.199228,30.389838],[-82.199272,30.389977],[-82.199276,30.390013],[-82.199272,30.390084],[-82.199197,30.390213],[-82.199115,30.390294],[-82.199053,30.390342],[-82.198939,30.390387],[-82.19882,30.390418],[-82.198625,30.390481],[-82.198515,30.390532],[-82.198423,30.390604],[-82.198347,30.39069],[-82.198206,30.39091],[-82.198106,30.391106],[-82.198087,30.391176],[-82.198072,30.391318],[-82.198058,30.391388],[-82.198054,30.391522],[-82.198053,30.391568],[-82.198061,30.391639],[-82.198082,30.391745],[-82.198111,30.391849],[-82.198218,30.392082],[-82.19831,30.392201],[-82.198417,30.392354],[-82.19848,30.392413],[-82.198621,30.392488],[-82.198805,30.39257],[-82.199032,30.392657],[-82.199135,30.392718],[-82.199198,30.392764],[-82.199252,30.392819],[-82.199523,30.393136],[-82.199717,30.393271],[-82.19979,30.393305],[-82.199917,30.393399],[-82.200001,30.393479],[-82.200194,30.393544],[-82.200226,30.393568],[-82.200253,30.393595],[-82.200312,30.39369],[-82.20035,30.393829],[-82.200364,30.393862],[-82.200373,30.394004],[-82.200367,30.394075],[-82.200347,30.394217],[-82.200291,30.394389],[-82.200262,30.39453],[-82.200263,30.394566],[-82.200281,30.394636],[-82.200316,30.394739],[-82.200372,30.394835],[-82.200445,30.394923],[-82.200476,30.394947],[-82.200559,30.394956],[-82.200599,30.394966],[-82.200676,30.394993],[-82.200756,30.395012],[-82.200878,30.395034],[-82.200953,30.395064],[-82.201035,30.395074],[-82.201072,30.395091],[-82.201148,30.395118],[-82.201185,30.395136],[-82.201217,30.395159],[-82.201326,30.395267],[-82.201403,30.395356],[-82.201506,30.39574],[-82.20158,30.395946],[-82.201618,30.396086],[-82.201652,30.396263],[-82.201688,30.396403],[-82.201757,30.396572],[-82.201891,30.396795],[-82.201925,30.396861],[-82.201969,30.397074],[-82.201992,30.397216],[-82.201999,30.397287],[-82.201983,30.39743],[-82.201975,30.397466],[-82.20196,30.397499],[-82.201883,30.397626],[-82.201883,30.397662],[-82.201922,30.397875],[-82.201935,30.397909],[-82.201954,30.397941],[-82.202048,30.398058],[-82.202219,30.398216],[-82.202255,30.398233],[-82.202371,30.398273],[-82.202412,30.398281],[-82.202438,30.398308],[-82.202482,30.398369],[-82.202514,30.398435],[-82.202631,30.398584],[-82.202781,30.398709],[-82.202843,30.398756],[-82.202901,30.398808],[-82.202978,30.398892],[-82.203039,30.398986],[-82.203084,30.399086],[-82.203107,30.399155],[-82.203112,30.399191],[-82.203117,30.399371],[-82.203097,30.399512],[-82.203085,30.399547],[-82.203009,30.399713],[-82.202957,30.399849],[-82.202929,30.399954],[-82.202841,30.400231],[-82.202836,30.400267],[-82.20283,30.400411],[-82.202834,30.400519],[-82.202843,30.40059],[-82.202843,30.400626],[-82.202793,30.400946],[-82.202793,30.400982],[-82.202809,30.401125],[-82.202819,30.40116],[-82.20286,30.401262],[-82.202885,30.40129],[-82.202949,30.401337],[-82.203056,30.401392],[-82.203123,30.401435],[-82.203196,30.40147],[-82.203236,30.401479],[-82.203318,30.401471],[-82.203352,30.401455],[-82.203379,30.401427],[-82.203471,30.401354],[-82.203579,30.401299],[-82.203618,30.401288],[-82.20366,30.401285],[-82.203701,30.401288],[-82.203947,30.401327],[-82.203985,30.401339],[-82.204094,30.401393],[-82.204184,30.401467],[-82.204231,30.401526],[-82.204248,30.401559],[-82.204258,30.401594],[-82.204268,30.401738],[-82.204263,30.401917],[-82.204289,30.402059],[-82.204307,30.40213],[-82.204335,30.402197],[-82.204353,30.40223],[-82.204449,30.402347],[-82.204529,30.40243],[-82.204571,30.402492],[-82.204614,30.402593],[-82.20463,30.402664],[-82.204663,30.402768],[-82.204681,30.402844],[-82.204651,30.403055],[-82.20464,30.403089],[-82.204594,30.403149],[-82.204564,30.403174],[-82.204424,30.403251],[-82.20435,30.403284],[-82.204309,30.403288],[-82.204188,30.403262],[-82.204106,30.403264],[-82.203943,30.403291],[-82.203824,30.403325],[-82.203743,30.403342],[-82.203548,30.403405],[-82.203463,30.403453],[-82.20341,30.403484],[-82.203313,30.403552],[-82.203261,30.403608],[-82.203257,30.403644],[-82.203258,30.403716],[-82.203278,30.403822],[-82.203316,30.403925],[-82.203424,30.404159],[-82.203655,30.404581],[-82.203706,30.404718],[-82.203772,30.404926],[-82.203776,30.404961],[-82.203756,30.405031],[-82.203753,30.405282],[-82.203763,30.405317],[-82.203781,30.40535],[-82.203883,30.405462],[-82.20399,30.405616],[-82.204067,30.405701],[-82.204131,30.405748],[-82.204147,30.40578],[-82.204171,30.405849],[-82.204267,30.406008],[-82.204409,30.406186],[-82.204437,30.406213],[-82.204558,30.40631],[-82.204672,30.406355],[-82.204713,30.406363],[-82.204878,30.406349],[-82.205246,30.406287],[-82.205451,30.406261],[-82.205617,30.406253],[-82.205749,30.406258],[-82.205908,30.406264],[-82.206072,30.406287],[-82.206193,30.406312],[-82.206232,30.406326],[-82.206411,30.406416],[-82.206599,30.406559],[-82.206626,30.406585],[-82.206731,30.406781],[-82.206758,30.406849],[-82.206767,30.406884],[-82.206781,30.407028],[-82.206779,30.407114],[-82.206778,30.407135],[-82.206769,30.407243],[-82.206758,30.407277],[-82.206741,30.40731],[-82.206717,30.407339],[-82.206581,30.407475],[-82.206548,30.407497],[-82.206434,30.407548],[-82.206401,30.407563],[-82.20586,30.40774],[-82.205641,30.407838],[-82.205501,30.407915],[-82.205449,30.407971],[-82.205389,30.408065],[-82.205376,30.408099],[-82.205352,30.408205],[-82.20533,30.408346],[-82.20534,30.408453],[-82.205355,30.408524],[-82.205372,30.408557],[-82.205427,30.40863],[-82.205462,30.408677],[-82.205511,30.408735],[-82.2056,30.408811],[-82.205823,30.409076],[-82.205937,30.409267],[-82.206062,30.40941],[-82.206226,30.409618],[-82.206349,30.409806],[-82.206407,30.40994],[-82.206418,30.409975],[-82.206439,30.410104],[-82.206476,30.41033],[-82.206489,30.410473],[-82.206484,30.410508],[-82.206476,30.410686],[-82.206445,30.410826],[-82.206416,30.410892],[-82.206293,30.411119],[-82.206194,30.411234],[-82.205993,30.411507],[-82.205967,30.411536],[-82.205783,30.41168],[-82.205739,30.411742],[-82.205727,30.411776],[-82.205725,30.411812],[-82.205744,30.411918],[-82.205758,30.411952],[-82.205823,30.412045],[-82.205873,30.412102],[-82.206,30.412195],[-82.206152,30.412253],[-82.206274,30.412232],[-82.206441,30.412225],[-82.20673,30.412255],[-82.206811,30.412272],[-82.206846,30.412292],[-82.206914,30.412383],[-82.206966,30.412438],[-82.20706,30.412524],[-82.207194,30.412648],[-82.20734,30.412822],[-82.207405,30.412914],[-82.207474,30.413084],[-82.207497,30.413153],[-82.207551,30.413437],[-82.207562,30.413471],[-82.207594,30.413511],[-82.207651,30.413535],[-82.207775,30.413586],[-82.207879,30.413646],[-82.207954,30.413678],[-82.207987,30.4137],[-82.208075,30.413776],[-82.208212,30.413911],[-82.208278,30.414003],[-82.208344,30.414135],[-82.208368,30.414204],[-82.208387,30.41431],[-82.208386,30.414346],[-82.208359,30.414451],[-82.208329,30.414518],[-82.208308,30.41455],[-82.208282,30.414577],[-82.208237,30.414638],[-82.208165,30.414767],[-82.20812,30.414869],[-82.20809,30.414888],[-82.208012,30.414913],[-82.207904,30.414967],[-82.207871,30.414989],[-82.207817,30.415044],[-82.207774,30.415105],[-82.20769,30.415184],[-82.207602,30.415305],[-82.207387,30.415692],[-82.207326,30.415849],[-82.207296,30.41593],[-82.207261,30.415995],[-82.2072,30.416089],[-82.20717,30.416156],[-82.207128,30.416218],[-82.207101,30.416245],[-82.207008,30.416318],[-82.206944,30.416363],[-82.206799,30.416491],[-82.206709,30.416612],[-82.206661,30.41667],[-82.206581,30.416795],[-82.206547,30.41686],[-82.206524,30.41689],[-82.206473,30.416987],[-82.206436,30.41709],[-82.206433,30.417126],[-82.206436,30.417162],[-82.206454,30.417232],[-82.206473,30.417263],[-82.206521,30.417322],[-82.206609,30.417398],[-82.206674,30.417443],[-82.206827,30.417499],[-82.207039,30.417384],[-82.207115,30.417355],[-82.207394,30.417283],[-82.207681,30.417246],[-82.207722,30.417253],[-82.20776,30.417267],[-82.207968,30.417386],[-82.208,30.417409],[-82.208037,30.417473],[-82.208048,30.417545],[-82.208048,30.417581],[-82.208025,30.417687],[-82.208012,30.417721],[-82.207991,30.417752],[-82.207919,30.41784],[-82.207858,30.417889],[-82.207679,30.418086],[-82.207638,30.418149],[-82.207622,30.418182],[-82.207611,30.418217],[-82.207602,30.41836],[-82.207621,30.418466],[-82.207655,30.418532],[-82.207835,30.41873],[-82.207913,30.418755],[-82.207985,30.418791],[-82.208106,30.418889],[-82.208157,30.418946],[-82.208202,30.419006],[-82.208321,30.419195],[-82.208492,30.419559],[-82.20851,30.419629],[-82.208522,30.419699],[-82.208525,30.419805],[-82.208494,30.419947],[-82.208474,30.419977],[-82.20839,30.420057],[-82.208327,30.420103],[-82.208206,30.420201],[-82.208043,30.420311],[-82.207866,30.420404],[-82.207788,30.420428],[-82.207606,30.420514],[-82.207504,30.420576],[-82.207478,30.420604],[-82.207443,30.420669],[-82.207416,30.420737],[-82.207409,30.420773],[-82.207444,30.421056],[-82.207465,30.421126],[-82.207483,30.421158],[-82.20751,30.421185],[-82.207558,30.421244],[-82.207585,30.42127],[-82.207659,30.421303],[-82.207699,30.421314],[-82.207781,30.421326],[-82.208029,30.421345],[-82.208112,30.421343],[-82.208317,30.421345],[-82.208403,30.421347],[-82.208525,30.421329],[-82.208604,30.421304],[-82.208752,30.421242],[-82.208833,30.421223],[-82.208957,30.421214],[-82.208997,30.421221],[-82.209113,30.421262],[-82.209148,30.421281],[-82.209178,30.421306],[-82.209202,30.421335],[-82.209219,30.421368],[-82.209233,30.421438],[-82.209239,30.42151],[-82.20921,30.421687],[-82.209148,30.42182],[-82.209129,30.421852],[-82.209045,30.422094],[-82.209001,30.422341],[-82.209004,30.422412],[-82.209018,30.422518],[-82.209063,30.422657],[-82.20915,30.422858],[-82.209207,30.422954],[-82.209373,30.423203],[-82.209425,30.42326],[-82.209447,30.42329],[-82.209442,30.423354],[-82.209453,30.423389],[-82.209508,30.423486],[-82.209535,30.423514],[-82.209628,30.423585],[-82.209739,30.423632],[-82.210051,30.423728],[-82.210124,30.423762],[-82.210157,30.423784],[-82.210176,30.423816],[-82.210186,30.42385],[-82.21019,30.423886],[-82.210188,30.423922],[-82.210177,30.423957],[-82.21016,30.42399],[-82.210072,30.424111],[-82.21004,30.424178],[-82.210029,30.424213],[-82.210007,30.424319],[-82.210007,30.424355],[-82.210022,30.424461],[-82.210053,30.424565],[-82.210118,30.424655],[-82.210193,30.424741],[-82.210329,30.424876],[-82.210378,30.424933],[-82.210437,30.424984],[-82.210486,30.425041],[-82.21054,30.425095],[-82.210572,30.425118],[-82.210648,30.425145],[-82.210756,30.425197],[-82.210813,30.425249],[-82.210857,30.42535],[-82.210863,30.425385],[-82.210859,30.425421],[-82.210833,30.425488],[-82.210783,30.425587],[-82.210736,30.425646],[-82.21045,30.425907],[-82.210315,30.426042],[-82.210226,30.426117],[-82.210082,30.426292],[-82.21,30.426373],[-82.209904,30.426531],[-82.209793,30.426637],[-82.209682,30.426788],[-82.209607,30.426874],[-82.209563,30.426934],[-82.209535,30.427001],[-82.209514,30.427031],[-82.209409,30.427414],[-82.209388,30.427497],[-82.209313,30.427801],[-82.2093,30.427834],[-82.209193,30.428028],[-82.20914,30.428083],[-82.209095,30.428143],[-82.209059,30.428207],[-82.209008,30.428343],[-82.209004,30.428415],[-82.209006,30.42845],[-82.209014,30.428485],[-82.209042,30.428553],[-82.209092,30.428601],[-82.209127,30.428621],[-82.209242,30.428662],[-82.209403,30.428693],[-82.209565,30.428717],[-82.209765,30.428768],[-82.209799,30.428786],[-82.209814,30.428819],[-82.209835,30.428889],[-82.209833,30.428924],[-82.20981,30.429029],[-82.209782,30.429097],[-82.209756,30.429125],[-82.209659,30.429192],[-82.209588,30.429229],[-82.209555,30.429251],[-82.20951,30.42931],[-82.20947,30.429373],[-82.209401,30.429504],[-82.209307,30.429663],[-82.209294,30.429697],[-82.209261,30.429911],[-82.209278,30.429981],[-82.209292,30.430015],[-82.209331,30.430078],[-82.209471,30.430256],[-82.209538,30.430387],[-82.209567,30.430454],[-82.209581,30.430775],[-82.209565,30.430845],[-82.209537,30.430912],[-82.209509,30.431198],[-82.209438,30.431285],[-82.209411,30.431312],[-82.209318,30.431384],[-82.209252,30.431428],[-82.209175,30.431452],[-82.209134,30.431457],[-82.209092,30.431457],[-82.208968,30.431448],[-82.208926,30.431451],[-82.208886,30.43146],[-82.208852,30.431481],[-82.20879,30.431528],[-82.208715,30.431614],[-82.208704,30.431648],[-82.208691,30.431719],[-82.208694,30.431754],[-82.208745,30.43189],[-82.208761,30.431923],[-82.208782,30.432029],[-82.208801,30.43206],[-82.208834,30.432081],[-82.208871,30.432098],[-82.209032,30.432134],[-82.209147,30.432177],[-82.209187,30.432182],[-82.209271,30.432177],[-82.20931,30.43217],[-82.209342,30.432147],[-82.209414,30.432111],[-82.209454,30.432099],[-82.209536,30.432091],[-82.209658,30.432116],[-82.209697,30.432129],[-82.209726,30.432154],[-82.209789,30.432247],[-82.209802,30.432281],[-82.209806,30.432317],[-82.209801,30.432388],[-82.209807,30.432423],[-82.209774,30.432599],[-82.209765,30.43267],[-82.209764,30.432742],[-82.209723,30.433061],[-82.209685,30.433162],[-82.209643,30.433224],[-82.209614,30.43325],[-82.20954,30.433281],[-82.20942,30.433312],[-82.209174,30.433344],[-82.209134,30.433353],[-82.209066,30.433395],[-82.208992,30.433479],[-82.208973,30.433511],[-82.208922,30.433646],[-82.208917,30.433682],[-82.20892,30.433789],[-82.20893,30.43386],[-82.208965,30.434036],[-82.208962,30.434072],[-82.208952,30.434106],[-82.208945,30.434177],[-82.208906,30.434317],[-82.208871,30.434381],[-82.208859,30.434415],[-82.208812,30.434474],[-82.208785,30.434501],[-82.208694,30.434573],[-82.208623,30.43461],[-82.208474,30.434674],[-82.208394,30.434693],[-82.208353,30.434695],[-82.208312,30.43469],[-82.208284,30.434664],[-82.208261,30.434634],[-82.208187,30.434506],[-82.208165,30.434475],[-82.208137,30.434449],[-82.208073,30.434403],[-82.208039,30.434383],[-82.207999,30.434372],[-82.207917,30.434383],[-82.20788,30.4344],[-82.207814,30.434442],[-82.207775,30.434454],[-82.207531,30.434497],[-82.207492,30.434507],[-82.2073,30.434571],[-82.207255,30.434595],[-82.207202,30.434649],[-82.207178,30.434679],[-82.207152,30.434747],[-82.207154,30.434781],[-82.207172,30.434813],[-82.207195,30.434919],[-82.207189,30.435027],[-82.207165,30.435095],[-82.207149,30.435128],[-82.207128,30.435159],[-82.207034,30.43523],[-82.207,30.43525],[-82.206847,30.435307],[-82.206812,30.435326],[-82.206649,30.435436],[-82.20662,30.435462],[-82.206542,30.435546],[-82.206473,30.435635],[-82.206458,30.435668],[-82.206419,30.435731],[-82.206307,30.435962],[-82.2063,30.435997],[-82.206299,30.436032],[-82.206284,30.436102],[-82.206283,30.436172],[-82.206303,30.436314],[-82.2063,30.43635],[-82.206304,30.436421],[-82.206264,30.436634],[-82.20625,30.43674],[-82.206246,30.436812],[-82.206252,30.436954],[-82.206288,30.437094],[-82.206321,30.43716],[-82.206364,30.437221],[-82.206413,30.437277],[-82.206433,30.437309],[-82.206484,30.437366],[-82.206552,30.437405],[-82.206749,30.437534],[-82.206825,30.437618],[-82.206895,30.437706],[-82.20691,30.437739],[-82.206929,30.437808],[-82.206944,30.437915],[-82.206925,30.438305],[-82.206935,30.438376],[-82.206968,30.438441],[-82.207185,30.438747],[-82.207213,30.438794],[-82.207262,30.438874],[-82.207312,30.438971],[-82.20736,30.439108],[-82.207361,30.439143],[-82.207354,30.439179],[-82.207335,30.43921],[-82.207308,30.439238],[-82.207272,30.439256],[-82.207233,30.439268],[-82.20715,30.439275],[-82.207109,30.439272],[-82.207068,30.439275],[-82.206949,30.439307],[-82.206874,30.439336],[-82.206774,30.439398],[-82.20671,30.439443],[-82.206633,30.439467],[-82.206333,30.439589],[-82.206234,30.439653],[-82.206177,30.439706],[-82.206134,30.439766],[-82.206123,30.4398],[-82.206087,30.439863],[-82.206048,30.439965],[-82.206003,30.440103],[-82.205957,30.440203],[-82.205938,30.440235],[-82.205935,30.44027],[-82.205925,30.440305],[-82.205878,30.440404],[-82.205852,30.440431],[-82.20582,30.440454],[-82.205798,30.440484],[-82.205785,30.440518],[-82.205777,30.440589],[-82.205777,30.440625],[-82.205808,30.440765],[-82.205812,30.440837],[-82.20581,30.440873],[-82.205759,30.441009],[-82.205743,30.441042],[-82.205704,30.441105],[-82.205678,30.441133],[-82.205643,30.441152],[-82.205493,30.441211],[-82.205453,30.441222],[-82.205343,30.441272],[-82.2052,30.441344],[-82.205104,30.441413],[-82.205047,30.441464],[-82.204999,30.441523],[-82.204955,30.441623],[-82.204932,30.441765],[-82.204942,30.441836],[-82.204984,30.441974],[-82.205033,30.442073],[-82.205076,30.442133],[-82.205118,30.442271],[-82.205119,30.442306],[-82.205109,30.442341],[-82.205036,30.44247],[-82.205011,30.442499],[-82.204974,30.442512],[-82.204849,30.442507],[-82.204726,30.442525],[-82.204686,30.442534],[-82.204614,30.442569],[-82.204592,30.442585],[-82.204551,30.442616],[-82.204495,30.44272],[-82.204481,30.442754],[-82.204441,30.442966],[-82.204408,30.443251],[-82.204402,30.443358],[-82.204405,30.443429],[-82.2044,30.443535],[-82.204346,30.443744],[-82.204316,30.44381],[-82.204307,30.443845],[-82.204309,30.443881],[-82.204333,30.443949],[-82.204352,30.443981],[-82.204376,30.444049],[-82.204378,30.444121],[-82.204355,30.444298],[-82.204322,30.444402],[-82.204287,30.444466],[-82.204212,30.444552],[-82.204108,30.44461],[-82.204036,30.444644],[-82.203931,30.444702],[-82.203898,30.444724],[-82.203893,30.444759],[-82.203852,30.44486],[-82.203818,30.444924],[-82.203796,30.444954],[-82.203789,30.44499],[-82.203844,30.445086],[-82.203871,30.445113],[-82.203994,30.445207],[-82.204153,30.445319],[-82.204231,30.445403],[-82.204342,30.445565],[-82.204358,30.445588],[-82.204383,30.445656],[-82.20441,30.445761],[-82.204414,30.445797],[-82.204404,30.445904],[-82.204396,30.445938],[-82.204388,30.446008],[-82.204332,30.446176],[-82.2043,30.446241],[-82.204286,30.446347],[-82.20431,30.446416],[-82.204374,30.446507],[-82.2044,30.446535],[-82.204439,30.446598],[-82.20444,30.446635],[-82.204404,30.446811],[-82.204402,30.446883],[-82.204407,30.446954],[-82.204419,30.446989],[-82.204444,30.447017],[-82.204586,30.447092],[-82.204675,30.447166],[-82.204698,30.447196],[-82.204717,30.447266],[-82.20472,30.447301],[-82.204717,30.447337],[-82.204676,30.447476],[-82.204565,30.447628],[-82.204556,30.447663],[-82.20455,30.447734],[-82.204552,30.44777],[-82.204566,30.447804],[-82.204639,30.447891],[-82.204666,30.447918],[-82.204912,30.448051],[-82.204999,30.448126],[-82.205078,30.448207],[-82.205164,30.448329],[-82.205232,30.448417],[-82.205278,30.448516],[-82.205303,30.448619],[-82.205326,30.448905],[-82.20535,30.449118],[-82.205348,30.44919],[-82.205331,30.449296],[-82.205254,30.449501],[-82.205221,30.449566],[-82.205167,30.449775],[-82.205156,30.449846],[-82.205146,30.449881],[-82.205114,30.449947],[-82.205071,30.450008],[-82.205017,30.450062],[-82.204954,30.450155],[-82.204945,30.45019],[-82.204935,30.450261],[-82.204938,30.450297],[-82.204964,30.450365],[-82.204992,30.450392],[-82.205072,30.45041],[-82.205114,30.450412],[-82.205196,30.4504],[-82.205237,30.450406],[-82.205274,30.45042],[-82.205372,30.450535],[-82.2054,30.450562],[-82.205434,30.450582],[-82.205465,30.450606],[-82.205487,30.450633],[-82.205484,30.450669],[-82.205516,30.450772],[-82.205619,30.450881],[-82.205654,30.4509],[-82.205682,30.450925],[-82.205706,30.450953],[-82.205741,30.451054],[-82.205731,30.451089],[-82.205702,30.451155],[-82.205648,30.451207],[-82.205585,30.451254],[-82.205508,30.45128],[-82.205386,30.451301],[-82.205304,30.451302],[-82.205058,30.451272],[-82.204975,30.451272],[-82.204934,30.451278],[-82.204816,30.451314],[-82.20478,30.451331],[-82.204685,30.451448],[-82.204662,30.451551],[-82.204649,30.451585],[-82.204646,30.451656],[-82.204652,30.451728],[-82.204748,30.451846],[-82.204774,30.451914],[-82.204777,30.451949],[-82.204774,30.45202],[-82.204731,30.45212],[-82.204689,30.45218],[-82.204613,30.452307],[-82.204592,30.452375],[-82.204589,30.452411],[-82.204576,30.452445],[-82.204532,30.452504],[-82.204479,30.452558],[-82.204443,30.452574],[-82.204288,30.452626],[-82.204251,30.452642],[-82.20422,30.452666],[-82.20409,30.452803],[-82.204061,30.45287],[-82.204043,30.45294],[-82.204051,30.453045],[-82.204108,30.45314],[-82.204151,30.4532],[-82.204211,30.453248],[-82.204245,30.453269],[-82.204343,30.453383],[-82.204356,30.453417],[-82.204362,30.453487],[-82.204343,30.453628],[-82.204318,30.453695],[-82.204319,30.453731],[-82.20431,30.453766],[-82.204291,30.453798],[-82.204279,30.453832],[-82.204268,30.453904],[-82.204303,30.453923],[-82.204376,30.453975],[-82.204374,30.45401],[-82.204383,30.454082],[-82.20441,30.454149],[-82.204445,30.454214],[-82.204513,30.454301],[-82.204499,30.454343],[-82.204467,30.454484],[-82.20446,30.454586],[-82.204468,30.454618],[-82.204459,30.454654],[-82.20447,30.454754],[-82.204484,30.454785],[-82.204482,30.45482],[-82.204499,30.454886],[-82.204509,30.454991],[-82.204498,30.455348],[-82.204533,30.45545],[-82.204561,30.455477],[-82.204632,30.455513],[-82.20467,30.455527],[-82.204712,30.455529],[-82.204878,30.45552],[-82.205001,30.455528],[-82.205042,30.455534],[-82.205184,30.455606],[-82.20528,30.455671],[-82.20531,30.455697],[-82.205384,30.455727],[-82.205425,30.455736],[-82.205462,30.45575],[-82.205644,30.455835],[-82.205728,30.455836],[-82.205887,30.455798],[-82.205925,30.455782],[-82.206006,30.455701],[-82.206038,30.455678],[-82.20605,30.455672],[-82.206147,30.455626],[-82.20623,30.455619],[-82.206271,30.455619],[-82.20631,30.455632],[-82.206336,30.455649],[-82.20637,30.455681],[-82.20643,30.45573],[-82.206486,30.455782],[-82.206511,30.455811],[-82.20653,30.455843],[-82.20656,30.455947],[-82.206576,30.456088],[-82.206577,30.456159],[-82.206549,30.456336],[-82.206521,30.45644],[-82.20651,30.456468],[-82.206499,30.456546],[-82.206496,30.456617],[-82.206514,30.456649],[-82.206541,30.456677],[-82.206574,30.456699],[-82.20661,30.456716],[-82.206686,30.456746],[-82.206726,30.456756],[-82.206849,30.456769],[-82.207015,30.456765],[-82.207056,30.456771],[-82.207101,30.456783],[-82.207167,30.456826],[-82.207203,30.456843],[-82.207306,30.456904],[-82.207337,30.456927],[-82.207382,30.456987],[-82.207396,30.457021],[-82.207415,30.457091],[-82.207423,30.457162],[-82.207424,30.457233],[-82.207415,30.457431],[-82.207439,30.457536],[-82.207463,30.457565],[-82.207474,30.457598],[-82.207551,30.457683],[-82.20757,30.457714],[-82.207563,30.457785],[-82.207565,30.457821],[-82.207561,30.457857],[-82.20755,30.457891],[-82.207503,30.45799],[-82.20748,30.458019],[-82.207367,30.458122],[-82.207341,30.45815],[-82.207299,30.458212],[-82.207263,30.458276],[-82.207249,30.45831],[-82.207226,30.458554],[-82.207223,30.458625],[-82.20723,30.45866],[-82.207255,30.458689],[-82.207286,30.458713],[-82.207323,30.458729],[-82.2074,30.45875],[-82.207441,30.458812],[-82.207454,30.458847],[-82.20747,30.458916],[-82.207534,30.459124],[-82.207532,30.459303],[-82.207522,30.459373],[-82.207511,30.459408],[-82.207496,30.459514],[-82.20751,30.45962],[-82.207529,30.459689],[-82.207551,30.459795],[-82.207552,30.459937],[-82.20756,30.460044],[-82.207588,30.46011],[-82.207611,30.460179],[-82.207675,30.46031],[-82.207698,30.460378],[-82.207703,30.460413],[-82.207696,30.460485],[-82.207667,30.460626],[-82.207637,30.460692],[-82.207594,30.460753],[-82.207579,30.460786],[-82.207558,30.460817],[-82.207523,30.460836],[-82.207447,30.460864],[-82.207389,30.460914],[-82.207368,30.460945],[-82.207359,30.46098],[-82.207355,30.461051],[-82.207363,30.461121],[-82.207393,30.461293],[-82.207375,30.461363],[-82.20735,30.461431],[-82.207333,30.461464],[-82.207311,30.461494],[-82.20728,30.461517],[-82.207208,30.461553],[-82.207168,30.461561],[-82.206922,30.461589],[-82.206886,30.461607],[-82.206809,30.46163],[-82.206768,30.461637],[-82.206729,30.46165],[-82.206693,30.461667],[-82.206652,30.461668],[-82.206611,30.461675],[-82.206574,30.461689],[-82.206547,30.461716],[-82.206528,30.461749],[-82.206516,30.461783],[-82.206515,30.461853],[-82.206495,30.461958],[-82.206464,30.462061],[-82.206424,30.462124],[-82.206366,30.462176],[-82.206259,30.46223],[-82.20621,30.462287],[-82.206193,30.46232],[-82.206154,30.462421],[-82.206131,30.462562],[-82.206139,30.462597],[-82.206214,30.462765],[-82.206269,30.462818],[-82.206291,30.462848],[-82.206306,30.462882],[-82.206313,30.462918],[-82.206318,30.462952],[-82.206319,30.462988],[-82.206309,30.463059],[-82.206216,30.463295],[-82.206193,30.463363],[-82.206177,30.463395],[-82.206131,30.46353],[-82.206087,30.463628],[-82.206052,30.463691],[-82.206011,30.463794],[-82.206013,30.463829],[-82.206002,30.463861],[-82.205979,30.463967],[-82.205989,30.464038],[-82.205988,30.464073],[-82.206009,30.464142],[-82.20603,30.464172],[-82.206115,30.464251],[-82.206167,30.464307],[-82.206219,30.464428],[-82.206198,30.464479],[-82.206187,30.46455],[-82.206175,30.464583],[-82.206168,30.464654],[-82.206171,30.46469],[-82.206162,30.464759],[-82.206162,30.464795],[-82.20618,30.464901],[-82.206202,30.46497],[-82.206192,30.465039],[-82.206191,30.46511],[-82.206197,30.465146],[-82.206245,30.465204],[-82.206335,30.465277],[-82.206449,30.46532],[-82.206527,30.465343],[-82.206606,30.46547],[-82.206687,30.465632],[-82.206705,30.465701],[-82.206707,30.465737],[-82.206678,30.465804],[-82.206657,30.465835],[-82.20658,30.465917],[-82.206587,30.465988],[-82.206609,30.466058],[-82.206617,30.466129],[-82.206636,30.466199],[-82.206651,30.466305],[-82.206634,30.466338],[-82.206605,30.466364],[-82.206572,30.466386],[-82.206534,30.466401],[-82.206412,30.46642],[-82.206372,30.46643],[-82.206312,30.46648],[-82.206271,30.466542],[-82.206238,30.466608],[-82.206238,30.466643],[-82.206259,30.466712],[-82.206284,30.46674],[-82.206454,30.466896],[-82.206503,30.466954],[-82.20652,30.466986],[-82.206544,30.467054],[-82.206573,30.467158],[-82.206586,30.467229],[-82.206588,30.467265],[-82.206564,30.467405],[-82.206532,30.46747],[-82.206495,30.467532],[-82.206329,30.467689],[-82.206279,30.467746],[-82.206221,30.467841],[-82.206219,30.467877],[-82.206227,30.467936],[-82.2063,30.467971],[-82.206397,30.468038],[-82.206421,30.468068],[-82.206434,30.468102],[-82.206444,30.468173],[-82.206447,30.468244],[-82.206442,30.468315],[-82.206435,30.468351],[-82.206375,30.468521],[-82.206357,30.468554],[-82.206311,30.468614],[-82.206283,30.468641],[-82.206174,30.46869],[-82.206093,30.468707],[-82.205969,30.468707],[-82.205886,30.468703],[-82.205682,30.46868],[-82.205638,30.468618],[-82.205624,30.468584],[-82.205586,30.468521],[-82.205517,30.468431],[-82.205489,30.468405],[-82.205423,30.468363],[-82.205343,30.468342],[-82.205261,30.468331],[-82.205179,30.468332],[-82.2051,30.468355],[-82.205064,30.468371],[-82.204996,30.468411],[-82.204967,30.468436],[-82.20479,30.468527],[-82.204754,30.468592],[-82.20474,30.468626],[-82.204694,30.468685],[-82.204662,30.468708],[-82.2045,30.468738],[-82.204469,30.468762],[-82.204378,30.468881],[-82.204347,30.468947],[-82.204337,30.468982],[-82.204338,30.469018],[-82.20435,30.469088],[-82.204375,30.469157],[-82.204393,30.469189],[-82.204418,30.469217],[-82.204475,30.469268],[-82.204504,30.469335],[-82.204505,30.469441],[-82.204553,30.469614],[-82.204577,30.469719],[-82.204583,30.469827],[-82.204681,30.470057],[-82.204681,30.470094],[-82.204672,30.470164],[-82.204645,30.470232],[-82.20455,30.470349],[-82.204496,30.470403],[-82.204473,30.470433],[-82.204404,30.470564],[-82.204349,30.470699],[-82.204344,30.470734],[-82.204358,30.470805],[-82.204368,30.470912],[-82.204379,30.470982],[-82.204384,30.471054],[-82.204377,30.471101],[-82.204326,30.471143],[-82.204289,30.471159],[-82.204248,30.471165],[-82.204207,30.471165],[-82.204084,30.471149],[-82.204059,30.471143],[-82.204044,30.471139],[-82.203969,30.471111],[-82.203933,30.471092],[-82.203847,30.471015],[-82.203815,30.470992],[-82.203739,30.470963],[-82.203657,30.470957],[-82.203617,30.470968],[-82.203497,30.471065],[-82.203465,30.471131],[-82.203458,30.471166],[-82.203459,30.471236],[-82.203495,30.471337],[-82.203553,30.471432],[-82.203552,30.471467],[-82.20354,30.471501],[-82.203537,30.471572],[-82.20353,30.471608],[-82.203506,30.471676],[-82.203483,30.471706],[-82.203453,30.471731],[-82.20326,30.471865],[-82.203244,30.471897],[-82.203246,30.471969],[-82.203252,30.472004],[-82.20325,30.47204],[-82.203236,30.472072],[-82.203199,30.472136],[-82.203171,30.472202],[-82.203161,30.472236],[-82.203157,30.472271],[-82.203112,30.472407],[-82.203078,30.472837],[-82.203069,30.472862],[-82.203046,30.472938],[-82.203028,30.472971],[-82.20303,30.473077],[-82.20302,30.473111],[-82.203009,30.473182],[-82.202965,30.473243],[-82.202935,30.473267],[-82.202692,30.473401],[-82.20266,30.473424],[-82.202535,30.473609],[-82.202508,30.473637],[-82.202475,30.473656],[-82.202433,30.473653],[-82.202268,30.473658],[-82.202167,30.473722],[-82.202027,30.473796],[-82.201997,30.473804],[-82.201861,30.473933],[-82.201793,30.474109],[-82.201501,30.474236],[-82.201282,30.47438],[-82.201038,30.474671],[-82.201021,30.474794],[-82.200933,30.4752],[-82.200914,30.475267],[-82.200904,30.475506],[-82.200925,30.475676],[-82.201024,30.475925],[-82.201104,30.476011],[-82.201338,30.476139],[-82.201426,30.476272],[-82.201465,30.476675],[-82.201453,30.476808],[-82.201432,30.477157],[-82.201443,30.477339],[-82.201436,30.47747],[-82.201404,30.477548],[-82.20131,30.477697],[-82.201222,30.477861],[-82.201171,30.478022],[-82.201133,30.478066],[-82.201206,30.478112],[-82.201303,30.47819],[-82.201362,30.478316],[-82.20137,30.478448],[-82.201301,30.478541],[-82.201258,30.478658],[-82.201272,30.478755],[-82.201362,30.478852],[-82.201428,30.478981],[-82.201516,30.479173],[-82.201534,30.479212],[-82.201585,30.479514],[-82.20157,30.479631],[-82.201537,30.479774],[-82.201482,30.479942],[-82.201476,30.480069],[-82.201749,30.480373],[-82.201863,30.48042],[-82.201968,30.480407],[-82.202133,30.480418],[-82.202254,30.48047],[-82.202346,30.480557],[-82.202411,30.48067],[-82.202438,30.480848],[-82.202412,30.480947],[-82.202399,30.481167],[-82.202394,30.481198],[-82.202389,30.481227],[-82.202299,30.481403],[-82.202235,30.481461],[-82.202212,30.481499],[-82.202182,30.481505],[-82.202183,30.481535],[-82.202173,30.48157],[-82.202124,30.481689],[-82.202161,30.481778],[-82.202347,30.481842],[-82.202543,30.481881],[-82.202966,30.48188],[-82.203116,30.481989],[-82.203176,30.482076],[-82.203209,30.48219],[-82.203187,30.482388],[-82.203129,30.48256],[-82.203082,30.482669],[-82.202987,30.482747],[-82.202818,30.482856],[-82.20271,30.483017],[-82.20269,30.483135],[-82.20265,30.483269],[-82.202654,30.48338],[-82.202669,30.483497],[-82.20261,30.483604],[-82.202537,30.483695],[-82.202473,30.483767],[-82.202471,30.483847],[-82.20245,30.483969],[-82.202354,30.484092],[-82.202269,30.484181],[-82.202079,30.484277],[-82.201903,30.484355],[-82.201777,30.484454],[-82.201682,30.484599],[-82.201574,30.484717],[-82.201428,30.484935],[-82.201243,30.48512],[-82.201304,30.485279],[-82.201403,30.485405],[-82.201435,30.485541],[-82.201614,30.485649],[-82.201756,30.48578],[-82.201718,30.486196],[-82.201732,30.486311],[-82.201966,30.48635],[-82.202274,30.486408],[-82.20255,30.486556],[-82.202909,30.486833],[-82.202987,30.487112],[-82.203016,30.487314],[-82.203049,30.487441],[-82.203051,30.487609],[-82.202865,30.487784],[-82.202867,30.487872],[-82.202931,30.48793],[-82.203196,30.488156],[-82.203236,30.48819],[-82.203282,30.488186],[-82.203418,30.488178],[-82.203588,30.488287],[-82.203643,30.488305],[-82.203676,30.488506],[-82.203671,30.488571],[-82.203702,30.488754],[-82.203829,30.489124],[-82.203875,30.489212],[-82.203919,30.489288],[-82.203943,30.489316],[-82.204022,30.489438],[-82.204099,30.489521],[-82.204133,30.48954],[-82.204156,30.489569],[-82.204217,30.489615],[-82.204322,30.489723],[-82.204381,30.489772],[-82.20446,30.489854],[-82.204521,30.489947],[-82.204609,30.490069],[-82.204776,30.490271],[-82.204865,30.490394],[-82.204915,30.49045],[-82.204984,30.490539],[-82.205034,30.490596],[-82.205234,30.490775],[-82.20535,30.490814],[-82.205391,30.490819],[-82.20543,30.490808],[-82.205466,30.490789],[-82.205498,30.490766],[-82.205522,30.490737],[-82.20568,30.490622],[-82.205715,30.490602],[-82.205756,30.490598],[-82.205797,30.4906],[-82.205838,30.490608],[-82.205987,30.49067],[-82.206021,30.49069],[-82.206047,30.490718],[-82.206069,30.490749],[-82.206123,30.490844],[-82.206146,30.490911],[-82.206137,30.49098],[-82.206113,30.491043],[-82.206095,30.491111],[-82.206098,30.491182],[-82.206109,30.491217],[-82.206137,30.491243],[-82.206198,30.491289],[-82.206231,30.491309],[-82.206381,30.491371],[-82.206414,30.491392],[-82.20649,30.491476],[-82.206561,30.491642],[-82.206567,30.491713],[-82.20656,30.491816],[-82.20655,30.491851],[-82.206526,30.49188],[-82.206469,30.49193],[-82.206436,30.49195],[-82.206406,30.491975],[-82.206383,30.492004],[-82.206354,30.492029],[-82.206321,30.492049],[-82.206316,30.492083],[-82.206332,30.492116],[-82.20635,30.492255],[-82.206343,30.492288],[-82.206359,30.49232],[-82.206338,30.492351],[-82.206347,30.492382],[-82.206326,30.492413],[-82.206318,30.492484],[-82.206319,30.492519],[-82.206408,30.492639],[-82.206461,30.492693],[-82.206508,30.492752],[-82.206564,30.492845],[-82.206609,30.492976],[-82.20662,30.493043],[-82.206674,30.493212],[-82.206768,30.493281],[-82.206805,30.493295],[-82.207011,30.493288],[-82.207053,30.49329],[-82.207132,30.493307],[-82.207166,30.493326],[-82.207227,30.493457],[-82.207236,30.493492],[-82.207226,30.493634],[-82.207212,30.49374],[-82.207214,30.493757],[-82.207541,30.493783],[-82.207677,30.493687],[-82.207867,30.493655],[-82.208101,30.493882],[-82.208286,30.494139],[-82.208264,30.494334],[-82.20826,30.494401],[-82.208239,30.494425],[-82.208205,30.494552],[-82.208284,30.494648],[-82.208385,30.494771],[-82.208463,30.494827],[-82.208489,30.49483],[-82.208492,30.494848],[-82.208554,30.494893],[-82.208589,30.494919],[-82.208657,30.4949],[-82.208681,30.494885],[-82.208712,30.494884],[-82.208772,30.494867],[-82.20901,30.494747],[-82.209249,30.494683],[-82.209491,30.494798],[-82.209652,30.495025],[-82.209798,30.495231],[-82.209803,30.495336],[-82.209791,30.495352],[-82.209805,30.495382],[-82.209794,30.495409],[-82.209772,30.495435],[-82.209776,30.495454],[-82.20973,30.49557],[-82.209725,30.495663],[-82.209831,30.495742],[-82.209892,30.495834],[-82.209938,30.496009],[-82.209983,30.496091],[-82.210005,30.49613],[-82.210172,30.496235],[-82.210417,30.496332],[-82.210756,30.49645],[-82.21087,30.496548],[-82.210962,30.49671],[-82.211077,30.496865],[-82.211159,30.49696],[-82.211402,30.497132],[-82.211581,30.497295],[-82.211582,30.497483],[-82.211661,30.497849],[-82.212075,30.498108],[-82.212122,30.498217],[-82.212158,30.498325],[-82.212154,30.498475],[-82.212122,30.498602],[-82.212117,30.498666],[-82.212114,30.498713],[-82.21213,30.498809],[-82.212247,30.49889],[-82.21242,30.498959],[-82.212577,30.499049],[-82.212617,30.49906],[-82.212622,30.499082],[-82.212642,30.499105],[-82.212674,30.499141],[-82.212694,30.499148],[-82.212693,30.4992],[-82.212707,30.499257],[-82.212696,30.499387],[-82.212673,30.499407],[-82.212568,30.499499],[-82.212411,30.499549],[-82.212276,30.499593],[-82.212174,30.49967],[-82.212124,30.499747],[-82.212124,30.499884],[-82.212153,30.500005],[-82.212181,30.500025],[-82.212261,30.500082],[-82.21227,30.500091],[-82.21235,30.500175],[-82.212426,30.500241],[-82.212487,30.500344],[-82.212546,30.50044],[-82.212636,30.500527],[-82.212635,30.500555],[-82.213029,30.500764],[-82.213061,30.500769],[-82.213252,30.500967],[-82.213582,30.501209],[-82.213931,30.501352],[-82.214166,30.501396],[-82.2143,30.501511],[-82.214313,30.501561],[-82.214344,30.501572],[-82.214351,30.501599],[-82.214383,30.501628],[-82.214471,30.501709],[-82.214573,30.501764],[-82.214662,30.501797],[-82.214725,30.501748],[-82.214808,30.501566],[-82.214954,30.501467],[-82.215062,30.50144],[-82.215215,30.501412],[-82.215342,30.501445],[-82.215526,30.50161],[-82.215691,30.50183],[-82.215799,30.50199],[-82.215856,30.502215],[-82.215913,30.502336],[-82.21606,30.502457],[-82.216263,30.502562],[-82.216295,30.502606],[-82.216371,30.502694],[-82.216365,30.502952],[-82.216371,30.503101],[-82.216409,30.503161],[-82.216555,30.50326],[-82.216708,30.503315],[-82.216778,30.503397],[-82.216822,30.503425],[-82.21693,30.503562],[-82.217076,30.503793],[-82.21726,30.503837],[-82.217527,30.503859],[-82.217699,30.503887],[-82.217762,30.504008],[-82.217775,30.504222],[-82.217928,30.504431],[-82.218004,30.504453],[-82.218029,30.504497],[-82.218182,30.504574],[-82.218302,30.504569],[-82.218379,30.504541],[-82.21848,30.504453],[-82.218525,30.504272],[-82.218601,30.504206],[-82.218671,30.504211],[-82.218798,30.504244],[-82.218905,30.504347],[-82.218969,30.504409],[-82.219007,30.50442],[-82.219026,30.504447],[-82.219242,30.504563],[-82.219744,30.504618],[-82.219941,30.504645],[-82.220189,30.504744],[-82.220316,30.504772],[-82.220399,30.50481],[-82.220507,30.504937],[-82.220627,30.505025],[-82.220773,30.505091],[-82.220894,30.505239],[-82.221009,30.505388],[-82.221136,30.505503],[-82.221155,30.505541],[-82.221279,30.505613],[-82.221383,30.505673],[-82.221377,30.505701],[-82.221758,30.505904],[-82.222101,30.506223],[-82.222286,30.506454],[-82.222349,30.506504],[-82.222368,30.506548],[-82.222406,30.506564],[-82.222432,30.506597],[-82.222553,30.506713],[-82.222744,30.506792],[-82.222902,30.506806],[-82.223118,30.506729],[-82.22327,30.506751],[-82.223404,30.506784],[-82.223467,30.506811],[-82.223829,30.507059],[-82.224039,30.507174],[-82.224053,30.507197],[-82.224096,30.507268],[-82.224115,30.507334],[-82.224198,30.507383],[-82.224331,30.50751],[-82.224503,30.507548],[-82.224713,30.507553],[-82.224871,30.50757],[-82.225075,30.507696],[-82.225183,30.507944],[-82.225253,30.508235],[-82.225221,30.508373],[-82.225329,30.508631],[-82.225482,30.508824],[-82.225704,30.509005],[-82.225793,30.509148],[-82.225863,30.509385],[-82.225911,30.509468],[-82.226022,30.50966],[-82.226473,30.509902],[-82.226632,30.510017],[-82.22667,30.510011],[-82.226861,30.51016],[-82.227032,30.510391],[-82.227077,30.510501],[-82.227109,30.510726],[-82.227013,30.510996],[-82.226924,30.51115],[-82.226912,30.511326],[-82.226931,30.511502],[-82.226972,30.51155],[-82.227001,30.511584],[-82.227122,30.511705],[-82.227357,30.512145],[-82.227624,30.512393],[-82.227694,30.512541],[-82.227891,30.51269],[-82.227941,30.512684],[-82.228069,30.512805],[-82.228183,30.512877],[-82.228234,30.512948],[-82.228291,30.512986],[-82.228361,30.513102],[-82.228482,30.513168],[-82.228491,30.513182],[-82.228591,30.513333],[-82.228666,30.513586],[-82.228704,30.513728],[-82.22873,30.513822],[-82.228742,30.513971],[-82.228692,30.514416],[-82.228748,30.51467],[-82.2288,30.514906],[-82.228792,30.514944],[-82.228756,30.515131],[-82.22873,30.515241],[-82.22873,30.51535],[-82.22873,30.515456],[-82.228728,30.515466],[-82.228699,30.515654],[-82.22868,30.515814],[-82.228673,30.515874],[-82.228683,30.51593],[-82.228686,30.515951],[-82.228801,30.516028],[-82.228953,30.516077],[-82.22908,30.516165],[-82.229398,30.516424],[-82.229468,30.516462],[-82.22948,30.516501],[-82.229544,30.516539],[-82.229608,30.516622],[-82.229601,30.516649],[-82.229741,30.516715],[-82.229821,30.516807],[-82.229836,30.516825],[-82.230135,30.517061],[-82.230211,30.517199],[-82.230307,30.517331],[-82.230327,30.517488],[-82.230345,30.517625],[-82.230364,30.517776],[-82.230358,30.517914],[-82.230256,30.51815],[-82.230129,30.518249],[-82.230085,30.518321],[-82.230034,30.518337],[-82.230021,30.518398],[-82.22997,30.518442],[-82.229907,30.518563],[-82.229856,30.518601],[-82.229678,30.518959],[-82.229558,30.519399],[-82.229533,30.51974],[-82.229457,30.52007],[-82.229425,30.520087],[-82.229412,30.520191],[-82.229355,30.520296],[-82.229331,30.520431],[-82.229304,30.520593],[-82.229349,30.520741],[-82.229502,30.521088],[-82.229559,30.521379],[-82.229523,30.521776],[-82.229508,30.521946],[-82.229597,30.522089],[-82.229648,30.522149],[-82.229731,30.522171],[-82.229775,30.522221],[-82.229832,30.522231],[-82.22994,30.522303],[-82.230017,30.522484],[-82.230106,30.522759],[-82.230144,30.523084],[-82.230074,30.523337],[-82.22996,30.523584],[-82.22996,30.523744],[-82.230005,30.524063],[-82.230056,30.524267],[-82.230113,30.524492],[-82.230362,30.525091],[-82.230374,30.525119],[-82.230405,30.525135],[-82.230501,30.525267],[-82.230533,30.525284],[-82.230545,30.525322],[-82.230602,30.525361],[-82.230615,30.525405],[-82.23071,30.525465],[-82.230723,30.52552],[-82.230876,30.525669],[-82.230965,30.525762],[-82.231016,30.525894],[-82.23099,30.526048],[-82.230914,30.526334],[-82.230832,30.5264],[-82.230816,30.526438],[-82.230794,30.526488],[-82.230762,30.526582],[-82.2308,30.526653],[-82.230851,30.526747],[-82.231118,30.526851],[-82.231219,30.526868],[-82.23134,30.526928],[-82.231372,30.526928],[-82.23155,30.527054],[-82.231709,30.527115],[-82.231899,30.527269],[-82.232096,30.527472],[-82.232097,30.5275],[-82.232173,30.52756],[-82.232292,30.527804],[-82.232376,30.527978],[-82.232478,30.528094],[-82.232516,30.528116],[-82.232516,30.528149],[-82.232618,30.52822],[-82.232808,30.528275],[-82.232855,30.528284],[-82.23312,30.528335],[-82.233233,30.528382],[-82.233304,30.528412],[-82.233374,30.528462],[-82.233679,30.529001],[-82.233781,30.529083],[-82.234022,30.529094],[-82.234162,30.529154],[-82.234226,30.529149],[-82.234346,30.529237],[-82.234493,30.529402],[-82.234607,30.52966],[-82.234645,30.52971],[-82.23469,30.529715],[-82.23481,30.529781],[-82.235103,30.529864],[-82.235217,30.529935],[-82.235262,30.530078],[-82.235283,30.530189],[-82.2353,30.530276],[-82.235421,30.530414],[-82.235474,30.530458],[-82.235563,30.53053],[-82.235624,30.530579],[-82.235796,30.530804],[-82.235859,30.530853],[-82.235878,30.530886],[-82.23598,30.53098],[-82.235993,30.531013],[-82.236126,30.531161],[-82.236133,30.531194],[-82.236171,30.531211],[-82.236165,30.531255],[-82.236203,30.531271],[-82.236196,30.531299],[-82.236438,30.531568],[-82.236438,30.531601],[-82.236527,30.5317],[-82.236565,30.53181],[-82.236711,30.531964],[-82.23701,30.532129],[-82.237277,30.532162],[-82.237391,30.532222],[-82.237442,30.532288],[-82.237512,30.532415],[-82.237588,30.532651],[-82.237697,30.532899],[-82.237766,30.532976],[-82.237798,30.532992],[-82.237849,30.533086],[-82.238027,30.533267],[-82.238034,30.5333],[-82.23832,30.533586],[-82.238409,30.533767],[-82.238504,30.533833],[-82.238656,30.533839],[-82.238726,30.533861],[-82.238815,30.533916],[-82.238885,30.533965],[-82.23893,30.534026],[-82.238943,30.534152],[-82.238911,30.534372],[-82.238955,30.534493],[-82.239076,30.534614],[-82.239108,30.534669],[-82.239134,30.534768],[-82.239108,30.534983],[-82.239146,30.535137],[-82.239248,30.535307],[-82.239477,30.535444],[-82.239572,30.535571],[-82.239598,30.535769],[-82.239534,30.535901],[-82.239496,30.536044],[-82.239541,30.536203],[-82.239643,30.536484],[-82.239687,30.536528],[-82.239694,30.536555],[-82.239783,30.536616],[-82.239859,30.536709],[-82.240012,30.537089],[-82.240094,30.537188],[-82.240126,30.53721],[-82.240253,30.537485],[-82.240406,30.537776],[-82.240336,30.538271],[-82.240289,30.538389],[-82.240197,30.538623],[-82.240216,30.539608],[-82.240178,30.539916],[-82.239969,30.540312],[-82.239874,30.540411],[-82.239861,30.540444],[-82.239823,30.540455],[-82.23981,30.540488],[-82.239599,30.540661],[-82.239569,30.540686],[-82.239474,30.540851],[-82.239436,30.540867],[-82.239359,30.540994],[-82.239347,30.541071],[-82.239342,30.541221],[-82.239334,30.541538],[-82.239258,30.541874],[-82.239328,30.542661],[-82.239369,30.542831],[-82.239405,30.542985],[-82.239389,30.543144],[-82.239373,30.543309],[-82.239348,30.543706],[-82.239339,30.543791],[-82.239323,30.543942],[-82.239202,30.544624],[-82.238955,30.545213],[-82.238915,30.545432],[-82.238882,30.545511],[-82.238621,30.545887],[-82.238396,30.546112],[-82.238331,30.546178],[-82.237284,30.546965],[-82.237163,30.547106],[-82.237027,30.547218],[-82.236333,30.547572],[-82.236135,30.547685],[-82.235819,30.547866],[-82.235095,30.548313],[-82.2349,30.548447],[-82.234556,30.548681],[-82.234438,30.548761],[-82.234441,30.549009],[-82.234148,30.550115],[-82.23394,30.551456],[-82.233862,30.552093],[-82.233837,30.552695],[-82.233892,30.55377],[-82.233998,30.554256],[-82.23421,30.555222],[-82.234216,30.555256],[-82.234385,30.556208],[-82.234389,30.556385],[-82.23443,30.556599],[-82.23436,30.557051],[-82.234202,30.557452],[-82.234189,30.557656],[-82.234068,30.557755],[-82.233865,30.557826],[-82.233553,30.55787],[-82.232937,30.557903],[-82.232626,30.557964],[-82.232372,30.558058],[-82.232236,30.558137],[-82.232054,30.558245],[-82.232035,30.558272],[-82.231927,30.558344],[-82.23173,30.558558],[-82.231692,30.558586],[-82.231666,30.558663],[-82.23159,30.558707],[-82.231584,30.55874],[-82.231247,30.559197],[-82.231018,30.559521],[-82.230917,30.559774],[-82.230637,30.560066],[-82.230447,30.560379],[-82.23032,30.560484],[-82.230244,30.560561],[-82.230206,30.560578],[-82.230091,30.560721],[-82.229951,30.560836],[-82.229869,30.560946],[-82.229831,30.561018],[-82.229729,30.561078],[-82.229723,30.561117],[-82.229481,30.561392],[-82.229342,30.561491],[-82.229119,30.561683],[-82.228846,30.561854],[-82.228687,30.562063],[-82.228585,30.562184],[-82.228471,30.56236],[-82.228471,30.562388],[-82.228439,30.562399],[-82.228268,30.562586],[-82.228209,30.562618],[-82.228122,30.562668],[-82.228084,30.562734],[-82.227919,30.562822],[-82.227899,30.56285],[-82.227823,30.562877],[-82.227811,30.562905],[-82.227359,30.563191],[-82.227099,30.563339],[-82.226794,30.563488],[-82.226565,30.563631],[-82.226489,30.563653],[-82.226475,30.563661],[-82.226398,30.563706],[-82.226311,30.563758],[-82.22617,30.563847],[-82.226095,30.563895],[-82.225993,30.563989],[-82.225961,30.563994],[-82.225904,30.564049],[-82.225637,30.564203],[-82.225542,30.56427],[-82.225345,30.564369],[-82.225218,30.564506],[-82.225123,30.56455],[-82.225097,30.564583],[-82.22497,30.564671],[-82.224926,30.564677],[-82.22483,30.564726],[-82.224532,30.564781],[-82.224354,30.564858],[-82.224093,30.565073],[-82.224043,30.56515],[-82.223999,30.565181],[-82.223875,30.565274],[-82.223865,30.565282],[-82.223642,30.565343],[-82.223337,30.565414],[-82.223318,30.565442],[-82.223178,30.565519],[-82.222829,30.565601],[-82.222288,30.565706],[-82.221945,30.565728],[-82.221545,30.565728],[-82.221252,30.565712],[-82.220935,30.565651],[-82.220102,30.565547],[-82.219727,30.565481],[-82.219474,30.565473],[-82.218761,30.565448],[-82.218233,30.565289],[-82.217954,30.565256],[-82.217636,30.56519],[-82.217318,30.565196],[-82.217159,30.565229],[-82.216924,30.565322],[-82.216905,30.56535],[-82.216683,30.56546],[-82.21667,30.565468],[-82.215984,30.565944],[-82.215876,30.566054],[-82.215685,30.56617],[-82.215653,30.566214],[-82.21552,30.566313],[-82.215513,30.56634],[-82.215323,30.566461],[-82.215151,30.56656],[-82.214973,30.566604],[-82.2147,30.566725],[-82.214558,30.566772],[-82.214525,30.566782],[-82.214452,30.566808],[-82.21443,30.566818],[-82.2144,30.566833],[-82.214679,30.56801],[-82.214703,30.568487],[-82.21468,30.568562],[-82.227672,30.56946],[-82.229412,30.569578],[-82.232981,30.569814],[-82.233229,30.569837],[-82.237735,30.570052],[-82.23881,30.570124],[-82.239421,30.570176],[-82.249859,30.570905],[-82.258192,30.571571],[-82.2582,30.571559],[-82.26311,30.571775],[-82.263386,30.571792],[-82.277854,30.572847],[-82.280441,30.573016],[-82.282466,30.573114],[-82.283361,30.573157],[-82.284149,30.573196],[-82.287327,30.573393],[-82.288076,30.573425],[-82.289166,30.573499],[-82.292435,30.573723],[-82.292934,30.573758],[-82.293526,30.573798],[-82.295121,30.573907],[-82.29622,30.573983],[-82.299235,30.574189],[-82.299908,30.574234],[-82.300143,30.574251],[-82.301505,30.574332],[-82.301931,30.574402],[-82.302982,30.574465],[-82.306363,30.574668],[-82.307197,30.574714],[-82.307431,30.57473],[-82.308913,30.574834],[-82.308965,30.574828],[-82.309123,30.574812],[-82.309176,30.574807],[-82.320811,30.575617],[-82.322306,30.575709],[-82.342097,30.576927],[-82.357114,30.577892],[-82.357734,30.577932],[-82.361712,30.578186],[-82.362292,30.578224],[-82.363936,30.578336],[-82.364655,30.578384],[-82.366264,30.578494],[-82.367305,30.578564],[-82.367344,30.578567],[-82.367743,30.578594],[-82.368142,30.57862],[-82.372165,30.578894],[-82.374847,30.57901],[-82.375077,30.579023],[-82.375598,30.579047],[-82.382724,30.579481],[-82.384669,30.579632],[-82.385942,30.579715],[-82.387017,30.579785],[-82.388119,30.579856],[-82.390918,30.580038],[-82.392696,30.580149],[-82.394031,30.580232],[-82.396846,30.580406],[-82.405604,30.58091],[-82.406549,30.580971],[-82.406605,30.580974],[-82.406714,30.580991],[-82.406931,30.580997],[-82.418917,30.581773],[-82.421777,30.581969],[-82.421864,30.581974],[-82.424708,30.582167],[-82.428564,30.582374],[-82.431727,30.582542],[-82.447719,30.583554],[-82.453013,30.583888],[-82.453681,30.583926],[-82.459536,30.584257],[-82.459796,30.584273],[-82.460262,30.584302],[-82.466807,30.584707],[-82.467313,30.58474],[-82.467743,30.584768],[-82.469356,30.584872],[-82.469518,30.584883],[-82.471034,30.584981],[-82.47369,30.585153],[-82.475132,30.585232],[-82.475984,30.585278],[-82.478016,30.585388],[-82.480464,30.585521],[-82.488681,30.586048],[-82.490669,30.586158],[-82.492244,30.586244],[-82.495806,30.586496],[-82.497176,30.586578],[-82.497237,30.586582],[-82.498492,30.586655],[-82.50288,30.586916],[-82.506468,30.587093],[-82.517228,30.587715],[-82.518302,30.587801],[-82.524165,30.588078],[-82.524854,30.588171],[-82.525134,30.588216],[-82.52507,30.588245],[-82.525353,30.588251],[-82.527107,30.588306],[-82.527114,30.588377],[-82.527382,30.588395],[-82.530014,30.588517],[-82.532006,30.588602],[-82.532094,30.588606],[-82.53213,30.588669],[-82.534025,30.588705],[-82.534026,30.588756],[-82.534403,30.588776],[-82.535276,30.588823],[-82.535468,30.588827],[-82.535673,30.588847],[-82.53579,30.588858],[-82.536304,30.588825],[-82.539569,30.589006],[-82.542797,30.589216],[-82.544969,30.589435],[-82.546233,30.589497],[-82.547217,30.589547],[-82.547658,30.589573],[-82.548314,30.589612],[-82.549533,30.589679],[-82.550204,30.589718],[-82.551238,30.589778],[-82.551533,30.589795],[-82.552991,30.589891],[-82.553116,30.58991],[-82.553177,30.589955],[-82.553203,30.589903],[-82.553821,30.589832],[-82.554164,30.589891],[-82.554782,30.589916],[-82.556194,30.590025],[-82.55791,30.590067],[-82.559848,30.590191],[-82.563716,30.590376],[-82.564973,30.590552],[-82.565448,30.590619],[-82.565667,30.590619],[-82.566897,30.590704],[-82.568766,30.590815],[-82.568885,30.590816],[-82.569069,30.590824],[-82.5713,30.590822],[-82.572206,30.590875],[-82.581021,30.591392],[-82.582135,30.591476],[-82.584011,30.591554],[-82.585397,30.591689],[-82.589556,30.592094],[-82.590392,30.592176],[-82.590552,30.592192],[-82.590793,30.592208],[-82.590944,30.592218],[-82.591951,30.592284],[-82.594972,30.592485],[-82.595739,30.592536],[-82.59598,30.59255],[-82.596806,30.592599],[-82.5981,30.592676],[-82.599287,30.592746],[-82.600114,30.592795],[-82.600979,30.592846],[-82.603574,30.592999],[-82.60444,30.59305],[-82.608604,30.593284],[-82.621097,30.593987],[-82.624859,30.594199],[-82.625196,30.594216],[-82.625262,30.594219],[-82.627085,30.594316],[-82.627793,30.594354],[-82.632556,30.594607],[-82.63438,30.594705],[-82.637166,30.594856],[-82.645524,30.595312],[-82.64831,30.595464],[-82.65035,30.595574],[-82.656473,30.595907],[-82.65847,30.596016],[-82.658514,30.596018],[-82.661109,30.596158],[-82.668894,30.596581],[-82.67149,30.596722],[-82.6751,30.596925],[-82.685932,30.597536],[-82.689345,30.597729],[-82.689444,30.597734],[-82.689543,30.59774],[-82.69782,30.598194],[-82.698621,30.598238],[-82.698906,30.598277],[-82.707361,30.598832],[-82.707381,30.598833],[-82.727911,30.600217],[-82.728277,30.600233],[-82.749858,30.601162],[-82.766877,30.602237],[-82.803847,30.604571],[-82.806026,30.604708],[-82.820616,30.60563],[-82.833684,30.606457],[-82.868329,30.608647],[-82.874861,30.608873],[-82.877633,30.609175],[-82.877786,30.609187],[-82.887087,30.609578],[-82.923539,30.611728],[-82.923636,30.611733],[-82.932543,30.612247],[-82.935472,30.61242],[-82.936577,30.612485],[-82.937163,30.61253],[-82.93992,30.612746],[-82.940383,30.612778],[-82.957347,30.613746],[-82.958855,30.613873],[-82.958936,30.613869],[-82.959006,30.613884],[-82.976833,30.614884],[-82.991429,30.615737],[-82.995746,30.61599],[-82.999862,30.616231],[-83.005253,30.616482],[-83.005447,30.61649],[-83.022443,30.617473],[-83.02282,30.617515],[-83.022882,30.617531],[-83.023535,30.617582],[-83.023546,30.617583],[-83.025298,30.617575],[-83.037717,30.618394],[-83.0387,30.618453],[-83.051008,30.619199],[-83.055704,30.619478],[-83.055902,30.619489],[-83.057506,30.619584],[-83.059716,30.619717],[-83.065227,30.620045],[-83.074414,30.620564],[-83.084136,30.621112],[-83.085512,30.621188],[-83.08595,30.621212],[-83.097696,30.621863],[-83.098092,30.621885],[-83.098227,30.621891],[-83.098255,30.621894],[-83.117134,30.622934],[-83.118309,30.622958],[-83.118642,30.622965],[-83.11868,30.622966],[-83.121483,30.623113],[-83.123647,30.623227],[-83.124868,30.623263],[-83.131374,30.623589],[-83.136618,30.623973],[-83.140016,30.624221],[-83.15021,30.624967],[-83.153609,30.625216],[-83.155549,30.625352],[-83.161372,30.625763],[-83.163313,30.625901],[-83.163839,30.625929],[-83.165418,30.626016],[-83.165945,30.626045],[-83.171785,30.626366],[-83.172039,30.626376],[-83.172311,30.626395],[-83.172417,30.626401],[-83.172897,30.626447],[-83.174824,30.626596],[-83.175048,30.626631],[-83.175059,30.626639],[-83.175754,30.626684],[-83.176073,30.626691],[-83.179578,30.626867],[-83.179619,30.626869],[-83.187083,30.627329],[-83.18712,30.627337],[-83.198298,30.627871],[-83.198346,30.627874],[-83.220842,30.629161],[-83.22518,30.629409],[-83.225225,30.629411],[-83.226967,30.629512],[-83.228652,30.629608],[-83.229108,30.629635],[-83.246586,30.630635],[-83.246646,30.630638],[-83.246712,30.630642],[-83.246777,30.630645],[-83.24687,30.630651],[-83.246975,30.630658],[-83.248032,30.630717],[-83.248427,30.63074],[-83.24859,30.630753],[-83.248678,30.63076],[-83.248766,30.630767],[-83.249302,30.630809],[-83.249871,30.630854],[-83.250001,30.630862],[-83.251502,30.630955],[-83.254074,30.631112],[-83.254159,30.631117],[-83.256205,30.631243],[-83.256225,30.631244],[-83.264707,30.631764],[-83.265945,30.63184],[-83.266168,30.631854],[-83.266517,30.631876],[-83.27114,30.632159],[-83.27574,30.632442],[-83.278653,30.632621],[-83.291608,30.633418],[-83.307382,30.634306],[-83.309161,30.634406],[-83.309189,30.634408],[-83.309253,30.634412],[-83.309422,30.634423],[-83.30959,30.634436],[-83.309708,30.634444],[-83.310562,30.634505],[-83.311077,30.634541],[-83.311534,30.634575],[-83.311878,30.6346],[-83.312912,30.634677],[-83.313257,30.634703],[-83.314966,30.634804],[-83.31984,30.635093],[-83.320094,30.635106],[-83.321804,30.635201],[-83.323302,30.63529],[-83.327796,30.63556],[-83.329294,30.63565],[-83.331606,30.635788],[-83.338543,30.636203],[-83.340856,30.636342],[-83.340906,30.636345],[-83.340948,30.636348],[-83.341028,30.636353],[-83.341058,30.636354],[-83.341109,30.636358],[-83.341164,30.636361],[-83.342046,30.636413],[-83.344858,30.636581],[-83.345796,30.636637],[-83.346189,30.63666],[-83.347369,30.63673],[-83.347763,30.636754],[-83.34864,30.636808],[-83.350153,30.636903],[-83.350471,30.636922],[-83.35054,30.636926],[-83.351327,30.636975],[-83.356828,30.637315],[-83.356856,30.637314],[-83.357082,30.637328],[-83.357308,30.637342],[-83.357508,30.637354],[-83.357707,30.637366],[-83.357804,30.637372],[-83.358098,30.63739],[-83.358196,30.637396],[-83.359718,30.637489],[-83.359993,30.637506],[-83.360869,30.63756],[-83.364284,30.63777],[-83.365807,30.637864],[-83.368539,30.638014],[-83.374876,30.638363],[-83.376734,30.638493],[-83.379464,30.638686],[-83.379476,30.638686],[-83.379515,30.638689],[-83.379528,30.63869],[-83.38166,30.638815],[-83.388057,30.63919],[-83.390148,30.639313],[-83.390282,30.639319],[-83.390676,30.639331],[-83.39107,30.639343],[-83.391253,30.639348],[-83.391527,30.639356],[-83.393288,30.639412],[-83.394441,30.639447],[-83.395505,30.63948],[-83.395725,30.639485],[-83.397225,30.639575],[-83.402385,30.639887],[-83.404106,30.639991],[-83.420843,30.64101],[-83.424106,30.641204],[-83.427371,30.641399],[-83.428368,30.641458],[-83.429366,30.641518],[-83.429584,30.641506],[-83.429745,30.641484],[-83.430216,30.641439],[-83.430518,30.641475],[-83.432134,30.641576],[-83.432434,30.641596],[-83.433074,30.641656],[-83.433394,30.641676],[-83.434744,30.641726],[-83.435324,30.641766],[-83.435824,30.641796],[-83.437644,30.641916],[-83.438024,30.641926],[-83.439374,30.641986],[-83.440274,30.642046],[-83.448899,30.642416],[-83.448948,30.642419],[-83.448991,30.642421],[-83.449878,30.642472],[-83.450618,30.642514],[-83.451358,30.642557],[-83.451476,30.642563],[-83.451604,30.642571],[-83.451851,30.642585],[-83.453704,30.642692],[-83.455556,30.642798],[-83.45627,30.642839],[-83.456712,30.642865],[-83.457869,30.642931],[-83.460607,30.643087],[-83.468821,30.643555],[-83.470687,30.643662],[-83.472588,30.64377],[-83.475674,30.643947],[-83.476704,30.644006],[-83.477357,30.644044],[-83.479316,30.64416],[-83.479969,30.644199],[-83.481829,30.644337],[-83.487412,30.644751],[-83.489273,30.64489],[-83.489872,30.644934],[-83.490471,30.644979],[-83.491404,30.645048],[-83.4952,30.64533],[-83.497797,30.645522],[-83.499929,30.64568],[-83.501911,30.645778],[-83.507859,30.646074],[-83.509842,30.646173],[-83.510037,30.646183],[-83.514855,30.646426],[-83.521234,30.646766],[-83.521712,30.646787],[-83.536876,30.647542],[-83.547196,30.648056],[-83.552384,30.648314],[-83.553298,30.648359],[-83.556041,30.648495],[-83.556956,30.648541],[-83.557933,30.648589],[-83.560864,30.648735],[-83.561841,30.648784],[-83.562649,30.648824],[-83.565073,30.648944],[-83.565882,30.648984],[-83.567754,30.649076],[-83.573373,30.649355],[-83.575246,30.649449],[-83.576415,30.649507],[-83.579068,30.649639],[-83.57932,30.649652],[-83.581904,30.64978],[-83.583395,30.649854],[-83.583546,30.649862],[-83.583698,30.649869],[-83.589028,30.650134],[-83.590535,30.650208],[-83.594358,30.650399],[-83.600193,30.65069],[-83.611724,30.651264],[-83.612218,30.651295],[-83.6137,30.651388],[-83.614194,30.65142],[-83.617203,30.651551],[-83.624883,30.651886],[-83.626231,30.651964],[-83.629239,30.652139],[-83.629852,30.652174],[-83.631691,30.652281],[-83.632305,30.652317],[-83.634293,30.652432],[-83.640257,30.65278],[-83.642246,30.652896],[-83.648609,30.653267],[-83.655528,30.653666],[-83.667698,30.654381],[-83.674062,30.654753],[-83.674082,30.654754],[-83.674143,30.654758],[-83.674164,30.65476],[-83.674649,30.654795],[-83.676105,30.6549],[-83.676591,30.654936],[-83.676628,30.654931],[-83.676739,30.654915],[-83.676777,30.654911],[-83.679265,30.655027],[-83.68673,30.655377],[-83.689219,30.655494],[-83.69088,30.655567],[-83.695865,30.655789],[-83.697527,30.655863],[-83.70022,30.656022],[-83.708301,30.656499],[-83.710995,30.656658],[-83.711066,30.656662],[-83.711582,30.656686],[-83.712756,30.656741],[-83.71804,30.656992],[-83.719802,30.657076],[-83.720424,30.657109],[-83.72229,30.657211],[-83.722913,30.657245],[-83.722959,30.657247],[-83.723096,30.657255],[-83.723143,30.657258],[-83.726303,30.65743],[-83.730893,30.657682],[-83.735786,30.657949],[-83.736281,30.657976],[-83.738643,30.658106],[-83.738795,30.658114],[-83.738947,30.658123],[-83.739904,30.658178],[-83.742775,30.658346],[-83.743733,30.658402],[-83.743762,30.658403],[-83.743849,30.658406],[-83.743878,30.658407],[-83.744824,30.658444],[-83.74493,30.658448],[-83.745064,30.658455],[-83.745182,30.658463],[-83.747897,30.65862],[-83.74862,30.658661],[-83.749767,30.658728],[-83.749806,30.65873],[-83.75015,30.658744],[-83.751185,30.658786],[-83.75153,30.6588],[-83.752186,30.658827],[-83.754643,30.658968],[-83.754765,30.658971],[-83.756153,30.659016],[-83.75713,30.6591],[-83.762112,30.65934],[-83.764472,30.659473],[-83.766934,30.659613],[-83.767708,30.65965],[-83.768942,30.659709],[-83.771677,30.65984],[-83.772644,30.659886],[-83.773464,30.659926],[-83.773879,30.659945],[-83.774441,30.659972],[-83.774569,30.65998],[-83.77664,30.660122],[-83.776684,30.660126],[-83.777331,30.660154],[-83.777385,30.660157],[-83.781048,30.660315],[-83.781574,30.660338],[-83.789021,30.660746],[-83.789219,30.66074],[-83.790188,30.660809],[-83.792194,30.660917],[-83.79382,30.661005],[-83.795911,30.661111],[-83.79785,30.661207],[-83.803579,30.661493],[-83.803667,30.661498],[-83.8051,30.66157],[-83.805677,30.661598],[-83.805887,30.661608],[-83.805958,30.661612],[-83.806518,30.661639],[-83.808201,30.661723],[-83.808762,30.661751],[-83.808813,30.661753],[-83.809077,30.661767],[-83.810024,30.66182],[-83.81034,30.661838],[-83.810724,30.661896],[-83.811604,30.661996],[-83.811639,30.661998],[-83.813154,30.662076],[-83.814314,30.662126],[-83.814924,30.662156],[-83.815984,30.662216],[-83.817114,30.662266],[-83.8178,30.662302],[-83.818064,30.662316],[-83.819214,30.662366],[-83.819584,30.662386],[-83.8206,30.662429],[-83.823337,30.662559],[-83.82426,30.662601],[-83.824897,30.662631],[-83.825026,30.662635],[-83.82603,30.662678],[-83.827416,30.662788],[-83.829875,30.662932],[-83.831731,30.663068],[-83.831778,30.663075],[-83.831899,30.663083],[-83.834232,30.66318],[-83.839559,30.663401],[-83.842653,30.66353],[-83.842985,30.663544],[-83.84308,30.663549],[-83.84729,30.663743],[-83.84976,30.663825],[-83.854949,30.664401],[-83.855101,30.664411],[-83.855389,30.664431],[-83.857438,30.664526],[-83.858552,30.664578],[-83.85883,30.664591],[-83.858856,30.664592],[-83.85907,30.664605],[-83.859285,30.664618],[-83.859893,30.664654],[-83.861922,30.664777],[-83.867382,30.665106],[-83.873707,30.665455],[-83.873835,30.665465],[-83.874719,30.665531],[-83.875843,30.665615],[-83.877789,30.665732],[-83.879662,30.665807],[-83.879708,30.665808],[-83.879763,30.665811],[-83.879848,30.665814],[-83.879895,30.665816],[-83.88007,30.665825],[-83.881855,30.665898],[-83.882,30.665903],[-83.882166,30.665911],[-83.883335,30.665974],[-83.883702,30.665991],[-83.884396,30.665989],[-83.88609,30.666088],[-83.886181,30.666094],[-83.888127,30.666151],[-83.888979,30.666191],[-83.89125,30.666299],[-83.893078,30.666382],[-83.896076,30.666483],[-83.900007,30.666657],[-83.906124,30.666928],[-83.91425,30.667315],[-83.921345,30.667713],[-83.926269,30.667961],[-83.932553,30.668278],[-83.935024,30.668386],[-83.937184,30.668483],[-83.939923,30.668606],[-83.942755,30.668749],[-83.943592,30.668791],[-83.943663,30.668794],[-83.945824,30.668886],[-83.949663,30.669054],[-83.95219,30.669174],[-83.952815,30.669217],[-83.95344,30.66926],[-83.953857,30.669289],[-83.954276,30.669318],[-83.954464,30.669331],[-83.958248,30.669501],[-83.961003,30.669682],[-83.963177,30.669823],[-83.96555,30.669932],[-83.96584,30.669943],[-83.96609,30.669954],[-83.968003,30.67004],[-83.969227,30.670096],[-83.970211,30.670161],[-83.973744,30.6703],[-83.975659,30.670376],[-83.978337,30.670519],[-83.986374,30.670951],[-83.989053,30.671096],[-83.991223,30.671214],[-83.997734,30.671569],[-83.999905,30.671688],[-84.000584,30.671731],[-84.002621,30.671862],[-84.0033,30.671906],[-84.003837,30.671935],[-84.005448,30.672023],[-84.005985,30.672053],[-84.006279,30.672068],[-84.006354,30.672073],[-84.006723,30.672093],[-84.007163,30.672116],[-84.007397,30.672129],[-84.007458,30.672133],[-84.008511,30.672188],[-84.014591,30.672516],[-84.016407,30.672594],[-84.016773,30.672621],[-84.018185,30.672731],[-84.019095,30.67277],[-84.021924,30.672897],[-84.02554,30.673096],[-84.025776,30.673109],[-84.033276,30.673439],[-84.03484,30.673542],[-84.037106,30.673655],[-84.039684,30.67376],[-84.039974,30.673771],[-84.04163,30.673837],[-84.041949,30.673855],[-84.043868,30.673966],[-84.044741,30.673991],[-84.046704,30.674094],[-84.046803,30.674097],[-84.046879,30.674101],[-84.049328,30.674203],[-84.049366,30.674203],[-84.050183,30.674268],[-84.050603,30.674336],[-84.050961,30.674392],[-84.051609,30.674378],[-84.05212,30.674366],[-84.053868,30.674473],[-84.056889,30.674664],[-84.05721,30.674684],[-84.057802,30.674719],[-84.058758,30.674757],[-84.058886,30.67476],[-84.059083,30.674766],[-84.059175,30.674768],[-84.059268,30.674771],[-84.059297,30.674781],[-84.059397,30.674778],[-84.059531,30.67478],[-84.061671,30.674863],[-84.063708,30.674978],[-84.064594,30.675028],[-84.070866,30.675371],[-84.072743,30.675461],[-84.083761,30.67581],[-84.084029,30.675821],[-84.084113,30.675825],[-84.08447,30.675838],[-84.092671,30.676186],[-84.104801,30.676701],[-84.107703,30.676825],[-84.110247,30.677007],[-84.11157,30.677102],[-84.112788,30.677189],[-84.115641,30.677393],[-84.115717,30.677398],[-84.118195,30.677575],[-84.118477,30.677595],[-84.118528,30.677598],[-84.124904,30.678054],[-84.131024,30.678344],[-84.13105,30.678365],[-84.131222,30.678378],[-84.132321,30.678432],[-84.133233,30.678451],[-84.133818,30.678477],[-84.134971,30.678535],[-84.136741,30.678618],[-84.138481,30.678705],[-84.140963,30.678822],[-84.143811,30.678957],[-84.148289,30.679174],[-84.151143,30.679309],[-84.154742,30.679489],[-84.154986,30.679497],[-84.155215,30.679504],[-84.175327,30.680468],[-84.187154,30.681035],[-84.191421,30.68124],[-84.194686,30.681397],[-84.20235,30.681778],[-84.21135,30.682233],[-84.216871,30.682502],[-84.22336,30.682826],[-84.223936,30.682852],[-84.250361,30.684139],[-84.254123,30.684267],[-84.254432,30.684312],[-84.268511,30.684854],[-84.280918,30.68525],[-84.281214,30.685266],[-84.282279,30.685316],[-84.282563,30.68534],[-84.288041,30.685542],[-84.30008,30.686034],[-84.300097,30.686034],[-84.30039,30.686047],[-84.302796,30.686148],[-84.302845,30.68615],[-84.304722,30.686228],[-84.313707,30.686601],[-84.315375,30.686691],[-84.317406,30.686801],[-84.334013,30.687667],[-84.33405,30.687669],[-84.344644,30.688219],[-84.344801,30.688227],[-84.351959,30.688603],[-84.353247,30.688671],[-84.354053,30.688712],[-84.355457,30.688786],[-84.357566,30.688895],[-84.359825,30.689011],[-84.359871,30.689013],[-84.367284,30.689402],[-84.369529,30.68952],[-84.374898,30.689799],[-84.378474,30.689923],[-84.378535,30.689926],[-84.380709,30.689999],[-84.380753,30.690001],[-84.380771,30.689997],[-84.380926,30.690007],[-84.380949,30.690007],[-84.38101,30.69001],[-84.381783,30.690037],[-84.384105,30.690118],[-84.384879,30.690145],[-84.386322,30.690195],[-84.386342,30.690196],[-84.388268,30.690263],[-84.39085,30.690354],[-84.398435,30.690619],[-84.401824,30.690738],[-84.403001,30.690779],[-84.40653,30.690903],[-84.407707,30.690945],[-84.408,30.690955],[-84.409223,30.690997],[-84.413772,30.691156],[-84.414891,30.691196],[-84.415289,30.69121],[-84.419622,30.691361],[-84.420711,30.6914],[-84.432628,30.691656],[-84.436964,30.69175],[-84.436994,30.691751],[-84.440037,30.691816],[-84.448512,30.692],[-84.449259,30.692023],[-84.452325,30.692118],[-84.45251,30.692124],[-84.453596,30.692157],[-84.457388,30.692274],[-84.458652,30.692313],[-84.459085,30.692326],[-84.460222,30.692361],[-84.464933,30.692506],[-84.466504,30.692555],[-84.466639,30.692559],[-84.467043,30.692571],[-84.467179,30.692576],[-84.467243,30.692578],[-84.468625,30.69262],[-84.472966,30.692754],[-84.474413,30.692799],[-84.476358,30.692937],[-84.482196,30.693351],[-84.482829,30.693396],[-84.484143,30.693486],[-84.484287,30.693551],[-84.484662,30.693574],[-84.486888,30.693721],[-84.4947,30.694239],[-84.496964,30.69439],[-84.497305,30.694414],[-84.498311,30.694482],[-84.499919,30.694595],[-84.501331,30.694671],[-84.501917,30.694703],[-84.502341,30.694731],[-84.502555,30.694741],[-84.50302,30.694768],[-84.503201,30.694778],[-84.503419,30.694793],[-84.505669,30.694917],[-84.512429,30.695291],[-84.514683,30.695416],[-84.514725,30.695419],[-84.514758,30.695419],[-84.516923,30.695538],[-84.523648,30.69591],[-84.525867,30.696033],[-84.525892,30.696034],[-84.526883,30.696089],[-84.529856,30.696256],[-84.530847,30.696313],[-84.531017,30.696335],[-84.531529,30.696402],[-84.5317,30.696425],[-84.531853,30.69644],[-84.532294,30.696472],[-84.532468,30.69651],[-84.532585,30.696562],[-84.532747,30.696537],[-84.532801,30.696529],[-84.533253,30.696505],[-84.533908,30.696519],[-84.534601,30.696562],[-84.535032,30.696569],[-84.535943,30.696638],[-84.536784,30.696701],[-84.53701,30.696694],[-84.537343,30.696717],[-84.537475,30.696739],[-84.537751,30.696784],[-84.537995,30.696789],[-84.538161,30.696752],[-84.538202,30.696734],[-84.538407,30.696724],[-84.538695,30.696722],[-84.538872,30.696726],[-84.539081,30.696731],[-84.539273,30.696772],[-84.539346,30.696779],[-84.539374,30.696781],[-84.541658,30.696905],[-84.543151,30.696988],[-84.543315,30.696997],[-84.548517,30.697241],[-84.550805,30.697351],[-84.554062,30.697502],[-84.563843,30.697961],[-84.56708,30.698113],[-84.567104,30.698115],[-84.567143,30.698118],[-84.567603,30.698139],[-84.569093,30.698209],[-84.569445,30.698227],[-84.569591,30.698233],[-84.571843,30.698338],[-84.575217,30.698497],[-84.578599,30.698646],[-84.580768,30.698742],[-84.580852,30.698746],[-84.580878,30.698747],[-84.581676,30.698782],[-84.584148,30.698891],[-84.584973,30.698929],[-84.585132,30.698936],[-84.586528,30.698996],[-84.591195,30.699202],[-84.592748,30.69927],[-84.593873,30.699318],[-84.597242,30.699467],[-84.598365,30.699518],[-84.598449,30.699519],[-84.599212,30.699552],[-84.601756,30.699664],[-84.602592,30.699703],[-84.602608,30.699695],[-84.603336,30.699736],[-84.604718,30.699798],[-84.605523,30.69984],[-84.606253,30.699878],[-84.60628,30.699876],[-84.606362,30.699872],[-84.60639,30.699871],[-84.606445,30.699874],[-84.60796,30.699954],[-84.612671,30.700207],[-84.614212,30.70029],[-84.614243,30.700292],[-84.616437,30.700406],[-84.62302,30.700748],[-84.624918,30.700847],[-84.625215,30.700865],[-84.625428,30.700876],[-84.628698,30.701064],[-84.637795,30.70159],[-84.639152,30.701668],[-84.642638,30.701871],[-84.642762,30.701876],[-84.64282,30.70188],[-84.643137,30.701899],[-84.643247,30.701907],[-84.643429,30.701919],[-84.643469,30.701922],[-84.643762,30.70194],[-84.644119,30.701958],[-84.644336,30.70197],[-84.645964,30.702044],[-84.650852,30.702271],[-84.652336,30.70234],[-84.652482,30.702347],[-84.652617,30.702353],[-84.653022,30.702371],[-84.653157,30.702378],[-84.653349,30.702386],[-84.653689,30.702404],[-84.653926,30.702414],[-84.654119,30.702423],[-84.655257,30.702474],[-84.658675,30.702629],[-84.659816,30.702681],[-84.660802,30.702725],[-84.663759,30.702861],[-84.664752,30.702907],[-84.664939,30.702915],[-84.664975,30.702915],[-84.665669,30.702947],[-84.665855,30.702955],[-84.665888,30.702956],[-84.6659,30.702957],[-84.666538,30.702986],[-84.668454,30.703074],[-84.669093,30.703104],[-84.669237,30.703109],[-84.670369,30.70316],[-84.674198,30.703333],[-84.675475,30.703392],[-84.675808,30.703407],[-84.676808,30.703452],[-84.677082,30.703465],[-84.677128,30.70346],[-84.67714,30.703468],[-84.678205,30.703518],[-84.681394,30.703663],[-84.682458,30.703712],[-84.682581,30.703718],[-84.68652,30.703897],[-84.686697,30.703904],[-84.687962,30.703957],[-84.695007,30.704252],[-84.699417,30.704436],[-84.703658,30.704614],[-84.704197,30.704636],[-84.707216,30.704762],[-84.717896,30.705208],[-84.721457,30.705357],[-84.721605,30.705362],[-84.722198,30.705386],[-84.724421,30.705479],[-84.72514,30.70551],[-84.725165,30.705511],[-84.72804,30.705631],[-84.735009,30.705922],[-84.736673,30.705991],[-84.739547,30.706115],[-84.739568,30.706114],[-84.739702,30.706119],[-84.740139,30.706137],[-84.741906,30.706211],[-84.742496,30.706236],[-84.743701,30.706285],[-84.747319,30.706436],[-84.748526,30.706489],[-84.748874,30.706502],[-84.749458,30.706499],[-84.749921,30.706497],[-84.75226,30.706612],[-84.753194,30.706658],[-84.753305,30.706663],[-84.754158,30.706705],[-84.754799,30.706736],[-84.75525,30.706758],[-84.756858,30.706837],[-84.760107,30.706997],[-84.761418,30.707061],[-84.763475,30.707162],[-84.764158,30.707194],[-84.76621,30.707294],[-84.766894,30.707328],[-84.766926,30.707329],[-84.766999,30.707332],[-84.76792,30.707378],[-84.771003,30.707529],[-84.772031,30.707581],[-84.772346,30.707597],[-84.775629,30.707751],[-84.786429,30.708258],[-84.789872,30.70842],[-84.789985,30.708424],[-84.790029,30.708426],[-84.79007,30.708429],[-84.796487,30.708754],[-84.801145,30.708992],[-84.801179,30.708994],[-84.802542,30.709064],[-84.810681,30.709479],[-84.815859,30.70972],[-84.821858,30.71],[-84.82232,30.71002],[-84.822695,30.71003],[-84.822808,30.710035],[-84.8233,30.710053],[-84.823831,30.710072],[-84.824009,30.710079],[-84.824213,30.71009],[-84.824282,30.710091],[-84.824495,30.710101],[-84.824566,30.710105],[-84.824642,30.710107],[-84.824872,30.710115],[-84.824893,30.710115],[-84.824947,30.710118],[-84.825159,30.710126],[-84.825292,30.710132],[-84.829393,30.710348],[-84.83057,30.71041],[-84.836326,30.710714],[-84.842734,30.710974],[-84.843672,30.711012],[-84.847135,30.711154],[-84.847185,30.711159],[-84.848895,30.711227],[-84.84911,30.711225],[-84.85489,30.711195],[-84.855403,30.711193],[-84.856819,30.711242],[-84.856863,30.711244],[-84.856876,30.711242],[-84.856901,30.711236],[-84.856917,30.711245],[-84.85737,30.711261],[-84.858449,30.711303],[-84.861559,30.711425],[-84.863469,30.7115],[-84.863481,30.7115],[-84.863701,30.711508],[-84.863806,30.711513],[-84.864131,30.711526],[-84.864414,30.711537],[-84.864447,30.711538],[-84.864541,30.711542],[-84.864697,30.711548],[-84.864709,30.711573],[-84.864728,30.711613],[-84.864746,30.711651],[-84.864759,30.711677],[-84.865488,30.713197],[-84.865494,30.713208],[-84.866631,30.71584],[-84.867554,30.717813],[-84.868155,30.719098],[-84.868288,30.719331],[-84.86846,30.719634],[-84.86872,30.720089],[-84.868979,30.720543],[-84.869153,30.720847],[-84.869291,30.721089],[-84.869705,30.721815],[-84.869756,30.721903],[-84.869869,30.72204],[-84.870704,30.723045],[-84.871322,30.723789],[-84.873504,30.725781],[-84.873686,30.725947],[-84.87448,30.726652],[-84.874568,30.72673],[-84.874702,30.726849],[-84.874835,30.726967],[-84.874925,30.727046],[-84.875337,30.727418],[-84.875425,30.727497],[-84.876025,30.727797],[-84.87677,30.728262],[-84.876825,30.728297],[-84.877125,30.728397],[-84.877271,30.728494],[-84.877725,30.728797],[-84.878125,30.729097],[-84.878693,30.729476],[-84.878725,30.729497],[-84.879525,30.729897],[-84.880025,30.730197],[-84.880625,30.730497],[-84.881325,30.730797],[-84.881825,30.731197],[-84.882525,30.731697],[-84.883093,30.73217],[-84.883125,30.732197],[-84.883825,30.732597],[-84.884225,30.733097],[-84.884333,30.733313],[-84.884525,30.733697],[-84.884925,30.734397],[-84.885225,30.734997],[-84.88549,30.735704],[-84.885525,30.735797],[-84.885725,30.736697],[-84.885925,30.737497],[-84.886225,30.738397],[-84.886425,30.739097],[-84.886625,30.739997],[-84.886825,30.740497],[-84.887125,30.741097],[-84.887526,30.741797],[-84.887926,30.742297],[-84.888502,30.74297],[-84.888526,30.742997],[-84.888826,30.743397],[-84.889426,30.743797],[-84.889826,30.744197],[-84.890426,30.744697],[-84.890475,30.74473],[-84.891026,30.745097],[-84.891426,30.745597],[-84.891628,30.745799],[-84.892026,30.746197],[-84.892426,30.746597],[-84.892926,30.747197],[-84.893426,30.747697],[-84.893726,30.747997],[-84.894226,30.748397],[-84.894526,30.748797],[-84.894974,30.74917],[-84.895126,30.749297],[-84.895326,30.749397],[-84.895426,30.749497],[-84.895626,30.749697],[-84.896175,30.750197],[-84.896171,30.750231],[-84.896165,30.750284],[-84.896158,30.750335],[-84.896154,30.75037],[-84.896126,30.750597],[-84.896137,30.750605],[-84.896526,30.750897],[-84.896748,30.750992],[-84.896972,30.751088],[-84.897226,30.751197],[-84.897626,30.751397],[-84.897938,30.751475],[-84.898026,30.751497],[-84.899126,30.751697],[-84.900226,30.751897],[-84.900526,30.751897],[-84.901038,30.751897],[-84.901126,30.751897],[-84.901926,30.751897],[-84.902084,30.751884],[-84.902411,30.751856],[-84.903126,30.751797],[-84.903373,30.751694],[-84.903677,30.751568],[-84.904326,30.751297],[-84.904575,30.751197],[-84.905326,30.750897],[-84.906326,30.750597],[-84.907326,30.750597],[-84.907389,30.750608],[-84.908243,30.750763],[-84.908346,30.750782],[-84.908426,30.750797],[-84.909226,30.750897],[-84.909939,30.751075],[-84.910026,30.751097],[-84.911126,30.751197],[-84.912426,30.751697],[-84.913526,30.752297],[-84.914026,30.752997],[-84.914102,30.753149],[-84.914226,30.753397],[-84.914326,30.753597],[-84.914426,30.753897],[-84.914526,30.754697],[-84.914526,30.755197],[-84.914526,30.755457],[-84.914526,30.756197],[-84.914526,30.757097],[-84.914526,30.757737],[-84.914526,30.757797],[-84.914526,30.758497],[-84.914528,30.75851],[-84.914537,30.758553],[-84.91454,30.758567],[-84.914611,30.758926],[-84.914726,30.759497],[-84.914838,30.760003],[-84.914918,30.760361],[-84.914926,30.760397],[-84.914942,30.760527],[-84.915005,30.761029],[-84.915026,30.761197],[-84.915484,30.761597],[-84.91686,30.7628],[-84.917319,30.763201],[-84.91734,30.763219],[-84.917405,30.763276],[-84.917427,30.763296],[-84.917892,30.763761],[-84.918927,30.764796],[-84.919305,30.76514],[-84.919793,30.765583],[-84.919941,30.765718],[-84.920027,30.765796],[-84.920127,30.765996],[-84.920127,30.766259],[-84.920127,30.766461],[-84.920127,30.766496],[-84.919863,30.767221],[-84.919327,30.768696],[-84.918999,30.769481],[-84.918827,30.769896],[-84.91869,30.770226],[-84.918536,30.770592],[-84.918327,30.771096],[-84.918141,30.771715],[-84.918027,30.772096],[-84.917948,30.772569],[-84.917827,30.773296],[-84.917722,30.773992],[-84.917651,30.774468],[-84.917608,30.774753],[-84.917527,30.775296],[-84.917479,30.77561],[-84.917436,30.775896],[-84.917538,30.776276],[-84.917691,30.776848],[-84.917844,30.777419],[-84.917946,30.777801],[-84.918027,30.778096],[-84.918147,30.778282],[-84.918562,30.778928],[-84.918927,30.779496],[-84.919023,30.7796],[-84.91938,30.77999],[-84.920027,30.780696],[-84.920367,30.781164],[-84.920458,30.781288],[-84.920827,30.781796],[-84.922127,30.783896],[-84.923127,30.785196],[-84.923308,30.785476],[-84.924227,30.786896],[-84.924723,30.787534],[-84.925627,30.788696],[-84.92619,30.789465],[-84.926669,30.790117],[-84.92668,30.790132],[-84.926715,30.79018],[-84.926727,30.790196],[-84.927347,30.791211],[-84.927827,30.791996],[-84.928327,30.793096],[-84.928676,30.794493],[-84.928727,30.794696],[-84.928919,30.795658],[-84.928936,30.795693],[-84.928945,30.795733],[-84.928952,30.795808],[-84.928957,30.795847],[-84.928986,30.795993],[-84.929027,30.796196],[-84.929027,30.796437],[-84.929027,30.796587],[-84.929027,30.796826],[-84.929027,30.797296],[-84.929002,30.797542],[-84.928978,30.79778],[-84.928967,30.797883],[-84.928936,30.798192],[-84.928927,30.798296],[-84.928758,30.798913],[-84.928627,30.799396],[-84.928282,30.800774],[-84.928127,30.801396],[-84.928015,30.802173],[-84.927927,30.802796],[-84.927927,30.803696],[-84.928154,30.804492],[-84.928327,30.805096],[-84.928381,30.805245],[-84.928688,30.806089],[-84.928727,30.806196],[-84.929127,30.807196],[-84.929627,30.807995],[-84.929866,30.808505],[-84.930038,30.808872],[-84.930143,30.809096],[-84.930248,30.80932],[-84.930327,30.809495],[-84.930782,30.810254],[-84.930927,30.810495],[-84.931627,30.811495],[-84.932327,30.812495],[-84.932654,30.812886],[-84.932828,30.813095],[-84.933398,30.813665],[-84.933456,30.813723],[-84.933514,30.813781],[-84.934028,30.814295],[-84.934946,30.815672],[-84.935228,30.816095],[-84.936128,30.817295],[-84.936199,30.817416],[-84.936828,30.818495],[-84.937228,30.819695],[-84.937428,30.820895],[-84.937428,30.820937],[-84.937428,30.822195],[-84.937382,30.822653],[-84.937328,30.823195],[-84.9373,30.823765],[-84.937264,30.824474],[-84.937228,30.825195],[-84.9371,30.825831],[-84.936928,30.826695],[-84.936704,30.827736],[-84.936628,30.828095],[-84.936567,30.828371],[-84.936564,30.828382],[-84.936556,30.828415],[-84.936554,30.828427],[-84.936528,30.82854],[-84.936491,30.828711],[-84.936453,30.828881],[-84.936428,30.828995],[-84.936392,30.829244],[-84.936339,30.829618],[-84.936285,30.829991],[-84.93625,30.830241],[-84.936228,30.830395],[-84.936223,30.830463],[-84.936175,30.831134],[-84.93616,30.831358],[-84.936158,30.831375],[-84.936153,30.831444],[-84.936148,30.831514],[-84.936128,30.831795],[-84.936098,30.832017],[-84.935928,30.833295],[-84.935828,30.833795],[-84.935749,30.833967],[-84.935707,30.83406],[-84.935591,30.834316],[-84.935475,30.834571],[-84.935382,30.834775],[-84.935328,30.834895],[-84.935068,30.83537],[-84.934961,30.835567],[-84.934934,30.835622],[-84.934819,30.835857],[-84.934728,30.835995],[-84.934428,30.836395],[-84.933828,30.836995],[-84.933223,30.837402],[-84.932928,30.837595],[-84.932328,30.838095],[-84.932251,30.838172],[-84.932142,30.838302],[-84.932045,30.838311],[-84.9315,30.838383],[-84.930715,30.838447],[-84.929884,30.838652],[-84.9298,30.838661],[-84.929692,30.838684],[-84.929103,30.838757],[-84.928383,30.838795],[-84.927929,30.838842],[-84.927477,30.838933],[-84.927301,30.838962],[-84.927088,30.83903],[-84.92696,30.839198],[-84.926245,30.839964],[-84.926029,30.840549],[-84.925918,30.84094],[-84.9258,30.841528],[-84.925669,30.842691],[-84.925722,30.843616],[-84.925731,30.843701],[-84.925727,30.843795],[-84.925752,30.843857],[-84.925781,30.843929],[-84.925928,30.844295],[-84.926128,30.844895],[-84.926328,30.845395],[-84.926828,30.846395],[-84.927407,30.847264],[-84.927428,30.847295],[-84.927674,30.847665],[-84.927828,30.847895],[-84.928528,30.848495],[-84.928726,30.848643],[-84.928928,30.848795],[-84.929128,30.848909],[-84.929628,30.849195],[-84.930372,30.849641],[-84.930628,30.849795],[-84.931461,30.850378],[-84.931628,30.850495],[-84.931795,30.850569],[-84.932528,30.850894],[-84.933228,30.851494],[-84.933728,30.852094],[-84.933774,30.852209],[-84.933928,30.852594],[-84.934428,30.853494],[-84.934754,30.8542],[-84.935028,30.854794],[-84.935528,30.855794],[-84.935779,30.856297],[-84.936128,30.856994],[-84.936454,30.857891],[-84.936528,30.858094],[-84.936595,30.858696],[-84.936628,30.858994],[-84.936448,30.859714],[-84.936428,30.859794],[-84.93598,30.860599],[-84.935928,30.860694],[-84.935329,30.861293],[-84.935228,30.861394],[-84.935036,30.861489],[-84.934628,30.861694],[-84.93407,30.861954],[-84.933975,30.861999],[-84.93376,30.862131],[-84.933528,30.862294],[-84.933085,30.862559],[-84.933028,30.862594],[-84.932528,30.863194],[-84.932328,30.863794],[-84.932328,30.863994],[-84.932328,30.864294],[-84.932514,30.864666],[-84.932528,30.864694],[-84.932798,30.865413],[-84.932828,30.865494],[-84.932834,30.865504],[-84.932941,30.865646],[-84.933059,30.865802],[-84.933128,30.865894],[-84.933328,30.866094],[-84.933527,30.866218],[-84.933761,30.866365],[-84.93391,30.866458],[-84.934082,30.866565],[-84.934128,30.866594],[-84.93448,30.866896],[-84.934828,30.867194],[-84.935628,30.867694],[-84.936328,30.868294],[-84.936568,30.868574],[-84.936575,30.868582],[-84.936928,30.868994],[-84.937152,30.869256],[-84.937265,30.869387],[-84.937528,30.869694],[-84.937618,30.869769],[-84.937752,30.869881],[-84.938128,30.870194],[-84.93838,30.87041],[-84.938722,30.870703],[-84.938828,30.870794],[-84.939328,30.871494],[-84.939628,30.872094],[-84.939828,30.872594],[-84.939828,30.873094],[-84.939828,30.873694],[-84.939667,30.874174],[-84.939628,30.874294],[-84.939428,30.874594],[-84.939228,30.874894],[-84.938963,30.875159],[-84.938928,30.875194],[-84.938783,30.87541],[-84.938728,30.875494],[-84.938668,30.875594],[-84.938428,30.875994],[-84.93836,30.876064],[-84.938333,30.876093],[-84.938321,30.876108],[-84.938189,30.876261],[-84.938163,30.876292],[-84.938113,30.876352],[-84.937828,30.876694],[-84.937328,30.877394],[-84.936904,30.877817],[-84.936768,30.877954],[-84.936728,30.877994],[-84.936028,30.878794],[-84.935828,30.879094],[-84.935528,30.879585],[-84.935028,30.880294],[-84.934928,30.880594],[-84.934528,30.881294],[-84.934328,30.881894],[-84.934228,30.882194],[-84.934228,30.882294],[-84.934128,30.882494],[-84.934216,30.882846],[-84.934228,30.882894],[-84.934268,30.883035],[-84.934428,30.883594],[-84.934728,30.884094],[-84.934904,30.884534],[-84.934928,30.884594],[-84.935028,30.884794],[-84.935125,30.884794],[-84.93517,30.884794],[-84.935228,30.884794],[-84.936729,30.885894],[-84.937299,30.886273],[-84.937329,30.886294],[-84.937836,30.88661],[-84.938129,30.886794],[-84.939129,30.887094],[-84.939376,30.88717],[-84.94029,30.887451],[-84.940429,30.887494],[-84.941329,30.887694],[-84.941929,30.887994],[-84.942529,30.888494],[-84.942723,30.888784],[-84.943024,30.8892],[-84.943318,30.889606],[-84.943529,30.889894],[-84.944329,30.891094],[-84.945129,30.892194],[-84.945929,30.893194],[-84.946429,30.893893],[-84.947129,30.894493],[-84.948029,30.895393],[-84.948629,30.896193],[-84.949629,30.897393],[-84.95012,30.898212],[-84.950229,30.898393],[-84.950929,30.899493],[-84.951429,30.900493],[-84.951484,30.900618],[-84.951839,30.901409],[-84.952329,30.902293],[-84.952727,30.902694],[-84.953229,30.903493],[-84.953778,30.904133],[-84.953829,30.904193],[-84.95399,30.90445],[-84.954329,30.904993],[-84.954699,30.905511],[-84.954829,30.905693],[-84.955068,30.906092],[-84.955129,30.906193],[-84.955566,30.906717],[-84.955629,30.906793],[-84.955828,30.907114],[-84.956129,30.907593],[-84.956288,30.907752],[-84.956399,30.907863],[-84.956729,30.908193],[-84.956782,30.908233],[-84.957529,30.908793],[-84.95756,30.908824],[-84.958229,30.909493],[-84.95883,30.909993],[-84.95963,30.910593],[-84.959776,30.910739],[-84.96023,30.911193],[-84.960486,30.911413],[-84.96093,30.911793],[-84.961166,30.912029],[-84.96143,30.912293],[-84.96223,30.913093],[-84.96303,30.913793],[-84.963173,30.913918],[-84.96383,30.914493],[-84.963863,30.914526],[-84.964426,30.915089],[-84.96493,30.915593],[-84.96583,30.916393],[-84.966166,30.916729],[-84.96673,30.917293],[-84.967074,30.917809],[-84.96733,30.918193],[-84.96793,30.919093],[-84.9681,30.919366],[-84.96843,30.919893],[-84.968638,30.920309],[-84.96883,30.920693],[-84.969121,30.921311],[-84.969237,30.921569],[-84.96943,30.921993],[-84.969642,30.922789],[-84.96983,30.923493],[-84.97013,30.924693],[-84.970244,30.925189],[-84.97043,30.925993],[-84.97043,30.926693],[-84.97063,30.927593],[-84.97103,30.928193],[-84.97143,30.928593],[-84.97193,30.928893],[-84.97243,30.929193],[-84.97303,30.929593],[-84.973193,30.929674],[-84.97383,30.929993],[-84.97443,30.930293],[-84.97503,30.930593],[-84.97523,30.930793],[-84.976046,30.931054],[-84.97773,30.931593],[-84.977772,30.931602],[-84.97863,30.931793],[-84.97963,30.932293],[-84.980631,30.932693],[-84.981331,30.933193],[-84.982131,30.933693],[-84.982631,30.934293],[-84.983131,30.934792],[-84.983331,30.935192],[-84.983531,30.935492],[-84.983631,30.935992],[-84.983631,30.936492],[-84.983631,30.936992],[-84.983608,30.937061],[-84.983531,30.937292],[-84.983531,30.937692],[-84.983362,30.938198],[-84.983331,30.938292],[-84.983131,30.939092],[-84.983031,30.940292],[-84.983031,30.940892],[-84.983031,30.941093],[-84.983031,30.941992],[-84.983031,30.942592],[-84.982934,30.943073],[-84.982922,30.943133],[-84.982831,30.943692],[-84.982787,30.943885],[-84.982631,30.944592],[-84.982531,30.945392],[-84.98238,30.946142],[-84.982231,30.946892],[-84.982065,30.947471],[-84.981831,30.948292],[-84.981561,30.949208],[-84.981391,30.949787],[-84.981383,30.94983],[-84.981361,30.94989],[-84.981356,30.949906],[-84.981342,30.94995],[-84.981331,30.949992],[-84.980831,30.951392],[-84.980431,30.952392],[-84.980253,30.952747],[-84.979989,30.953276],[-84.979931,30.953392],[-84.979731,30.953992],[-84.979631,30.954692],[-84.979531,30.955592],[-84.979531,30.956592],[-84.979531,30.957792],[-84.979631,30.958992],[-84.979831,30.960192],[-84.980131,30.961292],[-84.980186,30.961439],[-84.980431,30.962092],[-84.980831,30.962792],[-84.981131,30.963392],[-84.981432,30.963824],[-84.981567,30.964047],[-84.981731,30.964292],[-84.982134,30.964947],[-84.982531,30.965592],[-84.983331,30.966392],[-84.984131,30.967092],[-84.98434,30.967211],[-84.984831,30.967492],[-84.985286,30.967699],[-84.98567,30.967873],[-84.985931,30.967992],[-84.986829,30.968389],[-84.987036,30.968481],[-84.987221,30.968549],[-84.987488,30.968629],[-84.987511,30.968636],[-84.987807,30.968725],[-84.988031,30.968792],[-84.988297,30.968845],[-84.988572,30.9689],[-84.988714,30.968928],[-84.989031,30.968992],[-84.989139,30.969028],[-84.989278,30.969074],[-84.989631,30.969192],[-84.990431,30.969392],[-84.991365,30.969646],[-84.991531,30.969692],[-84.992531,30.969892],[-84.993732,30.970192],[-84.994732,30.970392],[-84.995832,30.970592],[-84.996832,30.970892],[-84.997397,30.971104],[-84.997632,30.971192],[-84.997661,30.971197],[-84.998632,30.971392],[-84.999332,30.971492],[-84.999732,30.971492],[-84.999801,30.971492],[-84.999835,30.971483],[-84.999845,30.971451],[-84.99989,30.971319],[-84.99991,30.971256],[-84.999932,30.971192],[-85.00008,30.971287],[-85.000302,30.971431],[-85.000476,30.971543],[-85.000524,30.971574],[-85.000572,30.971605],[-85.000673,30.97167],[-85.001256,30.972045],[-85.00158,30.972179],[-85.002756,30.972667],[-85.00403,30.973474],[-85.004261,30.973738],[-85.004948,30.974525],[-85.005109,30.97471],[-85.005153,30.974795],[-85.005627,30.975702],[-85.005738,30.975914],[-85.005756,30.976015],[-85.005802,30.976283],[-85.005935,30.977046],[-85.005937,30.977087],[-85.005956,30.977359],[-85.006009,30.978168],[-85.006031,30.978484],[-85.005938,30.97981],[-85.005666,30.980548],[-85.005386,30.98131],[-85.00535,30.981408],[-85.005317,30.981498],[-85.005293,30.981563],[-85.005054,30.982154],[-85.004639,30.983188],[-85.004346,30.983708],[-85.00409,30.984163],[-85.003849,30.984589],[-85.003834,30.984617],[-85.003619,30.984998],[-85.003404,30.98538],[-85.003171,30.985793],[-85.002938,30.986206],[-85.002562,30.986872],[-85.002544,30.986905],[-85.002385,30.987842],[-85.002433,30.988844],[-85.002678,30.989903],[-85.002913,30.99084],[-85.003007,30.991754],[-85.003005,30.99193],[-85.002999,30.992626],[-85.002865,30.993635],[-85.002859,30.993669],[-85.00285,30.993693],[-85.002789,30.993866],[-85.002769,30.993924],[-85.002608,30.994377],[-85.002336,30.995148],[-85.002183,30.995755],[-85.002067,30.996222],[-85.00206,30.996249],[-85.00205,30.996292],[-85.002039,30.996333],[-85.002032,30.996361],[-85.002016,30.99642],[-85.001995,30.996507],[-85.001973,30.996598],[-85.001959,30.996658],[-85.001944,30.996719],[-85.001922,30.996813],[-85.0019,30.996905],[-85.001886,30.996968],[-85.00185,30.997079],[-85.001832,30.997608],[-85.001823,30.997895],[-85.001843,30.999083],[-85.001863,30.999545],[-85.001891,31.000191],[-85.001893,31.000264],[-85.001895,31.000338],[-85.001895,31.000348],[-85.001904,31.000687],[-85.002039,31.000687],[-85.002197,31.000688],[-85.002258,31.000688],[-85.002369,31.000688],[-85.002441,31.000691],[-85.002503,31.000691],[-85.002566,31.000691],[-85.002755,31.000691],[-85.002819,31.000691],[-85.003403,31.00069],[-85.005158,31.00069],[-85.005743,31.00069],[-85.007581,31.000689],[-85.013095,31.000689],[-85.014934,31.000689],[-85.01575,31.000688],[-85.018198,31.000688],[-85.019015,31.000688],[-85.019986,31.000687],[-85.022901,31.000687],[-85.023873,31.000687],[-85.02392,31.000687],[-85.024064,31.000687],[-85.024112,31.000687],[-85.024276,31.000682],[-85.024333,31.000681],[-85.024771,31.000668],[-85.024936,31.000664],[-85.025281,31.000686],[-85.025451,31.000697],[-85.025601,31.000707],[-85.025953,31.000683],[-85.026585,31.000641],[-85.026999,31.000656],[-85.027516,31.000676],[-85.028074,31.000672],[-85.029751,31.000661],[-85.030111,31.000659],[-85.03031,31.000658],[-85.030517,31.000656],[-85.030623,31.000656],[-85.030935,31.000654],[-85.03114,31.000653],[-85.031159,31.000653],[-85.031348,31.000652],[-85.031437,31.000651],[-85.031705,31.000649],[-85.031795,31.000649],[-85.033503,31.000637],[-85.03863,31.000604],[-85.04034,31.000593],[-85.040431,31.000592],[-85.040704,31.000591],[-85.040785,31.000591],[-85.040796,31.000591],[-85.041072,31.000591],[-85.042787,31.000591],[-85.048763,31.000591],[-85.050755,31.000591],[-85.052349,31.000585],[-85.057132,31.00057],[-85.058727,31.000565],[-85.058761,31.000566],[-85.058865,31.00057],[-85.0589,31.000572],[-85.05893,31.000573],[-85.059021,31.000576],[-85.059052,31.000578],[-85.059394,31.000605],[-85.06042,31.000646],[-85.060763,31.000663],[-85.060973,31.000665],[-85.061605,31.000682],[-85.061816,31.000675],[-85.061906,31.000675],[-85.061994,31.000675],[-85.062176,31.000666],[-85.062266,31.000662],[-85.062594,31.000646],[-85.063217,31.000629],[-85.063841,31.000621],[-85.064778,31.000619],[-85.064791,31.000619],[-85.069101,31.000649],[-85.071123,31.000679],[-85.07237,31.000685],[-85.0732,31.000689],[-85.074567,31.000702],[-85.074897,31.000711],[-85.075011,31.000713],[-85.0789,31.000755],[-85.079079,31.000757],[-85.082419,31.000785],[-85.083649,31.000782],[-85.085396,31.000796],[-85.088412,31.000785],[-85.08875,31.000785],[-85.092034,31.000791],[-85.092373,31.000782],[-85.092769,31.000773],[-85.093392,31.000769],[-85.093732,31.000767],[-85.095411,31.000765],[-85.098991,31.000761],[-85.10045,31.00077],[-85.100925,31.000773],[-85.10213,31.000772],[-85.102974,31.000771],[-85.103454,31.000775],[-85.103528,31.000776],[-85.104366,31.000808],[-85.10474,31.00081],[-85.107429,31.000798],[-85.107778,31.000797],[-85.108754,31.000789],[-85.110051,31.000787],[-85.111516,31.000786],[-85.112706,31.000793],[-85.1134,31.000793],[-85.113944,31.000789],[-85.115242,31.000782],[-85.115637,31.00078],[-85.11681,31.000784],[-85.117058,31.000785],[-85.117203,31.00078],[-85.11839,31.000781],[-85.118661,31.000782],[-85.121489,31.000761],[-85.12195,31.000762],[-85.123138,31.000768],[-85.124117,31.000782],[-85.125691,31.000804],[-85.127057,31.000805],[-85.127381,31.000806],[-85.128037,31.00082],[-85.12843,31.000828],[-85.12961,31.000852],[-85.130004,31.000861],[-85.131769,31.000833],[-85.137067,31.000749],[-85.138833,31.000722],[-85.139613,31.000722],[-85.141954,31.000722],[-85.142409,31.000722],[-85.142621,31.000723],[-85.142735,31.000722],[-85.14278,31.000721],[-85.142918,31.000721],[-85.142964,31.000721],[-85.14306,31.00072],[-85.143347,31.000717],[-85.143444,31.000717],[-85.143923,31.000713],[-85.145359,31.000704],[-85.145839,31.000701],[-85.146713,31.000728],[-85.148102,31.000771],[-85.149491,31.000814],[-85.152088,31.000894],[-85.152341,31.000936],[-85.152685,31.000914],[-85.153531,31.000918],[-85.1542,31.00093],[-85.154564,31.000933],[-85.15469,31.000929],[-85.154815,31.000919],[-85.154934,31.000902],[-85.155048,31.000873],[-85.155102,31.00085],[-85.156976,31.000874],[-85.162601,31.000949],[-85.164476,31.000974],[-85.165115,31.000971],[-85.167033,31.000966],[-85.167673,31.000965],[-85.167878,31.000964],[-85.168494,31.000962],[-85.1687,31.000962],[-85.170107,31.000957],[-85.174331,31.000944],[-85.175739,31.00094],[-85.175765,31.00094],[-85.175843,31.00094],[-85.17587,31.00094],[-85.175984,31.000939],[-85.176328,31.000938],[-85.176443,31.000938],[-85.178348,31.000932],[-85.184064,31.000915],[-85.18597,31.00091],[-85.186505,31.000908],[-85.188114,31.000903],[-85.18865,31.000902],[-85.188676,31.000902],[-85.188754,31.000902],[-85.188781,31.000902],[-85.188915,31.000901],[-85.189116,31.000901],[-85.189317,31.0009],[-85.189452,31.0009],[-85.192244,31.000891],[-85.192835,31.00089],[-85.200621,31.000845],[-85.203414,31.000829],[-85.205356,31.000817],[-85.210035,31.00079],[-85.211184,31.000796],[-85.213111,31.000808],[-85.213127,31.000808],[-85.216146,31.000825],[-85.225205,31.000879],[-85.227036,31.00089],[-85.228225,31.00089],[-85.228512,31.00089],[-85.229375,31.00089],[-85.229663,31.00089],[-85.231749,31.00089],[-85.238009,31.00089],[-85.240096,31.00089],[-85.242047,31.00089],[-85.243636,31.00089],[-85.247902,31.000788],[-85.249854,31.000742],[-85.250111,31.000736],[-85.250365,31.000729],[-85.251899,31.000692],[-85.252411,31.00068],[-85.25315,31.000661],[-85.255367,31.000608],[-85.256107,31.00059],[-85.256129,31.000589],[-85.257784,31.000548],[-85.262815,31.000425],[-85.264493,31.000385],[-85.2658,31.000352],[-85.269724,31.000257],[-85.271033,31.000225],[-85.271228,31.00022],[-85.271521,31.000213],[-85.271813,31.000206],[-85.272009,31.000202],[-85.272053,31.000201],[-85.272181,31.000197],[-85.272248,31.000196],[-85.272486,31.00019],[-85.272568,31.00019],[-85.272697,31.00019],[-85.273613,31.00019],[-85.276362,31.00019],[-85.277033,31.00019],[-85.277279,31.000185],[-85.279995,31.000131],[-85.288146,30.999971],[-85.290864,30.999918],[-85.291195,30.999912],[-85.292191,30.999897],[-85.292523,30.999892],[-85.294484,30.999861],[-85.300371,30.99977],[-85.302333,30.99974],[-85.30384,30.999716],[-85.308365,30.999645],[-85.309873,30.999622],[-85.309979,30.99962],[-85.31014,30.999618],[-85.310299,30.999615],[-85.310406,30.999614],[-85.311001,30.999604],[-85.312786,30.999576],[-85.313382,30.999567],[-85.314742,30.999547],[-85.318824,30.999489],[-85.320185,30.99947],[-85.321932,30.999444],[-85.327173,30.99937],[-85.328921,30.999346],[-85.330119,30.999327],[-85.333715,30.999274],[-85.334914,30.999256],[-85.337868,30.99921],[-85.34673,30.999075],[-85.348541,30.999048],[-85.349685,30.999031],[-85.36475,30.998803],[-85.365723,30.998788],[-85.368646,30.998744],[-85.36962,30.99873],[-85.370471,30.998738],[-85.373027,30.998762],[-85.373879,30.99877],[-85.374936,30.99878],[-85.375453,30.998771],[-85.380176,30.998689],[-85.381751,30.998662],[-85.383767,30.998627],[-85.389815,30.998526],[-85.391831,30.998492],[-85.392921,30.998473],[-85.396193,30.998418],[-85.397284,30.9984],[-85.39732,30.998399],[-85.398823,30.998373],[-85.403443,30.998296],[-85.404984,30.998271],[-85.405187,30.998267],[-85.405796,30.998256],[-85.406,30.998253],[-85.406331,30.99825],[-85.407328,30.998241],[-85.407547,30.99824],[-85.40766,30.998239],[-85.407685,30.998238],[-85.407761,30.998237],[-85.407787,30.998237],[-85.408226,30.998231],[-85.409545,30.998215],[-85.409875,30.998211],[-85.409985,30.998208],[-85.41192,30.998178],[-85.412047,30.998176],[-85.41253,30.998168],[-85.413373,30.998123],[-85.413569,30.998112],[-85.413714,30.998104],[-85.420153,30.998017],[-85.423259,30.997974],[-85.432578,30.997848],[-85.435685,30.997806],[-85.437788,30.997777],[-85.444099,30.997691],[-85.446203,30.997663],[-85.448699,30.997628],[-85.456189,30.997527],[-85.458686,30.997494],[-85.460347,30.997471],[-85.465333,30.997403],[-85.466995,30.997381],[-85.467875,30.997368],[-85.470518,30.997333],[-85.4714,30.997321],[-85.472199,30.997307],[-85.474599,30.997269],[-85.475399,30.997256],[-85.476067,30.997244],[-85.478072,30.997212],[-85.478741,30.997202],[-85.478767,30.997202],[-85.480653,30.997175],[-85.486389,30.997096],[-85.488302,30.99707],[-85.489171,30.997057],[-85.491781,30.997021],[-85.49263,30.99701],[-85.492652,30.99701],[-85.49372,30.996995],[-85.496927,30.996951],[-85.497996,30.996937],[-85.499936,30.996901],[-85.501292,30.99689],[-85.501307,30.996879],[-85.503151,30.996868],[-85.503742,30.996875],[-85.503911,30.996873],[-85.504409,30.996871],[-85.508576,30.996834],[-85.513158,30.996807],[-85.515584,30.99679],[-85.524709,30.996728],[-85.527176,30.99671],[-85.529125,30.996696],[-85.531612,30.996682],[-85.532419,30.996658],[-85.533641,30.996626],[-85.534157,30.996611],[-85.538259,30.996534],[-85.546028,30.996461],[-85.547334,30.996448],[-85.547444,30.996447],[-85.547554,30.996446],[-85.547644,30.996445],[-85.547734,30.996444],[-85.54879,30.996434],[-85.551572,30.996408],[-85.551783,30.996406],[-85.551993,30.996403],[-85.552218,30.996401],[-85.552442,30.996399],[-85.555405,30.996371],[-85.562705,30.996302],[-85.568116,30.99625],[-85.569011,30.996265],[-85.572814,30.996245],[-85.575071,30.996232],[-85.575375,30.99623],[-85.575679,30.996227],[-85.575858,30.996226],[-85.576037,30.996225],[-85.576061,30.996236],[-85.576683,30.99622],[-85.577329,30.996215],[-85.577366,30.996215],[-85.577427,30.996215],[-85.579493,30.996199],[-85.579789,30.996197],[-85.583402,30.996178],[-85.586241,30.99616],[-85.598588,30.996082],[-85.599988,30.996073],[-85.602321,30.996062],[-85.602535,30.996062],[-85.602902,30.996062],[-85.603269,30.996062],[-85.614037,30.996],[-85.616883,30.995988],[-85.619665,30.995972],[-85.623595,30.99594],[-85.624937,30.995929],[-85.628794,30.995905],[-85.63144,30.995891],[-85.636942,30.995861],[-85.644401,30.99582],[-85.64626,30.995809],[-85.647098,30.995804],[-85.647246,30.995803],[-85.647395,30.995802],[-85.647462,30.995802],[-85.647528,30.995802],[-85.652205,30.995774],[-85.652472,30.995773],[-85.659822,30.995734],[-85.663432,30.995714],[-85.667814,30.995689],[-85.669475,30.99568],[-85.670975,30.995655],[-85.672565,30.99565],[-85.676222,30.995643],[-85.679771,30.995624],[-85.681195,30.995616],[-85.681235,30.995619],[-85.681275,30.995621],[-85.681335,30.995625],[-85.681559,30.995618],[-85.682514,30.995611],[-85.683001,30.995614],[-85.683778,30.99561],[-85.684301,30.995609],[-85.684944,30.995607],[-85.68537,30.995607],[-85.687872,30.9956],[-85.690616,30.995586],[-85.690703,30.995586],[-85.692144,30.995579],[-85.692211,30.995579],[-85.714509,30.995463],[-85.724527,30.995424],[-85.727095,30.995411],[-85.732971,30.995382],[-85.739201,30.995349],[-85.741632,30.995332],[-85.749623,30.995298],[-85.749936,30.994843],[-85.752268,30.994822],[-85.756896,30.994781],[-85.759876,30.994754],[-85.759962,30.994754],[-85.760002,30.994754],[-85.76066,30.994747],[-85.762349,30.994732],[-85.768954,30.994674],[-85.769009,30.994673],[-85.772676,30.99464],[-85.779661,30.994578],[-85.779929,30.994577],[-85.779983,30.994577],[-85.801079,30.99439],[-85.813627,30.994277],[-85.828797,30.994145],[-85.830269,30.994133],[-85.830455,30.994131],[-85.830628,30.99413],[-85.8308,30.994128],[-85.830964,30.994127],[-85.831127,30.994126],[-85.831253,30.994123],[-85.832274,30.994117],[-85.83999,30.994052],[-85.856593,30.993904],[-85.865055,30.993829],[-85.865146,30.993828],[-85.8704,30.993784],[-85.870848,30.993779],[-85.874607,30.993636],[-85.874935,30.993624],[-85.878314,30.993596],[-85.878531,30.993594],[-85.881148,30.993574],[-85.887826,30.993519],[-85.891084,30.993493],[-85.893477,30.993473],[-85.899342,30.993468],[-85.906047,30.993426],[-85.911124,30.993392],[-85.911279,30.993391],[-85.911434,30.99339],[-85.917777,30.99335],[-85.926471,30.993295],[-85.931299,30.993265],[-85.931911,30.993263],[-85.931936,30.993263],[-85.932474,30.993257],[-85.932963,30.993255],[-85.935842,30.993236],[-85.938838,30.993217],[-85.938957,30.993216],[-85.939076,30.993216],[-85.939896,30.99321],[-85.940009,30.99321],[-85.940121,30.993209],[-85.942842,30.99319],[-85.947527,30.993161],[-85.950892,30.993141],[-85.958136,30.993095],[-85.962179,30.99307],[-85.964944,30.993052],[-85.96545,30.993048],[-85.965561,30.993048],[-85.965673,30.993047],[-85.965809,30.993046],[-85.965945,30.993046],[-85.977298,30.993005],[-85.977818,30.993003],[-85.978338,30.993001],[-85.978514,30.993],[-85.97869,30.992999],[-85.978871,30.992998],[-85.985089,30.992959],[-85.985105,30.992969],[-85.985986,30.992954],[-85.986883,30.992948],[-85.997295,30.992883],[-85.998616,30.992876],[-85.999942,30.99314],[-86.006419,30.993194],[-86.007062,30.993191],[-86.015671,30.993226],[-86.01583,30.993226],[-86.015989,30.993227],[-86.016167,30.993228],[-86.016344,30.993229],[-86.024217,30.993276],[-86.032301,30.993312],[-86.035044,30.993326],[-86.035781,30.99333],[-86.036672,30.993335],[-86.05235,30.993355],[-86.052586,30.993352],[-86.053511,30.993399],[-86.05428,30.993407],[-86.054792,30.993401],[-86.055897,30.993399],[-86.056174,30.993398],[-86.05626,30.993398],[-86.059484,30.993017],[-86.060231,30.992952],[-86.060979,30.992887],[-86.061173,30.992877],[-86.061238,30.992873],[-86.061381,30.992865],[-86.061816,30.992866],[-86.062429,30.992866],[-86.063033,30.992877],[-86.063138,30.992877],[-86.063243,30.992877],[-86.063271,30.992875],[-86.063371,30.992872],[-86.06347,30.992868],[-86.0638,30.992868],[-86.066257,30.992871],[-86.071369,30.992877],[-86.078494,30.992887],[-86.078653,30.992887],[-86.085604,30.992892],[-86.091193,30.9929],[-86.091526,30.9929],[-86.102391,30.992908],[-86.102501,30.992908],[-86.104321,30.99291],[-86.11244,30.992918],[-86.117122,30.992916],[-86.117454,30.992914],[-86.121376,30.992892],[-86.121545,30.99289],[-86.124946,30.993123],[-86.130658,30.993392],[-86.130728,30.993389],[-86.130852,30.993384],[-86.130959,30.99338],[-86.131065,30.993376],[-86.132609,30.99332],[-86.132727,30.993321],[-86.145481,30.993444],[-86.158158,30.993566],[-86.162963,30.993684],[-86.162983,30.993692],[-86.163002,30.99369],[-86.163988,30.993694],[-86.164292,30.993676],[-86.164482,30.993667],[-86.164886,30.993648],[-86.164899,30.993647],[-86.165037,30.993633],[-86.165308,30.993606],[-86.165476,30.99361],[-86.16573,30.993605],[-86.165849,30.993603],[-86.165891,30.993602],[-86.166059,30.993595],[-86.166652,30.993591],[-86.168408,30.993565],[-86.16927,30.993564],[-86.169326,30.993564],[-86.170323,30.99373],[-86.170755,30.993806],[-86.170768,30.993808],[-86.171919,30.993767],[-86.171951,30.993767],[-86.17332,30.993774],[-86.173676,30.993779],[-86.17466,30.993794],[-86.174906,30.993735],[-86.175072,30.993701],[-86.175191,30.993683],[-86.175241,30.993676],[-86.17541,30.993666],[-86.175579,30.993665],[-86.176173,30.993696],[-86.178895,30.99379],[-86.17915,30.993795],[-86.180088,30.99385],[-86.180258,30.993868],[-86.180425,30.993893],[-86.180591,30.993932],[-86.18075,30.993984],[-86.180823,30.994014],[-86.187251,30.994027],[-86.190872,30.994034],[-86.195553,30.994044],[-86.200438,30.994054],[-86.200585,30.994055],[-86.206159,30.994076],[-86.206294,30.994076],[-86.214612,30.99409],[-86.214731,30.99409],[-86.217701,30.994097],[-86.221382,30.994106],[-86.227292,30.994121],[-86.228096,30.99414],[-86.233649,30.994268],[-86.233774,30.994271],[-86.233854,30.994273],[-86.23834,30.994376],[-86.249949,30.994139],[-86.256364,30.993863],[-86.257946,30.993862],[-86.258527,30.993854],[-86.259109,30.993847],[-86.260276,30.993831],[-86.260395,30.993831],[-86.267945,30.993821],[-86.271198,30.993817],[-86.27481,30.993811],[-86.288854,30.993708],[-86.288994,30.993707],[-86.289649,30.9937],[-86.290162,30.9937],[-86.291101,30.993712],[-86.291951,30.99373],[-86.292075,30.99373],[-86.292779,30.993731],[-86.293059,30.993732],[-86.293192,30.993733],[-86.294334,30.99374],[-86.294625,30.993743],[-86.294803,30.993745],[-86.295646,30.993755],[-86.296464,30.993756],[-86.296927,30.993764],[-86.297156,30.993768],[-86.297732,30.993779],[-86.298244,30.993788],[-86.298756,30.993792],[-86.299096,30.993795],[-86.299945,30.993825],[-86.300794,30.993833],[-86.302319,30.993854],[-86.302759,30.993876],[-86.303169,30.993897],[-86.303595,30.993911],[-86.303756,30.993911],[-86.30428,30.993913],[-86.304449,30.993923],[-86.304868,30.993973],[-86.30519,30.994024],[-86.305239,30.994032],[-86.306617,30.994022],[-86.309126,30.994005],[-86.309272,30.994004],[-86.315615,30.994036],[-86.31588,30.994059],[-86.31745,30.994196],[-86.317474,30.994196],[-86.322551,30.994221],[-86.324936,30.994233],[-86.327322,30.994245],[-86.327882,30.994247],[-86.330821,30.994263],[-86.330895,30.994263],[-86.330937,30.994264],[-86.331124,30.994266],[-86.331973,30.99429],[-86.332287,30.994293],[-86.334047,30.994308],[-86.335157,30.994303],[-86.335557,30.994306],[-86.337484,30.994324],[-86.338414,30.994332],[-86.338936,30.994337],[-86.339266,30.99434],[-86.339389,30.994341],[-86.339893,30.994346],[-86.340795,30.994355],[-86.342535,30.994373],[-86.342898,30.994374],[-86.348403,30.99439],[-86.348511,30.99439],[-86.348834,30.994391],[-86.350235,30.994397],[-86.350444,30.994398],[-86.356566,30.994425],[-86.364771,30.994457],[-86.364956,30.994509],[-86.365055,30.994549],[-86.365142,30.994547],[-86.365224,30.994553],[-86.365479,30.994559],[-86.367528,30.994537],[-86.368126,30.994523],[-86.368383,30.994524],[-86.368553,30.994529],[-86.369368,30.994538],[-86.369402,30.994538],[-86.369844,30.994526],[-86.370904,30.994516],[-86.372034,30.994489],[-86.372334,30.994489],[-86.372579,30.994484],[-86.373146,30.994488],[-86.373212,30.994488],[-86.374277,30.994482],[-86.374377,30.994478],[-86.378971,30.994301],[-86.379075,30.994297],[-86.383859,30.994242],[-86.388651,30.994187],[-86.391961,30.994431],[-86.391978,30.994432],[-86.393769,30.994435],[-86.39575,30.994417],[-86.398671,30.994409],[-86.398948,30.994399],[-86.400795,30.994401],[-86.402493,30.994437],[-86.403192,30.994445],[-86.405103,30.994425],[-86.405149,30.99441],[-86.405206,30.994408],[-86.407073,30.994335],[-86.412655,30.994135],[-86.412738,30.994132],[-86.412977,30.994124],[-86.413045,30.994121],[-86.413217,30.994115],[-86.413323,30.994111],[-86.413442,30.994107],[-86.414269,30.994077],[-86.414293,30.994076],[-86.414309,30.994076],[-86.414503,30.994077],[-86.414803,30.994078],[-86.415104,30.994078],[-86.422287,30.994097],[-86.422742,30.994093],[-86.425436,30.994071],[-86.425552,30.99407],[-86.425578,30.99407],[-86.425592,30.99407],[-86.425985,30.994067],[-86.438502,30.993961],[-86.445744,30.993902],[-86.454709,30.993797],[-86.454952,30.993886],[-86.454996,30.993978],[-86.455169,30.993944],[-86.455345,30.993943],[-86.455357,30.993943],[-86.455386,30.993943],[-86.455485,30.993943],[-86.455501,30.993943],[-86.458128,30.993956],[-86.458148,30.993956],[-86.458324,30.994004],[-86.460737,30.993986],[-86.466413,30.993918],[-86.473076,30.993745],[-86.47327,30.99374],[-86.47451,30.993708],[-86.475691,30.993683],[-86.477895,30.993685],[-86.477948,30.993685],[-86.483349,30.993691],[-86.483553,30.993687],[-86.483571,30.993687],[-86.484484,30.993667],[-86.484673,30.993663],[-86.484926,30.993657],[-86.485103,30.993653],[-86.486297,30.993629],[-86.488595,30.99358],[-86.488608,30.99358],[-86.493517,30.993478],[-86.495113,30.993445],[-86.499955,30.993345],[-86.500021,30.993348],[-86.509299,30.993609],[-86.512848,30.993709],[-86.513125,30.993691],[-86.513256,30.993683],[-86.513429,30.993678],[-86.520076,30.993492],[-86.520152,30.993408],[-86.520201,30.993264],[-86.524469,30.993442],[-86.524592,30.993447],[-86.524677,30.993462],[-86.529004,30.993653],[-86.529019,30.99365],[-86.529171,30.993661],[-86.535635,30.993959],[-86.535656,30.99395],[-86.542389,30.994271],[-86.542493,30.994276],[-86.542659,30.994284],[-86.542824,30.994291],[-86.549085,30.994576],[-86.555071,30.994851],[-86.555175,30.994856],[-86.563441,30.995229],[-86.563772,30.995151],[-86.564091,30.995073],[-86.564106,30.995069],[-86.565537,30.994973],[-86.567579,30.995115],[-86.567887,30.995106],[-86.567926,30.995105],[-86.570735,30.99505],[-86.574261,30.99498],[-86.580472,30.994971],[-86.584063,30.994966],[-86.588911,30.994959],[-86.591533,30.994958],[-86.591573,30.994958],[-86.591695,30.994955],[-86.5921,30.994947],[-86.593682,30.994914],[-86.594209,30.994902],[-86.594308,30.994903],[-86.596973,30.994937],[-86.59793,30.994949],[-86.597971,30.994949],[-86.602391,30.994944],[-86.608189,30.994938],[-86.615978,30.994939],[-86.619781,30.99493],[-86.622739,30.994923],[-86.622894,30.994923],[-86.625009,30.994876],[-86.627324,30.994865],[-86.627349,30.994865],[-86.62776,30.994863],[-86.63344,30.994921],[-86.634538,30.994892],[-86.634615,30.99489],[-86.634641,30.994889],[-86.634712,30.994887],[-86.635032,30.994879],[-86.636133,30.994853],[-86.636149,30.994853],[-86.636238,30.994851],[-86.636816,30.994837],[-86.637176,30.994828],[-86.63935,30.994776],[-86.639734,30.994771],[-86.642169,30.994739],[-86.642235,30.994738],[-86.648406,30.99467],[-86.648436,30.99467],[-86.648537,30.99467],[-86.650715,30.994843],[-86.650943,30.994861],[-86.651197,30.994881],[-86.651247,30.994875],[-86.651375,30.994858],[-86.651502,30.994842],[-86.653189,30.994621],[-86.653223,30.994621],[-86.653248,30.994621],[-86.658719,30.994647],[-86.658835,30.994648],[-86.665152,30.994678],[-86.666195,30.994693],[-86.666216,30.994683],[-86.666322,30.994691],[-86.666476,30.994703],[-86.669973,30.994701],[-86.671574,30.99469],[-86.671597,30.99469],[-86.671623,30.99469],[-86.671651,30.99469],[-86.67168,30.99469],[-86.671708,30.99469],[-86.671734,30.99469],[-86.671757,30.99469],[-86.671776,30.99469],[-86.671792,30.99469],[-86.671842,30.994688],[-86.672117,30.994689],[-86.672136,30.994689],[-86.67217,30.994689],[-86.6742,30.994693],[-86.675147,30.994695],[-86.675546,30.994696],[-86.675712,30.994695],[-86.675745,30.994695],[-86.675765,30.994695],[-86.67578,30.994695],[-86.675801,30.994695],[-86.675831,30.994695],[-86.675879,30.994695],[-86.677542,30.994691],[-86.677625,30.994691],[-86.678479,30.994677],[-86.684879,30.99457],[-86.684903,30.99457],[-86.688322,30.994513],[-86.696827,30.994598],[-86.701406,30.994643],[-86.704488,30.994674],[-86.705616,30.994493],[-86.706264,30.994709],[-86.706557,30.994873],[-86.706705,30.994957],[-86.70767,30.995035],[-86.708195,30.995058],[-86.711276,30.995265],[-86.712992,30.995686],[-86.71463,30.995737],[-86.718203,30.995938],[-86.718307,30.995944],[-86.718393,30.995961],[-86.718427,30.995966],[-86.720147,30.996339],[-86.722862,30.996485],[-86.72359,30.996575],[-86.724411,30.996557],[-86.725506,30.996519],[-86.725547,30.996508],[-86.7257,30.996515],[-86.726405,30.996548],[-86.726651,30.996542],[-86.726675,30.996541],[-86.727074,30.996531],[-86.727118,30.996525],[-86.727148,30.996517],[-86.727603,30.996402],[-86.728008,30.996302],[-86.728226,30.996249],[-86.728239,30.996262],[-86.729611,30.996581],[-86.732751,30.996424],[-86.736756,30.996562],[-86.737486,30.996775],[-86.739737,30.996563],[-86.741141,30.996442],[-86.744983,30.996397],[-86.745245,30.996296],[-86.745374,30.996299],[-86.749962,30.996403],[-86.751202,30.996476],[-86.755272,30.996715],[-86.764175,30.996797],[-86.77244,30.996865],[-86.775926,30.996896],[-86.778114,30.996916],[-86.785697,30.996986],[-86.785878,30.996988],[-86.788264,30.997005],[-86.788296,30.997005],[-86.791191,30.997033],[-86.793838,30.997058],[-86.796485,30.997082],[-86.801072,30.997122],[-86.808773,30.997188],[-86.809964,30.997201],[-86.810221,30.997204],[-86.819032,30.997291],[-86.827473,30.997376],[-86.830209,30.997404],[-86.830502,30.997407],[-86.831938,30.997384],[-86.838398,30.997438],[-86.838678,30.99744],[-86.840566,30.99745],[-86.849221,30.997499],[-86.849471,30.9975],[-86.849513,30.9975],[-86.85217,30.997517],[-86.854549,30.99753],[-86.854773,30.997532],[-86.862777,30.997576],[-86.86671,30.997599],[-86.867205,30.997599],[-86.87457,30.997606],[-86.878824,30.997611],[-86.879285,30.997611],[-86.879628,30.997625],[-86.880142,30.99762],[-86.880494,30.997629],[-86.881322,30.997649],[-86.881984,30.997644],[-86.884021,30.997694],[-86.885902,30.997627],[-86.886132,30.997666],[-86.887193,30.997698],[-86.887807,30.997724],[-86.888422,30.99775],[-86.888451,30.997751],[-86.888465,30.997752],[-86.888652,30.99776],[-86.888716,30.997763],[-86.890727,30.997752],[-86.899155,30.997702],[-86.899327,30.997693],[-86.903783,30.99756],[-86.904713,30.997573],[-86.905232,30.99758],[-86.906109,30.997591],[-86.906263,30.997593],[-86.906698,30.997597],[-86.910856,30.997644],[-86.911111,30.997647],[-86.91522,30.997688],[-86.915494,30.997691],[-86.915758,30.997693],[-86.919626,30.997689],[-86.922796,30.997685],[-86.925583,30.997681],[-86.925713,30.997683],[-86.927815,30.99771],[-86.930744,30.997749],[-86.930777,30.997749],[-86.932164,30.997768],[-86.937802,30.997846],[-86.937818,30.997846],[-86.93783,30.997846],[-86.937851,30.997847],[-86.937918,30.997848],[-86.944156,30.99793],[-86.944469,30.997934],[-86.953067,30.998051],[-86.953195,30.998053],[-86.953216,30.998053],[-86.953249,30.998053],[-86.953314,30.998054],[-86.953375,30.998055],[-86.953697,30.998059],[-86.954592,30.998071],[-86.956071,30.998091],[-86.960454,30.99815],[-86.960482,30.99815],[-86.965692,30.998222],[-86.965893,30.998227],[-86.965931,30.998228],[-86.971121,30.998298],[-86.979949,30.998416],[-86.982102,30.998444],[-86.98715,30.998515],[-86.987602,30.998521],[-86.998482,30.998667],[-86.99855,30.998682],[-86.99997,30.999002],[-87.004344,30.999323],[-87.004742,30.999323],[-87.007268,30.999326],[-87.009748,30.99933],[-87.013392,30.999345],[-87.013472,30.999345],[-87.019863,30.999366],[-87.023894,30.999381],[-87.02415,30.999378],[-87.024425,30.999368],[-87.024441,30.999367],[-87.026951,30.99917],[-87.0274,30.999161],[-87.028164,30.999157],[-87.02841,30.999162],[-87.029092,30.999176],[-87.02921,30.999176],[-87.029965,30.999176],[-87.030115,30.999176],[-87.030753,30.999178],[-87.035307,30.999196],[-87.035843,30.999228],[-87.03647,30.999265],[-87.036498,30.999267],[-87.037137,30.999316],[-87.037159,30.999318],[-87.040124,30.999544],[-87.040234,30.999553],[-87.040769,30.9994],[-87.04078,30.999397],[-87.040985,30.999344],[-87.041349,30.999262],[-87.041662,30.999216],[-87.041896,30.999209],[-87.042162,30.9992],[-87.042221,30.999199],[-87.042796,30.999191],[-87.04375,30.999203],[-87.044413,30.999203],[-87.045846,30.999211],[-87.047032,30.999213],[-87.047971,30.999211],[-87.048329,30.99921],[-87.048835,30.999217],[-87.049824,30.999213],[-87.050666,30.999219],[-87.051667,30.999219],[-87.052554,30.999235],[-87.052589,30.999236],[-87.053178,30.999221],[-87.053365,30.999187],[-87.05353,30.99914],[-87.053684,30.999137],[-87.055034,30.999106],[-87.055051,30.999106],[-87.060207,30.999158],[-87.064068,30.999197],[-87.066889,30.99938],[-87.067048,30.999403],[-87.067607,30.999311],[-87.068512,30.999105],[-87.068638,30.999149],[-87.070998,30.999161],[-87.075983,30.999189],[-87.076113,30.99919],[-87.080975,30.999213],[-87.085595,30.999248],[-87.089624,30.999266],[-87.089891,30.999268],[-87.096903,30.99931],[-87.096917,30.99931],[-87.105405,30.999355],[-87.115078,30.999409],[-87.115156,30.99941],[-87.116475,30.999419],[-87.118878,30.999433],[-87.124974,30.998809],[-87.126998,30.998878],[-87.133985,30.999213],[-87.135595,30.99929],[-87.135803,30.9993],[-87.14076,30.999538],[-87.149375,30.999354],[-87.149599,30.999349],[-87.150599,30.999328],[-87.160794,30.999112],[-87.162803,30.999059],[-87.163089,30.999051],[-87.163319,30.999044],[-87.163548,30.999038],[-87.163658,30.999035],[-87.163819,30.99903],[-87.164089,30.999023],[-87.164219,30.999019],[-87.164348,30.999016],[-87.164398,30.999015],[-87.164666,30.999008],[-87.165463,30.998994],[-87.170478,30.998856],[-87.171495,30.99883],[-87.172512,30.998804],[-87.174061,30.998763],[-87.174807,30.998748],[-87.175243,30.998735],[-87.175314,30.998733],[-87.175385,30.998731],[-87.175449,30.99873],[-87.175514,30.998728],[-87.17939,30.998624],[-87.183265,30.99852],[-87.183331,30.998518],[-87.188008,30.998396],[-87.188184,30.998391],[-87.188244,30.99839],[-87.189718,30.998352],[-87.193403,30.998258],[-87.196705,30.998143],[-87.200137,30.998023],[-87.200158,30.998022],[-87.20059,30.998008],[-87.205502,30.997839],[-87.20624,30.997813],[-87.211843,30.99762],[-87.218184,30.997402],[-87.221467,30.997287],[-87.224419,30.997184],[-87.224751,30.997174],[-87.225179,30.997142],[-87.225606,30.997109],[-87.226395,30.997048],[-87.227184,30.996987],[-87.229545,30.996822],[-87.229745,30.996808],[-87.237168,30.996421],[-87.23769,30.996399],[-87.23791,30.996418],[-87.238082,30.996432],[-87.238118,30.996434],[-87.238319,30.996453],[-87.238871,30.996506],[-87.239424,30.996559],[-87.239678,30.996576],[-87.239917,30.996593],[-87.240081,30.996603],[-87.240231,30.996617],[-87.24042,30.996642],[-87.240532,30.996649],[-87.241563,30.996731],[-87.249245,30.997674],[-87.249932,30.997758],[-87.249978,30.997764],[-87.251783,30.997919],[-87.252407,30.997942],[-87.254785,30.997934],[-87.255208,30.997933],[-87.255546,30.997912],[-87.255841,30.997903],[-87.257036,30.997857],[-87.257144,30.997869],[-87.257169,30.997868],[-87.257242,30.997867],[-87.257299,30.997866],[-87.25744,30.997862],[-87.257487,30.997861],[-87.258017,30.997852],[-87.25808,30.997851],[-87.25942,30.997837],[-87.259683,30.997838],[-87.259813,30.997834],[-87.26001,30.997814],[-87.260449,30.997807],[-87.260829,30.997801],[-87.261165,30.997808],[-87.261218,30.997808],[-87.261612,30.997808],[-87.262969,30.997806],[-87.263853,30.997809],[-87.264026,30.997809],[-87.264657,30.997811],[-87.264828,30.997812],[-87.265008,30.997809],[-87.265697,30.997796],[-87.26572,30.997796],[-87.266491,30.997763],[-87.266664,30.997773],[-87.276279,30.998308],[-87.277974,30.998315],[-87.278079,30.998315],[-87.278183,30.998316],[-87.284736,30.998345],[-87.284875,30.998345],[-87.288643,30.998349],[-87.288733,30.998349],[-87.288746,30.998349],[-87.288787,30.99835],[-87.288834,30.99835],[-87.288969,30.99835],[-87.289086,30.99835],[-87.289154,30.99835],[-87.289185,30.99835],[-87.289205,30.99835],[-87.291,30.998358],[-87.295474,30.998393],[-87.295719,30.998395],[-87.297726,30.998406],[-87.299367,30.998422],[-87.301533,30.998444],[-87.301553,30.998443],[-87.303668,30.998327],[-87.303992,30.998257],[-87.304035,30.998197],[-87.309058,30.998345],[-87.309198,30.998351],[-87.309229,30.998352],[-87.30924,30.998352],[-87.309285,30.998355],[-87.309494,30.998361],[-87.309621,30.998364],[-87.30983,30.998371],[-87.311954,30.998441],[-87.312001,30.998382],[-87.312135,30.998213],[-87.312269,30.998044],[-87.312344,30.997965],[-87.31236,30.997949],[-87.312373,30.997942],[-87.312451,30.997898],[-87.312527,30.997869],[-87.31256,30.997861],[-87.312628,30.997846],[-87.31267,30.997841],[-87.314121,30.997846],[-87.31466,30.997854],[-87.314677,30.997854],[-87.314698,30.997855],[-87.314933,30.997858],[-87.31518,30.997856],[-87.315192,30.997856],[-87.315211,30.997856],[-87.315241,30.997856],[-87.315836,30.997853],[-87.316752,30.997855],[-87.316969,30.997851],[-87.3171,30.997839],[-87.317246,30.99785],[-87.317262,30.997851],[-87.318147,30.997845],[-87.318471,30.997846],[-87.318788,30.997843],[-87.319606,30.997842],[-87.32107,30.997845],[-87.322678,30.997842],[-87.322694,30.997842],[-87.322713,30.997842],[-87.323844,30.99784],[-87.325682,30.997849],[-87.326017,30.997849],[-87.326207,30.997849],[-87.326696,30.997844],[-87.326894,30.997848],[-87.327018,30.997851],[-87.327119,30.997851],[-87.329062,30.997858],[-87.329102,30.997858],[-87.32949,30.997848],[-87.331575,30.997849],[-87.332107,30.997854],[-87.332628,30.997854],[-87.333055,30.997856],[-87.333988,30.997866],[-87.334012,30.997866],[-87.33405,30.997866],[-87.334083,30.997861],[-87.334118,30.997864],[-87.334197,30.997872],[-87.334236,30.997876],[-87.334265,30.997883],[-87.334276,30.997888],[-87.334295,30.997881],[-87.334996,30.99795],[-87.335035,30.997954],[-87.335074,30.997958],[-87.335275,30.997978],[-87.33694,30.998142],[-87.337258,30.998173],[-87.337438,30.99819],[-87.3378,30.998224],[-87.338092,30.998254],[-87.338325,30.998278],[-87.34397,30.998277],[-87.344488,30.998276],[-87.347331,30.998276],[-87.347899,30.998276],[-87.350787,30.998174],[-87.350804,30.998173],[-87.355456,30.997871],[-87.355575,30.997865],[-87.357215,30.997867],[-87.358321,30.997862],[-87.359361,30.997866],[-87.359558,30.997862],[-87.359569,30.997862],[-87.360211,30.99785],[-87.360612,30.997842],[-87.361179,30.997838],[-87.362377,30.997846],[-87.362886,30.99786],[-87.36342,30.997868],[-87.363726,30.997867],[-87.363769,30.997872],[-87.363873,30.997898],[-87.363889,30.997902],[-87.363914,30.997899],[-87.363984,30.997892],[-87.364031,30.997878],[-87.364122,30.997867],[-87.364233,30.997867],[-87.364672,30.997891],[-87.365443,30.997902],[-87.366158,30.997917],[-87.366864,30.997903],[-87.367054,30.997897],[-87.367295,30.997885],[-87.367712,30.997888],[-87.367837,30.9979],[-87.37026,30.998312],[-87.370285,30.998316],[-87.370477,30.998349],[-87.370636,30.998348],[-87.37205,30.998228],[-87.373057,30.998142],[-87.373359,30.998116],[-87.373421,30.998111],[-87.373444,30.998109],[-87.373505,30.998103],[-87.373566,30.998098],[-87.374965,30.997978],[-87.380806,30.997993],[-87.381312,30.997994],[-87.38133,30.997994],[-87.381389,30.997995],[-87.381441,30.997995],[-87.38149,30.997995],[-87.381523,30.997995],[-87.387514,30.998011],[-87.391693,30.99802],[-87.39185,30.99802],[-87.391878,30.99802],[-87.394733,30.998026],[-87.397926,30.998033],[-87.398481,30.998034],[-87.398514,30.998035],[-87.398544,30.998035],[-87.39859,30.998035],[-87.398644,30.998035],[-87.398691,30.998035],[-87.400382,30.998039],[-87.401929,30.998042],[-87.403578,30.998045],[-87.40405,30.998046],[-87.40429,30.998046],[-87.404481,30.998046],[-87.407309,30.998052],[-87.407386,30.998052],[-87.407805,30.998053],[-87.407854,30.998053],[-87.407897,30.998053],[-87.407924,30.998054],[-87.407951,30.998054],[-87.40806,30.998054],[-87.408109,30.998054],[-87.408122,30.998054],[-87.408765,30.998056],[-87.409761,30.998058],[-87.415079,30.998072],[-87.415291,30.998065],[-87.415302,30.998065],[-87.425621,30.997747],[-87.425636,30.997747],[-87.425973,30.997746],[-87.426428,30.997744],[-87.430124,30.997751],[-87.431348,30.997749],[-87.432016,30.997761],[-87.432031,30.997761],[-87.433746,30.997813],[-87.434321,30.997826],[-87.435341,30.997854],[-87.435668,30.997855],[-87.435693,30.997855],[-87.437207,30.997863],[-87.441448,30.997883],[-87.441463,30.997883],[-87.443558,30.997894],[-87.444604,30.9979],[-87.446536,30.997879],[-87.446906,30.99787],[-87.447262,30.997866],[-87.447318,30.997866],[-87.449617,30.997843],[-87.449766,30.997844],[-87.449787,30.997844],[-87.450804,30.997848],[-87.45167,30.997846],[-87.453328,30.997856],[-87.453494,30.997857],[-87.453726,30.997858],[-87.453811,30.997859],[-87.454106,30.997862],[-87.454811,30.997871],[-87.455688,30.997877],[-87.458114,30.9979],[-87.458246,30.997907],[-87.458389,30.997921],[-87.45847,30.997941],[-87.458514,30.997952],[-87.458686,30.99794],[-87.45893,30.998069],[-87.459189,30.998139],[-87.459763,30.997989],[-87.461593,30.997953],[-87.461733,30.997926],[-87.461848,30.997903],[-87.462069,30.997902],[-87.462232,30.997904],[-87.462608,30.997909],[-87.464689,30.997912],[-87.465261,30.998033],[-87.465281,30.998029],[-87.46534,30.998016],[-87.46544,30.998002],[-87.465508,30.997992],[-87.465642,30.99799],[-87.466099,30.997998],[-87.466156,30.997997],[-87.466335,30.997995],[-87.466433,30.997994],[-87.466687,30.997985],[-87.466829,30.997983],[-87.466881,30.997982],[-87.467032,30.99798],[-87.4671,30.997946],[-87.467124,30.997908],[-87.467133,30.997839],[-87.467296,30.997861],[-87.467483,30.997871],[-87.469817,30.997867],[-87.471683,30.997869],[-87.472473,30.997875],[-87.472697,30.997877],[-87.47355,30.997876],[-87.476086,30.997873],[-87.477198,30.997868],[-87.477242,30.997868],[-87.477397,30.99787],[-87.477458,30.997871],[-87.477606,30.997873],[-87.477655,30.997874],[-87.477742,30.997876],[-87.477875,30.997879],[-87.477993,30.997879],[-87.478273,30.997881],[-87.478717,30.997883],[-87.479001,30.997884],[-87.479171,30.997885],[-87.4792,30.997886],[-87.479359,30.997893],[-87.479461,30.997898],[-87.479534,30.997908],[-87.479563,30.997916],[-87.47959,30.997929],[-87.479614,30.997946],[-87.479633,30.997964],[-87.479706,30.997968],[-87.479871,30.997978],[-87.480025,30.997987],[-87.480296,30.998003],[-87.481605,30.99808],[-87.48272,30.998145],[-87.483778,30.998113],[-87.485178,30.998078],[-87.485997,30.99806],[-87.486067,30.998059],[-87.486106,30.998058],[-87.487627,30.998025],[-87.488347,30.998005],[-87.488379,30.998004],[-87.488426,30.998003],[-87.488444,30.998003],[-87.490014,30.997986],[-87.496521,30.997953],[-87.498381,30.997944],[-87.498433,30.997943],[-87.498447,30.997943],[-87.498517,30.997942],[-87.498979,30.997859],[-87.499986,30.997678],[-87.505197,30.997654],[-87.507736,30.997643],[-87.513234,30.997619],[-87.513342,30.997607],[-87.513414,30.997599],[-87.514838,30.997554],[-87.51495,30.997549],[-87.51557,30.997591],[-87.517757,30.9976],[-87.520148,30.997598],[-87.527107,30.99768],[-87.527469,30.997684],[-87.527882,30.997689],[-87.527973,30.99769],[-87.527991,30.997691],[-87.528009,30.997691],[-87.528023,30.997691],[-87.530811,30.997724],[-87.530831,30.997724],[-87.533673,30.997754],[-87.540815,30.997841],[-87.54084,30.997841],[-87.540935,30.997843],[-87.540958,30.997843],[-87.541105,30.997845],[-87.541383,30.997848],[-87.542699,30.997864],[-87.548048,30.997923],[-87.548065,30.997928],[-87.548146,30.997864],[-87.54818,30.997839],[-87.548202,30.997823],[-87.548228,30.997803],[-87.548396,30.997677],[-87.548565,30.997576],[-87.548621,30.997551],[-87.548633,30.997548],[-87.54867,30.997536],[-87.548718,30.997524],[-87.548796,30.997514],[-87.548875,30.997516],[-87.549017,30.997522],[-87.549739,30.997552],[-87.549925,30.997557],[-87.550132,30.997564],[-87.550401,30.997573],[-87.550959,30.997605],[-87.551259,30.997613],[-87.552445,30.997619],[-87.554867,30.997588],[-87.555505,30.997593],[-87.55553,30.997593],[-87.555703,30.997594],[-87.556669,30.997618],[-87.55752,30.997615],[-87.559299,30.997602],[-87.560483,30.997586],[-87.562948,30.997557],[-87.563721,30.997552],[-87.563799,30.99755],[-87.564127,30.997548],[-87.564453,30.997546],[-87.564752,30.997542],[-87.565172,30.997542],[-87.565537,30.997542],[-87.566433,30.997541],[-87.568417,30.997546],[-87.568541,30.997548],[-87.568597,30.997549],[-87.568792,30.997553],[-87.569068,30.99755],[-87.570525,30.997553],[-87.570754,30.997553],[-87.570765,30.997552],[-87.570777,30.997552],[-87.581099,30.997612],[-87.581154,30.997613],[-87.581165,30.997613],[-87.581181,30.997613],[-87.581218,30.997613],[-87.581432,30.997614],[-87.585521,30.997633],[-87.585894,30.997625],[-87.593087,30.997488],[-87.596089,30.99748],[-87.598834,30.997461],[-87.598844,30.997432],[-87.598844,30.997404],[-87.598716,30.997245],[-87.598626,30.99708],[-87.598626,30.997047],[-87.598652,30.996827],[-87.598805,30.996772],[-87.598843,30.996772],[-87.598996,30.996557],[-87.599003,30.996304],[-87.598626,30.995639],[-87.598594,30.995419],[-87.598715,30.995034],[-87.598434,30.994594],[-87.598242,30.994297],[-87.59814,30.993681],[-87.598114,30.993356],[-87.598203,30.992999],[-87.598171,30.992999],[-87.597763,30.992438],[-87.597692,30.992141],[-87.597603,30.991618],[-87.597443,30.991283],[-87.597341,30.991008],[-87.597181,30.990788],[-87.597149,30.990788],[-87.596708,30.99065],[-87.596389,30.98993],[-87.596453,30.98982],[-87.596478,30.989737],[-87.59674,30.98944],[-87.596797,30.98911],[-87.596772,30.98883],[-87.596669,30.98872],[-87.596548,30.988478],[-87.596509,30.987235],[-87.596234,30.986789],[-87.595915,30.986789],[-87.595653,30.986646],[-87.595526,30.986322],[-87.595143,30.986124],[-87.595117,30.98613],[-87.594734,30.9858],[-87.594702,30.98547],[-87.595053,30.985167],[-87.59511,30.984974],[-87.594823,30.984562],[-87.59444,30.984232],[-87.593769,30.984056],[-87.59361,30.983957],[-87.59329,30.983402],[-87.593137,30.983044],[-87.593073,30.982439],[-87.592977,30.982109],[-87.592855,30.981642],[-87.592855,30.981383],[-87.593111,30.981114],[-87.593206,30.9808],[-87.593136,30.98047],[-87.592944,30.980311],[-87.592504,30.980283],[-87.592306,30.98019],[-87.592242,30.979948],[-87.592344,30.979761],[-87.592504,30.979585],[-87.592536,30.979398],[-87.592465,30.979068],[-87.592784,30.978567],[-87.592854,30.978375],[-87.592854,30.978188],[-87.593205,30.977747],[-87.593259,30.977702],[-87.593486,30.977516],[-87.593498,30.977444],[-87.593556,30.977109],[-87.593556,30.976994],[-87.593518,30.976999],[-87.593269,30.976757],[-87.593269,30.976724],[-87.593198,30.976504],[-87.59332,30.976279],[-87.593352,30.976246],[-87.593486,30.976081],[-87.593543,30.975965],[-87.593517,30.975674],[-87.593236,30.975481],[-87.593077,30.975399],[-87.593007,30.975371],[-87.592949,30.975118],[-87.592949,30.974678],[-87.592835,30.974465],[-87.592655,30.974128],[-87.592495,30.973936],[-87.592463,30.973358],[-87.592687,30.97288],[-87.592655,30.972665],[-87.592335,30.972335],[-87.592086,30.971846],[-87.591958,30.971367],[-87.591939,30.971296],[-87.591939,30.970955],[-87.591888,30.970746],[-87.591779,30.970548],[-87.591735,30.970432],[-87.591671,30.970185],[-87.591543,30.970097],[-87.591192,30.969943],[-87.590911,30.969668],[-87.590751,30.969354],[-87.590617,30.969074],[-87.590457,30.968584],[-87.590457,30.968441],[-87.590368,30.967974],[-87.590049,30.967562],[-87.589978,30.967281],[-87.589697,30.966929],[-87.589314,30.966632],[-87.589059,30.966291],[-87.589059,30.966269],[-87.588867,30.965796],[-87.588803,30.965279],[-87.588835,30.964949],[-87.588892,30.964525],[-87.588675,30.964168],[-87.588682,30.963843],[-87.588892,30.963288],[-87.588905,30.962732],[-87.589064,30.96227],[-87.589121,30.962045],[-87.589153,30.961935],[-87.589121,30.96188],[-87.589032,30.961654],[-87.588962,30.96139],[-87.588962,30.961357],[-87.589127,30.961132],[-87.589408,30.960939],[-87.589415,30.960917],[-87.589536,30.96078],[-87.589638,30.960444],[-87.589734,30.960164],[-87.589957,30.959971],[-87.58995,30.959894],[-87.590046,30.959729],[-87.589957,30.959316],[-87.589925,30.959234],[-87.589886,30.958898],[-87.590078,30.958563],[-87.590429,30.958128],[-87.590518,30.957848],[-87.590901,30.957468],[-87.591194,30.957132],[-87.591322,30.956665],[-87.59136,30.956412],[-87.591392,30.955724],[-87.59136,30.955042],[-87.5912,30.954624],[-87.591098,30.954349],[-87.590938,30.953827],[-87.590938,30.953519],[-87.591097,30.953139],[-87.591423,30.952804],[-87.591831,30.952556],[-87.591863,30.952303],[-87.591671,30.951945],[-87.591614,30.951676],[-87.591741,30.951368],[-87.59199,30.951203],[-87.592667,30.95117],[-87.593043,30.950928],[-87.593298,30.950619],[-87.593522,30.950322],[-87.593841,30.950135],[-87.59416,30.949904],[-87.594191,30.949877],[-87.594191,30.949739],[-87.594121,30.949657],[-87.593898,30.949459],[-87.593808,30.949134],[-87.593808,30.948694],[-87.59391,30.948359],[-87.59391,30.948056],[-87.594069,30.947611],[-87.594388,30.946978],[-87.594452,30.94684],[-87.594471,30.946483],[-87.594605,30.946131],[-87.594854,30.94574],[-87.594892,30.945713],[-87.594892,30.945377],[-87.595019,30.94464],[-87.595472,30.943364],[-87.595746,30.942786],[-87.595823,30.942489],[-87.595816,30.942434],[-87.596014,30.941989],[-87.596065,30.941933],[-87.596173,30.941818],[-87.596486,30.941516],[-87.596709,30.94102],[-87.596741,30.940938],[-87.596868,30.94058],[-87.59734,30.939887],[-87.597761,30.93931],[-87.597921,30.938974],[-87.59801,30.938534],[-87.59801,30.938396],[-87.598115,30.938293],[-87.598201,30.938209],[-87.598233,30.938209],[-87.598463,30.938044],[-87.599356,30.937956],[-87.599707,30.937824],[-87.600721,30.936663],[-87.600951,30.936382],[-87.601199,30.935975],[-87.601333,30.935865],[-87.601684,30.935755],[-87.601774,30.935585],[-87.601774,30.935337],[-87.601716,30.93509],[-87.601812,30.934952],[-87.602003,30.934759],[-87.602092,30.934429],[-87.602433,30.933795],[-87.602794,30.933126],[-87.603087,30.93257],[-87.603119,30.93257],[-87.603087,30.932355],[-87.602959,30.932075],[-87.602793,30.931805],[-87.602825,30.931607],[-87.602991,30.931442],[-87.603278,30.931338],[-87.60331,30.93131],[-87.603469,30.9312],[-87.603526,30.931118],[-87.603526,30.930837],[-87.603686,30.930623],[-87.603877,30.93054],[-87.604228,30.929984],[-87.604393,30.929462],[-87.604521,30.929181],[-87.604744,30.929044],[-87.604834,30.928967],[-87.604904,30.928884],[-87.604872,30.928686],[-87.604903,30.928362],[-87.605063,30.92813],[-87.605254,30.928026],[-87.605312,30.927861],[-87.605343,30.92758],[-87.605535,30.927366],[-87.605764,30.927228],[-87.605828,30.92703],[-87.605796,30.92681],[-87.605828,30.926612],[-87.606357,30.925627],[-87.606618,30.925264],[-87.606969,30.925237],[-87.607058,30.925127],[-87.60725,30.924714],[-87.607441,30.923916],[-87.607511,30.9233],[-87.607504,30.922959],[-87.607702,30.922486],[-87.60774,30.922228],[-87.607644,30.921738],[-87.608307,30.920742],[-87.608281,30.920132],[-87.608434,30.919769],[-87.608664,30.919527],[-87.609097,30.919174],[-87.609607,30.918096],[-87.609773,30.917678],[-87.609932,30.917128],[-87.60993,30.917113],[-87.6099,30.916743],[-87.609957,30.916523],[-87.61018,30.916297],[-87.610563,30.91605],[-87.610633,30.915775],[-87.61069,30.915422],[-87.610754,30.915356],[-87.610913,30.91512],[-87.610952,30.91512],[-87.611392,30.914839],[-87.611526,30.914559],[-87.611717,30.914008],[-87.612067,30.913706],[-87.612227,30.913376],[-87.61229,30.91293],[-87.61229,30.911803],[-87.612289,30.91095],[-87.612347,30.910615],[-87.61257,30.910229],[-87.61257,30.910202],[-87.612672,30.910086],[-87.612761,30.909976],[-87.612958,30.909454],[-87.613271,30.909074],[-87.613723,30.908711],[-87.613972,30.908491],[-87.614004,30.908491],[-87.614106,30.908265],[-87.614131,30.907996],[-87.613844,30.907666],[-87.613844,30.907473],[-87.613882,30.907446],[-87.614073,30.907193],[-87.614105,30.907193],[-87.614354,30.906923],[-87.614322,30.906565],[-87.614385,30.906169],[-87.614679,30.905845],[-87.614704,30.905845],[-87.615023,30.905647],[-87.615157,30.905481],[-87.615246,30.905212],[-87.615246,30.905173],[-87.615118,30.905014],[-87.614704,30.90486],[-87.614614,30.904574],[-87.614416,30.904464],[-87.614384,30.904321],[-87.614416,30.90414],[-87.614767,30.903859],[-87.614837,30.903832],[-87.615277,30.903688],[-87.615347,30.903551],[-87.615277,30.903111],[-87.615277,30.902786],[-87.615461,30.902088],[-87.615691,30.901647],[-87.615977,30.90129],[-87.616009,30.901262],[-87.616328,30.900954],[-87.616711,30.900657],[-87.617323,30.900101],[-87.617355,30.900101],[-87.617795,30.899914],[-87.617897,30.899886],[-87.618248,30.899963],[-87.618464,30.899963],[-87.618598,30.899886],[-87.618758,30.89949],[-87.618847,30.899193],[-87.618981,30.89911],[-87.619229,30.899083],[-87.619772,30.899281],[-87.619931,30.89928],[-87.620161,30.899077],[-87.620352,30.898664],[-87.620377,30.898664],[-87.620626,30.898389],[-87.620887,30.898334],[-87.621047,30.898202],[-87.621078,30.898053],[-87.621429,30.897894],[-87.621812,30.897729],[-87.621869,30.897563],[-87.621811,30.897206],[-87.621748,30.897096],[-87.621837,30.896958],[-87.62213,30.89676],[-87.62213,30.896623],[-87.622028,30.896573],[-87.621868,30.896573],[-87.621652,30.896546],[-87.621332,30.896321],[-87.621237,30.896189],[-87.621237,30.89604],[-87.621077,30.895908],[-87.620924,30.895743],[-87.620886,30.895468],[-87.620924,30.895276],[-87.621115,30.895105],[-87.621338,30.895078],[-87.621651,30.895138],[-87.621868,30.89511],[-87.621899,30.89511],[-87.622218,30.89483],[-87.622218,30.894802],[-87.62225,30.89461],[-87.622039,30.894252],[-87.622007,30.893999],[-87.622032,30.893675],[-87.622033,30.89362],[-87.621751,30.892487],[-87.621528,30.892267],[-87.621368,30.892217],[-87.621298,30.892179],[-87.621234,30.891992],[-87.621216,30.8916],[-87.621208,30.891414],[-87.620755,30.890666],[-87.620723,30.890666],[-87.620436,30.890012],[-87.620435,30.889479],[-87.620474,30.889313],[-87.620563,30.888978],[-87.620537,30.888653],[-87.620345,30.888268],[-87.620345,30.88807],[-87.620377,30.88807],[-87.620658,30.887823],[-87.620658,30.887773],[-87.620601,30.887675],[-87.620591,30.88767],[-87.620542,30.887647],[-87.620402,30.887603],[-87.620402,30.887575],[-87.620275,30.88741],[-87.620311,30.887341],[-87.620345,30.887278],[-87.620536,30.887047],[-87.620919,30.88702],[-87.621046,30.886965],[-87.621078,30.886882],[-87.620944,30.886723],[-87.620918,30.88664],[-87.621008,30.886585],[-87.62111,30.886557],[-87.62111,30.88653],[-87.621046,30.886255],[-87.621135,30.88609],[-87.621167,30.885864],[-87.621301,30.885837],[-87.62146,30.88554],[-87.621549,30.885485],[-87.621619,30.885485],[-87.62197,30.885457],[-87.622161,30.885226],[-87.622161,30.885039],[-87.622282,30.884901],[-87.622442,30.884874],[-87.622824,30.884901],[-87.622952,30.884846],[-87.623175,30.884681],[-87.623436,30.884598],[-87.623653,30.884598],[-87.624329,30.884543],[-87.624489,30.884488],[-87.62468,30.884378],[-87.624705,30.88424],[-87.624578,30.88418],[-87.624297,30.88418],[-87.624259,30.884097],[-87.624354,30.883965],[-87.624545,30.883822],[-87.624737,30.883784],[-87.625005,30.883779],[-87.625318,30.883834],[-87.625388,30.883834],[-87.625445,30.883818],[-87.625509,30.88379],[-87.625898,30.883416],[-87.625987,30.883317],[-87.626051,30.882987],[-87.626103,30.882839],[-87.626224,30.882581],[-87.626396,30.882333],[-87.626594,30.882097],[-87.626837,30.881888],[-87.626964,30.881789],[-87.627526,30.881624],[-87.627985,30.881003],[-87.628151,30.880805],[-87.628285,30.880689],[-87.628827,30.880519],[-87.628929,30.88047],[-87.629108,30.880431],[-87.629216,30.8802],[-87.629287,30.880019],[-87.629331,30.879947],[-87.629427,30.879859],[-87.62944,30.879777],[-87.629421,30.879568],[-87.629619,30.879348],[-87.629581,30.879221],[-87.6296,30.878913],[-87.629498,30.878809],[-87.629466,30.878748],[-87.629479,30.878677],[-87.629587,30.878633],[-87.629664,30.878484],[-87.629625,30.878387],[-87.629575,30.878264],[-87.6296,30.878198],[-87.629721,30.878002],[-87.629951,30.877632],[-87.630066,30.87734],[-87.630156,30.876422],[-87.630188,30.876218],[-87.630252,30.876158],[-87.630392,30.875993],[-87.630463,30.875883],[-87.630539,30.875547],[-87.630667,30.875438],[-87.630788,30.87519],[-87.630905,30.875006],[-87.631007,30.87483],[-87.631007,30.87456],[-87.631167,30.874318],[-87.631231,30.873818],[-87.63146,30.873317],[-87.631709,30.873009],[-87.631811,30.872927],[-87.631901,30.872839],[-87.631939,30.87274],[-87.632022,30.872597],[-87.632022,30.872399],[-87.631997,30.872355],[-87.631895,30.872349],[-87.631856,30.872355],[-87.631691,30.872333],[-87.63171,30.8723],[-87.63185,30.872157],[-87.632067,30.871882],[-87.632201,30.8718],[-87.632252,30.871811],[-87.632322,30.871778],[-87.632392,30.871684],[-87.632399,30.871398],[-87.632552,30.871299],[-87.632762,30.871266],[-87.632877,30.871211],[-87.632922,30.871096],[-87.632897,30.869902],[-87.633095,30.86949],[-87.63314,30.869363],[-87.633133,30.869264],[-87.633108,30.869165],[-87.633031,30.868995],[-87.63304,30.868955],[-87.633076,30.868808],[-87.633395,30.86845],[-87.633733,30.86828],[-87.63388,30.868137],[-87.634097,30.867818],[-87.634237,30.867664],[-87.634327,30.867428],[-87.634563,30.866977],[-87.634793,30.866713],[-87.634856,30.866542],[-87.634876,30.86635],[-87.634901,30.866267],[-87.634871,30.86619],[-87.634841,30.866113],[-87.634773,30.866077],[-87.63473,30.865815],[-87.634749,30.865616],[-87.634549,30.865427],[-87.633919,30.865268],[-87.633657,30.865152],[-87.633635,30.86498],[-87.633759,30.864799],[-87.633622,30.864655],[-87.63293,30.864613],[-87.632468,30.864398],[-87.632288,30.864191],[-87.632266,30.86392],[-87.632181,30.863776],[-87.631961,30.863732],[-87.631835,30.863687],[-87.631812,30.863443],[-87.631947,30.863199],[-87.631883,30.863082],[-87.631715,30.863064],[-87.631506,30.86312],[-87.631452,30.862912],[-87.631555,30.862523],[-87.631563,30.862188],[-87.631374,30.862144],[-87.63105,30.86229],[-87.630725,30.862274],[-87.630431,30.862176],[-87.630272,30.861806],[-87.630071,30.861455],[-87.629617,30.86105],[-87.628996,30.860601],[-87.628807,30.860476],[-87.62869,30.860259],[-87.628626,30.860088],[-87.628375,30.860044],[-87.628124,30.860172],[-87.627873,30.860191],[-87.627788,30.860083],[-87.627797,30.859875],[-87.627639,30.859677],[-87.627207,30.859236],[-87.627141,30.858875],[-87.62694,30.858487],[-87.626823,30.85819],[-87.626821,30.857937],[-87.626725,30.857729],[-87.626243,30.857668],[-87.626011,30.857444],[-87.626007,30.856838],[-87.626016,30.856522],[-87.625909,30.856233],[-87.625766,30.856019],[-87.625729,30.855963],[-87.625717,30.855719],[-87.62582,30.855447],[-87.625955,30.855248],[-87.625954,30.855139],[-87.62567,30.854879],[-87.625481,30.854853],[-87.62523,30.854836],[-87.625077,30.854665],[-87.625095,30.85424],[-87.625197,30.853905],[-87.625478,30.853587],[-87.625497,30.853289],[-87.625402,30.8531],[-87.625537,30.852936],[-87.625788,30.852845],[-87.625923,30.8527],[-87.62596,30.852022],[-87.625999,30.851488],[-87.62598,30.851036],[-87.626303,30.850773],[-87.626406,30.850528],[-87.626405,30.850266],[-87.626382,30.849941],[-87.626527,30.849714],[-87.626725,30.849605],[-87.626914,30.849631],[-87.627028,30.849567],[-87.627074,30.849247],[-87.627089,30.849142],[-87.627077,30.848934],[-87.626928,30.848646],[-87.626927,30.848465],[-87.627072,30.848257],[-87.627061,30.848094],[-87.626981,30.847832],[-87.626684,30.84731],[-87.626602,30.847271],[-87.626587,30.847264],[-87.626421,30.847184],[-87.626201,30.847149],[-87.626158,30.847023],[-87.62623,30.846769],[-87.626229,30.84667],[-87.626047,30.846547],[-87.625999,30.846515],[-87.625924,30.846464],[-87.625609,30.846384],[-87.625472,30.846213],[-87.625461,30.846059],[-87.625345,30.845951],[-87.625011,30.846102],[-87.624841,30.846167],[-87.624619,30.846058],[-87.62443,30.845787],[-87.62431,30.845699],[-87.624132,30.845729],[-87.623903,30.845811],[-87.623775,30.845768],[-87.623504,30.845514],[-87.623425,30.84544],[-87.623346,30.845366],[-87.623216,30.845007],[-87.622976,30.844699],[-87.622915,30.844501],[-87.622842,30.844439],[-87.622821,30.844421],[-87.622651,30.844422],[-87.622587,30.844405],[-87.62254,30.844393],[-87.622445,30.844312],[-87.622402,30.844144],[-87.62246,30.84385],[-87.622151,30.843601],[-87.621689,30.843214],[-87.621349,30.843223],[-87.621144,30.843195],[-87.621024,30.843122],[-87.621015,30.843056],[-87.621168,30.842886],[-87.621201,30.842798],[-87.620996,30.842615],[-87.620654,30.842404],[-87.620406,30.842265],[-87.620394,30.84224],[-87.620302,30.842053],[-87.620242,30.841906],[-87.620097,30.84187],[-87.61985,30.841864],[-87.61956,30.841784],[-87.619304,30.841639],[-87.619237,30.841837],[-87.619169,30.841955],[-87.619008,30.841963],[-87.618905,30.841905],[-87.618929,30.84167],[-87.618907,30.841508],[-87.618957,30.841288],[-87.618828,30.841112],[-87.618606,30.841025],[-87.618376,30.841011],[-87.618197,30.840953],[-87.618093,30.840785],[-87.61793,30.840602],[-87.617419,30.84048],[-87.617077,30.840334],[-87.616991,30.840203],[-87.617176,30.839842],[-87.617141,30.83968],[-87.616885,30.839512],[-87.616345,30.839045],[-87.616183,30.838877],[-87.61616,30.838715],[-87.616243,30.838347],[-87.616276,30.838149],[-87.616215,30.838039],[-87.616087,30.837907],[-87.615865,30.837879],[-87.615618,30.837814],[-87.615498,30.837727],[-87.615378,30.837565],[-87.615479,30.837396],[-87.615512,30.837242],[-87.615143,30.836744],[-87.614945,30.836436],[-87.614953,30.836238],[-87.615058,30.836156],[-87.615246,30.836141],[-87.615245,30.835994],[-87.615115,30.835708],[-87.615054,30.835495],[-87.615164,30.835289],[-87.615428,30.835317],[-87.615674,30.835265],[-87.615715,30.835037],[-87.615595,30.834817],[-87.615388,30.834495],[-87.61525,30.834216],[-87.615063,30.834144],[-87.614867,30.834218],[-87.614766,30.834292],[-87.614663,30.83419],[-87.614467,30.83411],[-87.614211,30.834111],[-87.613965,30.834163],[-87.613726,30.834084],[-87.612829,30.833633],[-87.612317,30.8334],[-87.612048,30.833313],[-87.611912,30.833292],[-87.611759,30.83341],[-87.611589,30.833477],[-87.61141,30.833419],[-87.61123,30.833273],[-87.610759,30.832717],[-87.610587,30.832563],[-87.6104,30.832513],[-87.61011,30.832507],[-87.609907,30.832655],[-87.609729,30.832802],[-87.609372,30.832819],[-87.609031,30.83274],[-87.608672,30.832646],[-87.608535,30.832426],[-87.608329,30.832177],[-87.607462,30.831777],[-87.607052,30.831573],[-87.606822,30.83142],[-87.60665,30.831252],[-87.606378,30.831209],[-87.606165,30.83121],[-87.605901,30.831182],[-87.605713,30.831058],[-87.605567,30.830904],[-87.605491,30.830956],[-87.605399,30.831192],[-87.605289,30.831391],[-87.605042,30.831333],[-87.604871,30.831158],[-87.604726,30.831136],[-87.604557,30.831409],[-87.604319,30.831425],[-87.604113,30.831176],[-87.603846,30.830722],[-87.603495,30.830226],[-87.603486,30.830212],[-87.60312,30.829674],[-87.60294,30.829381],[-87.602853,30.829169],[-87.602912,30.828992],[-87.603099,30.828955],[-87.603097,30.828719],[-87.603052,30.82836],[-87.603042,30.828103],[-87.602888,30.827912],[-87.602786,30.827259],[-87.603006,30.82703],[-87.603158,30.826802],[-87.603157,30.826766],[-87.603051,30.826571],[-87.602698,30.826429],[-87.602272,30.826335],[-87.602123,30.82624],[-87.602094,30.826172],[-87.602086,30.826153],[-87.602048,30.826064],[-87.602047,30.825857],[-87.602175,30.825632],[-87.602192,30.825473],[-87.601655,30.825395],[-87.601507,30.825348],[-87.601412,30.825077],[-87.601352,30.82431],[-87.60124,30.823545],[-87.601236,30.823512],[-87.601046,30.82273],[-87.600855,30.821757],[-87.600797,30.821294],[-87.600535,30.820928],[-87.600107,30.820514],[-87.599662,30.820469],[-87.599235,30.820231],[-87.598658,30.819754],[-87.598286,30.819357],[-87.597894,30.818911],[-87.597522,30.818625],[-87.596928,30.818309],[-87.596539,30.818199],[-87.59628,30.818168],[-87.596058,30.818281],[-87.595873,30.818202],[-87.595666,30.817676],[-87.595129,30.817646],[-87.595025,30.81763],[-87.594629,30.817568],[-87.594147,30.817507],[-87.594072,30.817363],[-87.594182,30.817251],[-87.594314,30.817163],[-87.594369,30.817082],[-87.59435,30.817019],[-87.594212,30.816934],[-87.59393,30.816915],[-87.593741,30.816966],[-87.593647,30.816946],[-87.593598,30.816692],[-87.593503,30.816439],[-87.593337,30.816388],[-87.593196,30.816481],[-87.593079,30.816512],[-87.592984,30.81641],[-87.592734,30.816005],[-87.592522,30.815975],[-87.592322,30.816098],[-87.592075,30.816099],[-87.591898,30.816019],[-87.591662,30.815959],[-87.591356,30.816021],[-87.591026,30.816053],[-87.590849,30.816003],[-87.590553,30.81574],[-87.5904,30.815863],[-87.5902,30.815925],[-87.59007,30.815793],[-87.589655,30.815439],[-87.589289,30.815227],[-87.588805,30.815128],[-87.588511,30.815099],[-87.588251,30.81509],[-87.588086,30.81505],[-87.587944,30.814928],[-87.587803,30.814919],[-87.587674,30.815092],[-87.587534,30.815245],[-87.587286,30.815206],[-87.587238,30.815023],[-87.587282,30.814647],[-87.587293,30.814423],[-87.587128,30.814434],[-87.58694,30.814567],[-87.586869,30.814465],[-87.586867,30.81415],[-87.586724,30.813947],[-87.586476,30.813827],[-87.586123,30.813828],[-87.58578,30.813616],[-87.585626,30.813556],[-87.585414,30.813557],[-87.585215,30.81372],[-87.585074,30.813731],[-87.584754,30.81355],[-87.584553,30.813337],[-87.58434,30.813196],[-87.584199,30.813196],[-87.584082,30.813349],[-87.583859,30.813493],[-87.583646,30.813433],[-87.583562,30.813189],[-87.583561,30.812894],[-87.583472,30.812813],[-87.5832,30.812774],[-87.582835,30.812796],[-87.582564,30.812726],[-87.582246,30.812747],[-87.581915,30.812576],[-87.581808,30.812322],[-87.581547,30.812161],[-87.581169,30.811959],[-87.581027,30.811817],[-87.581026,30.811675],[-87.581095,30.811431],[-87.580988,30.811309],[-87.580764,30.811269],[-87.580387,30.811271],[-87.580175,30.811292],[-87.580128,30.811191],[-87.580268,30.810997],[-87.580302,30.810865],[-87.580255,30.810773],[-87.580102,30.810764],[-87.579761,30.810887],[-87.579572,30.810898],[-87.579382,30.810625],[-87.578955,30.810098],[-87.5788,30.809885],[-87.578728,30.809631],[-87.578609,30.809398],[-87.578443,30.809165],[-87.577858,30.808862],[-87.577681,30.808843],[-87.577493,30.808884],[-87.577221,30.808784],[-87.576948,30.808531],[-87.576604,30.808125],[-87.576509,30.807861],[-87.576612,30.807454],[-87.57668,30.806945],[-87.576395,30.806581],[-87.576229,30.80647],[-87.57604,30.806409],[-87.575817,30.806451],[-87.575557,30.80632],[-87.574976,30.805662],[-87.574762,30.805337],[-87.574542,30.805064],[-87.574682,30.804727],[-87.574598,30.804494],[-87.574383,30.804068],[-87.574286,30.803611],[-87.574107,30.803276],[-87.573504,30.802882],[-87.573126,30.802721],[-87.572713,30.802621],[-87.572489,30.802541],[-87.572335,30.802399],[-87.572275,30.802125],[-87.572379,30.801911],[-87.572601,30.801554],[-87.572612,30.801401],[-87.57234,30.801148],[-87.57208,30.801088],[-87.571914,30.800936],[-87.571889,30.800611],[-87.571887,30.800377],[-87.571757,30.800205],[-87.571474,30.800145],[-87.571179,30.800136],[-87.570886,30.8003],[-87.570593,30.800576],[-87.57044,30.800587],[-87.570356,30.800445],[-87.570225,30.800151],[-87.570071,30.80004],[-87.569894,30.80003],[-87.569707,30.800234],[-87.569544,30.800499],[-87.569379,30.80048],[-87.569154,30.800338],[-87.5688,30.800187],[-87.568493,30.800168],[-87.568257,30.800119],[-87.568067,30.799825],[-87.567877,30.799602],[-87.567876,30.799347],[-87.568016,30.799174],[-87.567933,30.798981],[-87.56805,30.798828],[-87.568179,30.798756],[-87.568095,30.798594],[-87.567799,30.798351],[-87.567633,30.798057],[-87.567373,30.798028],[-87.567056,30.79809],[-87.566844,30.798061],[-87.566665,30.797807],[-87.566309,30.79732],[-87.565812,30.796997],[-87.565635,30.796907],[-87.565529,30.796815],[-87.565422,30.796765],[-87.565199,30.796827],[-87.564999,30.796808],[-87.564607,30.79645],[-87.56388,30.796273],[-87.5637,30.796144],[-87.563678,30.795809],[-87.563478,30.795604],[-87.563019,30.795408],[-87.562967,30.795134],[-87.562727,30.794954],[-87.562557,30.794869],[-87.562636,30.794628],[-87.562624,30.794362],[-87.562245,30.794294],[-87.561986,30.794132],[-87.561775,30.79385],[-87.561355,30.793559],[-87.561165,30.793354],[-87.561089,30.793257],[-87.560964,30.793097],[-87.560944,30.792977],[-87.560942,30.792702],[-87.561159,30.792383],[-87.56088,30.792307],[-87.560462,30.792274],[-87.560192,30.792163],[-87.560003,30.792061],[-87.559882,30.791864],[-87.559725,30.791435],[-87.559276,30.791274],[-87.558937,30.791172],[-87.558906,30.790974],[-87.559213,30.790638],[-87.559062,30.790381],[-87.558654,30.790443],[-87.558305,30.790332],[-87.557956,30.790196],[-87.557538,30.790258],[-87.55717,30.790269],[-87.55705,30.790149],[-87.557276,30.789692],[-87.557317,30.789587],[-87.557443,30.789262],[-87.557303,30.789134],[-87.556935,30.789118],[-87.556735,30.78905],[-87.556584,30.788681],[-87.556363,30.788433],[-87.556063,30.788245],[-87.555725,30.788229],[-87.555316,30.788094],[-87.554857,30.787864],[-87.554617,30.787624],[-87.554595,30.787349],[-87.554484,30.787126],[-87.55417,30.786964],[-87.553871,30.787],[-87.553553,30.78707],[-87.553333,30.787109],[-87.553255,30.787123],[-87.552985,30.786943],[-87.552595,30.786653],[-87.552265,30.786396],[-87.552035,30.7862],[-87.551476,30.785936],[-87.551316,30.785696],[-87.551403,30.785317],[-87.55161,30.784998],[-87.551479,30.78475],[-87.55106,30.784571],[-87.550741,30.784375],[-87.550848,30.783996],[-87.551148,30.783445],[-87.551226,30.783092],[-87.551185,30.782809],[-87.551167,30.782786],[-87.550864,30.782406],[-87.550573,30.781978],[-87.550421,30.781523],[-87.55029,30.781257],[-87.549766,30.781019],[-87.549517,30.780994],[-87.548971,30.781306],[-87.548723,30.781401],[-87.548474,30.781325],[-87.548082,30.780691],[-87.547902,30.780605],[-87.547764,30.780778],[-87.547546,30.780985],[-87.547217,30.780858],[-87.547125,30.78048],[-87.547014,30.780102],[-87.546654,30.779803],[-87.546255,30.779676],[-87.545786,30.779557],[-87.545437,30.779395],[-87.545086,30.778959],[-87.544794,30.778401],[-87.544776,30.777877],[-87.544855,30.777645],[-87.545202,30.777489],[-87.545649,30.777358],[-87.545957,30.777245],[-87.545976,30.777099],[-87.545038,30.776681],[-87.544977,30.776441],[-87.544966,30.776149],[-87.545182,30.775658],[-87.545259,30.775228],[-87.545227,30.774876],[-87.545494,30.773654],[-87.545956,30.772595],[-87.546073,30.772217],[-87.546052,30.772062],[-87.545852,30.771762],[-87.545652,30.771694],[-87.545209,30.771688],[-87.544722,30.77175],[-87.544373,30.771622],[-87.544301,30.771313],[-87.544204,30.770647],[-87.544188,30.770532],[-87.543886,30.770009],[-87.543515,30.769572],[-87.543125,30.769187],[-87.542844,30.768844],[-87.542167,30.767876],[-87.541968,30.767621],[-87.541806,30.767413],[-87.541226,30.766831],[-87.540605,30.766086],[-87.540353,30.765666],[-87.540343,30.765494],[-87.540286,30.765099],[-87.539914,30.764568],[-87.539504,30.764123],[-87.539064,30.763807],[-87.538755,30.763653],[-87.538376,30.763552],[-87.537898,30.76339],[-87.537099,30.762973],[-87.536889,30.762724],[-87.53686,30.762088],[-87.536839,30.761813],[-87.536639,30.761668],[-87.53629,30.761584],[-87.536074,30.761306],[-87.53599,30.761198],[-87.535987,30.760674],[-87.535945,30.760253],[-87.535654,30.759867],[-87.53571,30.75924],[-87.535594,30.758862],[-87.535483,30.758631],[-87.535313,30.758442],[-87.535286,30.758348],[-87.535252,30.758228],[-87.53529,30.758047],[-87.535458,30.75778],[-87.535407,30.757454],[-87.535195,30.757025],[-87.535211,30.756311],[-87.535229,30.755933],[-87.535241,30.755452],[-87.53518,30.755143],[-87.53499,30.754989],[-87.534711,30.754887],[-87.53453,30.754492],[-87.534307,30.753874],[-87.534305,30.753539],[-87.534443,30.753221],[-87.534431,30.752894],[-87.53447,30.752679],[-87.534792,30.752437],[-87.53509,30.752384],[-87.535299,30.752366],[-87.535307,30.7521],[-87.535225,30.751636],[-87.535173,30.751138],[-87.535229,30.750545],[-87.535345,30.750005],[-87.535254,30.749784],[-87.535119,30.749454],[-87.534478,30.748971],[-87.53393,30.748672],[-87.53386,30.748632],[-87.533564,30.748463],[-87.533485,30.748004],[-87.533345,30.74744],[-87.533008,30.74693],[-87.532535,30.746473],[-87.531987,30.746239],[-87.531667,30.746069],[-87.531634,30.745663],[-87.532391,30.745213],[-87.532647,30.744819],[-87.532522,30.744163],[-87.532519,30.743664],[-87.532593,30.743284],[-87.532562,30.743205],[-87.532167,30.743102],[-87.531606,30.743327],[-87.531074,30.743277],[-87.531042,30.743258],[-87.530693,30.743055],[-87.530312,30.742939],[-87.529871,30.742796],[-87.529754,30.742707],[-87.529596,30.742587],[-87.529587,30.742424],[-87.52958,30.742299],[-87.529987,30.741772],[-87.530168,30.741482],[-87.530242,30.741272],[-87.529982,30.740958],[-87.529253,30.740922],[-87.528631,30.741069],[-87.528082,30.740638],[-87.527427,30.740483],[-87.526516,30.740539],[-87.526151,30.740462],[-87.525876,30.740227],[-87.525539,30.739677],[-87.525446,30.739218],[-87.525232,30.739062],[-87.524639,30.738893],[-87.524136,30.738725],[-87.523602,30.738294],[-87.52319,30.73785],[-87.522915,30.737693],[-87.522368,30.73763],[-87.521598,30.737586],[-87.520864,30.737544],[-87.520301,30.737402],[-87.519919,30.737115],[-87.519782,30.736927],[-87.519384,30.736382],[-87.519079,30.736278],[-87.518608,30.736241],[-87.518319,30.736112],[-87.518258,30.736085],[-87.518165,30.73577],[-87.517887,30.734971],[-87.517398,30.73433],[-87.516789,30.734175],[-87.516258,30.734216],[-87.515879,30.734388],[-87.515408,30.734416],[-87.515142,30.734312],[-87.515047,30.733696],[-87.51494,30.733282],[-87.514908,30.733158],[-87.514639,30.733048],[-87.514558,30.733015],[-87.514103,30.733227],[-87.513617,30.733268],[-87.51313,30.733152],[-87.512554,30.733273],[-87.512146,30.733707],[-87.511933,30.733774],[-87.511749,30.733446],[-87.511627,30.733184],[-87.511291,30.733002],[-87.510638,30.732913],[-87.510515,30.732795],[-87.510497,30.732614],[-87.510495,30.732596],[-87.510483,30.732467],[-87.510618,30.732073],[-87.510601,30.731719],[-87.510235,30.73151],[-87.509901,30.731406],[-87.509581,30.731211],[-87.509456,30.7307],[-87.509302,30.730162],[-87.508964,30.729599],[-87.508879,30.729285],[-87.509027,30.72847],[-87.508797,30.728091],[-87.508219,30.727988],[-87.507687,30.727806],[-87.507366,30.727571],[-87.507121,30.7271],[-87.506679,30.7268],[-87.50604,30.726671],[-87.505447,30.726516],[-87.505142,30.726294],[-87.505049,30.726006],[-87.505169,30.725716],[-87.505684,30.725478],[-87.506033,30.725306],[-87.505956,30.72507],[-87.505712,30.724927],[-87.505088,30.724641],[-87.504319,30.724434],[-87.503741,30.724213],[-87.503283,30.72386],[-87.503098,30.72331],[-87.503064,30.722536],[-87.502971,30.722129],[-87.502436,30.721528],[-87.502344,30.721481],[-87.501949,30.72128],[-87.501507,30.721098],[-87.501188,30.721099],[-87.500885,30.72114],[-87.500581,30.721154],[-87.500003,30.720896],[-87.499426,30.720732],[-87.499044,30.720718],[-87.498709,30.720824],[-87.498505,30.720993],[-87.498291,30.721067],[-87.498188,30.721003],[-87.498138,30.720884],[-87.498056,30.720689],[-87.49811,30.720351],[-87.498034,30.720037],[-87.497865,30.719885],[-87.497604,30.719861],[-87.497345,30.72012],[-87.497075,30.720266],[-87.496833,30.720275],[-87.496487,30.72018],[-87.496263,30.720124],[-87.495759,30.719981],[-87.495312,30.719898],[-87.495209,30.719879],[-87.494826,30.719671],[-87.494676,30.719663],[-87.494481,30.719753],[-87.494016,30.720036],[-87.493569,30.719957],[-87.49326,30.719725],[-87.492971,30.719718],[-87.492786,30.71992],[-87.492685,30.720347],[-87.492415,30.720461],[-87.492098,30.720398],[-87.491852,30.71973],[-87.491617,30.719184],[-87.491439,30.719031],[-87.491196,30.71896],[-87.491107,30.718928],[-87.490903,30.718969],[-87.490716,30.719018],[-87.490539,30.719035],[-87.490259,30.718979],[-87.489793,30.71882],[-87.489428,30.718668],[-87.489061,30.718018],[-87.48878,30.717648],[-87.488617,30.717609],[-87.488584,30.717601],[-87.488407,30.717569],[-87.488295,30.717586],[-87.488109,30.717747],[-87.487832,30.718143],[-87.487628,30.718345],[-87.48732,30.718386],[-87.487059,30.718331],[-87.486583,30.718188],[-87.486297,30.717939],[-87.485989,30.717683],[-87.485764,30.717506],[-87.485474,30.717379],[-87.485157,30.717291],[-87.484914,30.717236],[-87.484606,30.717084],[-87.484465,30.716867],[-87.484583,30.716263],[-87.484628,30.715924],[-87.484459,30.715659],[-87.484235,30.715579],[-87.483964,30.715403],[-87.483628,30.715316],[-87.483377,30.715397],[-87.48321,30.715567],[-87.483026,30.716123],[-87.482583,30.716914],[-87.482239,30.717197],[-87.481904,30.71732],[-87.481705,30.71722],[-87.481624,30.717179],[-87.481283,30.717008],[-87.481271,30.716533],[-87.48098,30.716131],[-87.48054,30.715762],[-87.47993,30.714935],[-87.479518,30.714518],[-87.479069,30.714214],[-87.478298,30.713717],[-87.477997,30.713283],[-87.478116,30.712792],[-87.478339,30.71263],[-87.478871,30.712676],[-87.479383,30.712698],[-87.479737,30.712649],[-87.480039,30.71229],[-87.480071,30.712253],[-87.480274,30.711793],[-87.480187,30.711286],[-87.479835,30.71074],[-87.479496,30.710008],[-87.479317,30.709606],[-87.479074,30.709535],[-87.478748,30.709504],[-87.478394,30.709553],[-87.478041,30.709748],[-87.477808,30.709886],[-87.477454,30.709919],[-87.477156,30.70992],[-87.476512,30.709689],[-87.475475,30.709266],[-87.475176,30.709066],[-87.475095,30.708607],[-87.475485,30.708332],[-87.475623,30.708106],[-87.475276,30.707688],[-87.474658,30.707054],[-87.474498,30.70666],[-87.474645,30.706306],[-87.47538,30.706053],[-87.475873,30.705826],[-87.475984,30.705713],[-87.476025,30.705471],[-87.47581,30.705254],[-87.475269,30.705224],[-87.474672,30.705114],[-87.474345,30.704962],[-87.474214,30.704849],[-87.473953,30.70481],[-87.473636,30.704819],[-87.47315,30.704443],[-87.472776,30.704363],[-87.472572,30.704541],[-87.472799,30.705169],[-87.472809,30.705418],[-87.472633,30.705644],[-87.472233,30.70567],[-87.471766,30.705446],[-87.471205,30.705118],[-87.470949,30.705119],[-87.470483,30.705185],[-87.47011,30.70513],[-87.469811,30.705027],[-87.469642,30.70481],[-87.469529,30.704391],[-87.469526,30.703876],[-87.469617,30.70336],[-87.469616,30.703215],[-87.469466,30.702974],[-87.469081,30.702747],[-87.468769,30.70263],[-87.468531,30.702575],[-87.468275,30.702505],[-87.468109,30.70219],[-87.467813,30.701527],[-87.467737,30.701092],[-87.467846,30.700902],[-87.468165,30.700703],[-87.468219,30.700395],[-87.46809,30.700214],[-87.467925,30.700159],[-87.467668,30.700049],[-87.467522,30.700081],[-87.46713,30.700367],[-87.466747,30.700661],[-87.466373,30.70071],[-87.465906,30.700672],[-87.465531,30.700579],[-87.46535,30.700522],[-87.465182,30.700469],[-87.464917,30.700407],[-87.464195,30.700591],[-87.463784,30.700601],[-87.4635,30.700562],[-87.463253,30.7005],[-87.462942,30.700408],[-87.462675,30.70032],[-87.462195,30.700195],[-87.462164,30.700157],[-87.461912,30.699848],[-87.461666,30.699773],[-87.461315,30.699774],[-87.461052,30.699669],[-87.460822,30.699336],[-87.460451,30.698776],[-87.459992,30.698277],[-87.459676,30.698172],[-87.459219,30.698174],[-87.458921,30.698084],[-87.458674,30.697872],[-87.458658,30.697729],[-87.458619,30.697372],[-87.458476,30.696827],[-87.458299,30.69657],[-87.458018,30.696404],[-87.45751,30.696754],[-87.457266,30.697028],[-87.456934,30.697227],[-87.456619,30.697592],[-87.456269,30.69776],[-87.455778,30.697777],[-87.455182,30.697854],[-87.454744,30.698053],[-87.454149,30.698434],[-87.454013,30.698567],[-87.453887,30.698693],[-87.453624,30.698724],[-87.453255,30.698695],[-87.452938,30.698378],[-87.452621,30.698197],[-87.452165,30.698199],[-87.451885,30.698457],[-87.451609,30.699399],[-87.451311,30.699597],[-87.451135,30.699506],[-87.450906,30.699128],[-87.450641,30.698901],[-87.450255,30.698857],[-87.449852,30.69898],[-87.449571,30.698966],[-87.449219,30.698679],[-87.449129,30.69833],[-87.448918,30.698179],[-87.448724,30.697922],[-87.448705,30.697559],[-87.448808,30.697164],[-87.448666,30.696694],[-87.44849,30.696598],[-87.448446,30.696574],[-87.447883,30.696424],[-87.447495,30.69594],[-87.44716,30.695638],[-87.446458,30.69564],[-87.446248,30.695626],[-87.446036,30.695429],[-87.445737,30.695188],[-87.445368,30.695144],[-87.445017,30.69513],[-87.444367,30.69492],[-87.443681,30.694543],[-87.443345,30.693922],[-87.443114,30.693453],[-87.44285,30.693211],[-87.442775,30.692992],[-87.44269,30.692742],[-87.442285,30.692379],[-87.441808,30.69185],[-87.441315,30.691381],[-87.440715,30.690701],[-87.440619,30.690606],[-87.44038,30.690368],[-87.440348,30.690359],[-87.440029,30.690264],[-87.439045,30.690085],[-87.438705,30.689979],[-87.438654,30.689963],[-87.438325,30.68986],[-87.437727,30.689634],[-87.437375,30.689393],[-87.43697,30.688939],[-87.436561,30.68891],[-87.436426,30.688796],[-87.436406,30.688426],[-87.436314,30.68841],[-87.436216,30.688392],[-87.435739,30.688307],[-87.434685,30.688204],[-87.434106,30.688206],[-87.433616,30.688359],[-87.432966,30.688376],[-87.432509,30.68812],[-87.432069,30.687727],[-87.4317,30.687653],[-87.431139,30.687776],[-87.430474,30.688263],[-87.430141,30.688265],[-87.429824,30.687993],[-87.430118,30.687097],[-87.42994,30.686536],[-87.429448,30.686386],[-87.428694,30.686389],[-87.428307,30.686329],[-87.427797,30.685891],[-87.427741,30.685164],[-87.427791,30.684511],[-87.427491,30.684255],[-87.42713,30.683998],[-87.426617,30.683059],[-87.426301,30.682863],[-87.42609,30.682849],[-87.425425,30.683276],[-87.424987,30.683368],[-87.424618,30.683278],[-87.424336,30.683067],[-87.423457,30.682675],[-87.422702,30.68239],[-87.422403,30.682209],[-87.422173,30.681937],[-87.422102,30.681709],[-87.422133,30.68134],[-87.422001,30.681023],[-87.421721,30.680919],[-87.421528,30.680859],[-87.421318,30.680822],[-87.420969,30.680876],[-87.420498,30.680983],[-87.420235,30.680938],[-87.41991,30.680396],[-87.419497,30.679899],[-87.419252,30.679703],[-87.419172,30.679432],[-87.419082,30.678896],[-87.41909,30.678654],[-87.419063,30.678556],[-87.419046,30.678534],[-87.418634,30.678369],[-87.418311,30.678257],[-87.417926,30.678152],[-87.41769,30.678206],[-87.417456,30.678478],[-87.417265,30.678796],[-87.41717,30.679038],[-87.417057,30.67925],[-87.416909,30.679318],[-87.416725,30.679304],[-87.416129,30.678732],[-87.415184,30.67838],[-87.414558,30.678223],[-87.41399,30.678066],[-87.413736,30.678014],[-87.413439,30.67797],[-87.412941,30.677926],[-87.412539,30.677867],[-87.412206,30.67774],[-87.411725,30.677575],[-87.410933,30.677163],[-87.410311,30.676948],[-87.409694,30.676651],[-87.409179,30.676331],[-87.408806,30.67601],[-87.408317,30.67569],[-87.407777,30.675481],[-87.407238,30.675394],[-87.406762,30.675295],[-87.406479,30.675152],[-87.406337,30.674886],[-87.406361,30.674443],[-87.406705,30.673776],[-87.407086,30.672921],[-87.407391,30.672265],[-87.407389,30.671822],[-87.407157,30.671578],[-87.406464,30.671381],[-87.406142,30.671204],[-87.405884,30.670917],[-87.405844,30.670429],[-87.405842,30.670118],[-87.405956,30.669674],[-87.406022,30.669241],[-87.40555,30.668644],[-87.405399,30.668004],[-87.405519,30.667129],[-87.405804,30.666726],[-87.405838,30.666679],[-87.405763,30.666445],[-87.405392,30.66636],[-87.405355,30.666349],[-87.405208,30.666304],[-87.4047,30.666149],[-87.404206,30.66615],[-87.403538,30.665918],[-87.403092,30.665535],[-87.402694,30.664853],[-87.402642,30.664362],[-87.403109,30.663762],[-87.403352,30.662843],[-87.403053,30.662118],[-87.402582,30.661757],[-87.402333,30.661416],[-87.402207,30.660605],[-87.402402,30.660113],[-87.402919,30.659578],[-87.40294,30.658788],[-87.403332,30.658039],[-87.403108,30.657485],[-87.402661,30.657038],[-87.402142,30.65689],[-87.401722,30.656784],[-87.401077,30.656231],[-87.400633,30.656382],[-87.400513,30.657066],[-87.400217,30.657259],[-87.39987,30.657068],[-87.399868,30.656448],[-87.399841,30.655979],[-87.399668,30.65583],[-87.399076,30.656173],[-87.398781,30.656324],[-87.398609,30.656285],[-87.39841,30.656239],[-87.398394,30.656223],[-87.39779,30.655644],[-87.396823,30.654856],[-87.3966,30.654473],[-87.39651,30.65379],[-87.396605,30.652658],[-87.396603,30.652295],[-87.396279,30.651655],[-87.39598,30.650866],[-87.395925,30.650547],[-87.395913,30.650165],[-87.396431,30.649477],[-87.396603,30.649156],[-87.396872,30.648707],[-87.396994,30.648279],[-87.396869,30.647938],[-87.3962,30.6473],[-87.395584,30.6468],[-87.395308,30.646576],[-87.394341,30.645618],[-87.394339,30.645277],[-87.394784,30.645233],[-87.394957,30.645254],[-87.395425,30.644975],[-87.395744,30.644568],[-87.395692,30.64397],[-87.395295,30.643438],[-87.395021,30.642776],[-87.394599,30.642351],[-87.394253,30.642181],[-87.394029,30.641861],[-87.394027,30.64137],[-87.394344,30.640408],[-87.394391,30.639832],[-87.394242,30.639469],[-87.39424,30.639106],[-87.394274,30.638295],[-87.39437,30.637547],[-87.39459,30.637013],[-87.39491,30.636713],[-87.395217,30.636075],[-87.395154,30.635424],[-87.394696,30.634757],[-87.394298,30.634296],[-87.394118,30.6338],[-87.394077,30.633508],[-87.394453,30.633405],[-87.395403,30.633299],[-87.39566,30.63299],[-87.395559,30.632665],[-87.395182,30.632426],[-87.394884,30.632221],[-87.394645,30.631999],[-87.394486,30.631794],[-87.394248,30.631709],[-87.39399,30.631693],[-87.393693,30.631694],[-87.393415,30.63154],[-87.393461,30.631199],[-87.393492,30.630975],[-87.393405,30.630392],[-87.393391,30.630295],[-87.393505,30.62992],[-87.393684,30.629347],[-87.393703,30.629141],[-87.393543,30.628867],[-87.393422,30.628234],[-87.39342,30.627737],[-87.393299,30.627224],[-87.393596,30.626874],[-87.393627,30.626655],[-87.393739,30.626124],[-87.393851,30.62573],[-87.394359,30.625004],[-87.394398,30.624568],[-87.39458,30.624261],[-87.39486,30.624197],[-87.395324,30.624259],[-87.395801,30.62431],[-87.396032,30.624141],[-87.396019,30.623909],[-87.395859,30.623751],[-87.395652,30.623677],[-87.395273,30.623584],[-87.395126,30.623468],[-87.395113,30.62332],[-87.395173,30.623098],[-87.395282,30.622771],[-87.39522,30.622486],[-87.39506,30.622222],[-87.395071,30.621905],[-87.3953,30.621387],[-87.395323,30.621007],[-87.395285,30.620469],[-87.395455,30.62031],[-87.39582,30.620172],[-87.395991,30.620097],[-87.395929,30.619855],[-87.39588,30.619707],[-87.395804,30.619084],[-87.39585,30.618503],[-87.396153,30.617816],[-87.396468,30.61734],[-87.39648,30.617108],[-87.396392,30.616622],[-87.396049,30.616296],[-87.39567,30.616245],[-87.395292,30.616277],[-87.394962,30.616247],[-87.394859,30.616089],[-87.394781,30.61597],[-87.394741,30.615909],[-87.394677,30.615245],[-87.394918,30.614272],[-87.39514,30.613522],[-87.395625,30.612729],[-87.396243,30.611544],[-87.396473,30.611026],[-87.396591,30.610076],[-87.396589,30.609485],[-87.39666,30.608882],[-87.397111,30.6084],[-87.397194,30.608311],[-87.397958,30.607031],[-87.398414,30.606544],[-87.39851,30.6061],[-87.398533,30.605825],[-87.398654,30.60553],[-87.398775,30.605402],[-87.398946,30.605423],[-87.39962,30.605917],[-87.400255,30.606169],[-87.400926,30.605987],[-87.401547,30.605573],[-87.402072,30.605593],[-87.402322,30.605571],[-87.402816,30.605527],[-87.403229,30.605388],[-87.403291,30.605367],[-87.403366,30.605269],[-87.403489,30.605109],[-87.403534,30.60505],[-87.403569,30.604554],[-87.403346,30.603826],[-87.403418,30.60354],[-87.403506,30.603423],[-87.403915,30.603108],[-87.403998,30.603044],[-87.404087,30.603041],[-87.40489,30.603011],[-87.404907,30.60301],[-87.405203,30.603078],[-87.405674,30.603402],[-87.405696,30.603417],[-87.406091,30.603264],[-87.406111,30.602518],[-87.406009,30.602334],[-87.405928,30.602187],[-87.405696,30.601771],[-87.405716,30.601482],[-87.405854,30.60138],[-87.406446,30.601754],[-87.40653,30.601749],[-87.406723,30.601737],[-87.406856,30.601674],[-87.407157,30.601533],[-87.407592,30.600871],[-87.407591,30.600851],[-87.407572,30.600277],[-87.4075,30.600181],[-87.407355,30.599988],[-87.407327,30.599981],[-87.40692,30.59987],[-87.406372,30.599992],[-87.405854,30.600107],[-87.405828,30.600053],[-87.405492,30.599363],[-87.405485,30.599348],[-87.40548,30.599338],[-87.4054,30.599174],[-87.405319,30.598783],[-87.405301,30.598698],[-87.405422,30.598629],[-87.405524,30.598571],[-87.405538,30.598563],[-87.405678,30.598557],[-87.405933,30.598546],[-87.405955,30.598532],[-87.40621,30.598376],[-87.406201,30.598142],[-87.406199,30.59809],[-87.40601,30.597995],[-87.40599,30.597985],[-87.405696,30.597836],[-87.405462,30.597553],[-87.405458,30.597527],[-87.405451,30.597422],[-87.405526,30.597369],[-87.407132,30.596244],[-87.40731,30.59599],[-87.407319,30.595911],[-87.407346,30.595649],[-87.407301,30.595558],[-87.407011,30.59497],[-87.407008,30.594764],[-87.406998,30.594078],[-87.406846,30.593425],[-87.406836,30.59338],[-87.407086,30.592392],[-87.407153,30.592305],[-87.407697,30.591596],[-87.407718,30.59153],[-87.407772,30.591357],[-87.407859,30.591081],[-87.407857,30.591029],[-87.407857,30.591018],[-87.407857,30.590984],[-87.407857,30.590973],[-87.407825,30.590271],[-87.407787,30.590113],[-87.407619,30.589417],[-87.407722,30.589281],[-87.408144,30.588726],[-87.408181,30.588676],[-87.408158,30.588625],[-87.408028,30.588342],[-87.408022,30.588329],[-87.407505,30.588156],[-87.407434,30.588132],[-87.407423,30.588128],[-87.407408,30.588095],[-87.40732,30.587902],[-87.407479,30.587596],[-87.407669,30.587481],[-87.407686,30.587471],[-87.407696,30.587465],[-87.408116,30.587209],[-87.408798,30.586331],[-87.408982,30.586208],[-87.409177,30.586077],[-87.40936,30.585859],[-87.409233,30.585461],[-87.409221,30.585453],[-87.409212,30.585447],[-87.408755,30.585146],[-87.40875,30.585138],[-87.408295,30.584382],[-87.408039,30.583953],[-87.408023,30.583707],[-87.408322,30.583551],[-87.408905,30.583316],[-87.409143,30.58305],[-87.409173,30.583017],[-87.4092,30.58233],[-87.409304,30.581993],[-87.409766,30.581577],[-87.410167,30.580967],[-87.410511,30.580746],[-87.41081,30.580628],[-87.410988,30.580369],[-87.411001,30.579851],[-87.41076,30.579502],[-87.410431,30.579593],[-87.410268,30.57984],[-87.410043,30.579892],[-87.409803,30.579738],[-87.409817,30.579401],[-87.410055,30.57905],[-87.410279,30.578946],[-87.410443,30.578803],[-87.410527,30.578516],[-87.410576,30.578349],[-87.410829,30.578154],[-87.411084,30.578063],[-87.411488,30.578061],[-87.411772,30.578009],[-87.411801,30.577801],[-87.411545,30.577401],[-87.411514,30.577129],[-87.411572,30.576753],[-87.411705,30.576351],[-87.41184,30.576325],[-87.41202,30.576402],[-87.412095,30.576544],[-87.412142,30.576919],[-87.412232,30.577075],[-87.412292,30.577139],[-87.412457,30.577126],[-87.412635,30.576711],[-87.412529,30.576491],[-87.412273,30.576155],[-87.412027,30.57587],[-87.411882,30.575703],[-87.411851,30.575715],[-87.411836,30.575581],[-87.411754,30.575365],[-87.411827,30.574885],[-87.411938,30.574252],[-87.411952,30.574175],[-87.41217,30.573771],[-87.412196,30.573722],[-87.412362,30.573587],[-87.412378,30.573572],[-87.412393,30.573571],[-87.412409,30.573558],[-87.41244,30.573534],[-87.412481,30.573503],[-87.412514,30.573478],[-87.412557,30.573444],[-87.412613,30.573412],[-87.412641,30.573396],[-87.412802,30.573305],[-87.41311,30.573018],[-87.413397,30.572952],[-87.413696,30.573044],[-87.413815,30.57345],[-87.413933,30.573569],[-87.414147,30.573624],[-87.414284,30.573319],[-87.41441,30.572783],[-87.414537,30.572515],[-87.414932,30.572625],[-87.415221,30.572762],[-87.415721,30.572677],[-87.416104,30.572381],[-87.416369,30.571956],[-87.416303,30.571559],[-87.416206,30.571153],[-87.416293,30.57098],[-87.416407,30.570756],[-87.416513,30.570617],[-87.416651,30.570644],[-87.416876,30.570763],[-87.417142,30.570698],[-87.417184,30.570384],[-87.417054,30.570117],[-87.41716,30.569904],[-87.417596,30.569845],[-87.417714,30.569829],[-87.418003,30.57004],[-87.418185,30.570187],[-87.418388,30.570279],[-87.418526,30.57014],[-87.418397,30.569762],[-87.418187,30.569421],[-87.417791,30.569072],[-87.417577,30.568934],[-87.41748,30.568713],[-87.417479,30.568482],[-87.417467,30.568159],[-87.417328,30.568012],[-87.417008,30.567994],[-87.41672,30.568051],[-87.416602,30.567912],[-87.416633,30.567571],[-87.41667,30.567447],[-87.416759,30.567155],[-87.416726,30.566814],[-87.416565,30.566565],[-87.416153,30.566299],[-87.416142,30.566151],[-87.416408,30.56604],[-87.416833,30.565844],[-87.417109,30.565539],[-87.4173,30.565252],[-87.4173,30.565123],[-87.417383,30.56468],[-87.417596,30.564495],[-87.417745,30.564623],[-87.417842,30.564854],[-87.417971,30.565056],[-87.418313,30.565111],[-87.418472,30.564815],[-87.418225,30.564428],[-87.417988,30.563986],[-87.418051,30.563699],[-87.418305,30.563274],[-87.418331,30.563034],[-87.418191,30.562721],[-87.417933,30.562408],[-87.417922,30.56226],[-87.418017,30.562112],[-87.418273,30.562111],[-87.41855,30.562],[-87.418985,30.561481],[-87.419219,30.561333],[-87.419603,30.561313],[-87.419943,30.561063],[-87.420506,30.560627],[-87.420718,30.560551],[-87.420931,30.560533],[-87.421077,30.560555],[-87.42117,30.560653],[-87.421257,30.560796],[-87.421357,30.560911],[-87.421444,30.560985],[-87.421544,30.56103],[-87.421603,30.561036],[-87.421703,30.560996],[-87.421774,30.560674],[-87.421793,30.56034],[-87.421918,30.560133],[-87.422091,30.560121],[-87.422211,30.560201],[-87.422192,30.560494],[-87.4222,30.56077],[-87.42236,30.560976],[-87.42258,30.561136],[-87.42276,30.561285],[-87.4229,30.561434],[-87.423013,30.561497],[-87.423132,30.561491],[-87.423244,30.561284],[-87.423249,30.560881],[-87.423375,30.560841],[-87.423541,30.560915],[-87.423668,30.561012],[-87.42398,30.560965],[-87.424058,30.560781],[-87.423891,30.560494],[-87.423923,30.560282],[-87.424081,30.559885],[-87.4242,30.559718],[-87.424346,30.559637],[-87.424591,30.559682],[-87.424724,30.559739],[-87.424778,30.55986],[-87.424765,30.55998],[-87.425112,30.560364],[-87.425364,30.560317],[-87.425667,30.559788],[-87.425778,30.559282],[-87.426076,30.559114],[-87.426321,30.55897],[-87.426453,30.55878],[-87.42641,30.558299],[-87.426362,30.557878],[-87.426401,30.557499],[-87.425942,30.557432],[-87.425663,30.557295],[-87.425641,30.556916],[-87.426058,30.556483],[-87.426295,30.556155],[-87.426494,30.556154],[-87.426554,30.556223],[-87.426715,30.556619],[-87.426796,30.556791],[-87.426895,30.556791],[-87.427015,30.556756],[-87.427249,30.555738],[-87.427208,30.55548],[-87.427029,30.55536],[-87.427007,30.55505],[-87.427165,30.554791],[-87.427303,30.554291],[-87.427559,30.553687],[-87.428134,30.553099],[-87.42855,30.552632],[-87.428888,30.552459],[-87.429442,30.55175],[-87.430395,30.551196],[-87.430713,30.550953],[-87.43083,30.550505],[-87.430929,30.55028],[-87.431187,30.550021],[-87.431863,30.549778],[-87.433056,30.549584],[-87.434888,30.54944],[-87.435125,30.549095],[-87.435044,30.548716],[-87.434902,30.548113],[-87.434911,30.547872],[-87.435208,30.547647],[-87.435366,30.547388],[-87.435385,30.54706],[-87.435084,30.546561],[-87.435083,30.546406],[-87.435183,30.546354],[-87.435246,30.546327],[-87.435271,30.546316],[-87.435342,30.546285],[-87.43574,30.546301],[-87.435997,30.545938],[-87.436214,30.545524],[-87.436153,30.545162],[-87.436152,30.544955],[-87.436251,30.544938],[-87.43647,30.54492],[-87.436668,30.544626],[-87.436647,30.54423],[-87.436725,30.543919],[-87.436744,30.543695],[-87.436624,30.543695],[-87.436347,30.544093],[-87.435909,30.544043],[-87.435511,30.543992],[-87.435351,30.543889],[-87.43531,30.543734],[-87.43531,30.543683],[-87.43535,30.543596],[-87.435408,30.543286],[-87.435326,30.542873],[-87.435445,30.542717],[-87.435684,30.542665],[-87.435983,30.54287],[-87.436223,30.542956],[-87.436422,30.543007],[-87.43676,30.542816],[-87.436798,30.542523],[-87.437195,30.542194],[-87.437433,30.542004],[-87.437392,30.541763],[-87.436735,30.541696],[-87.436496,30.541645],[-87.436396,30.541542],[-87.436375,30.541335],[-87.436672,30.541093],[-87.43679,30.540731],[-87.436828,30.540248],[-87.436987,30.540161],[-87.437285,30.540143],[-87.437664,30.540142],[-87.437922,30.540072],[-87.438161,30.540106],[-87.438281,30.540295],[-87.438341,30.540346],[-87.43856,30.540259],[-87.438877,30.539879],[-87.439253,30.539395],[-87.439472,30.539377],[-87.439651,30.539429],[-87.439672,30.539566],[-87.439613,30.539859],[-87.439555,30.540084],[-87.439575,30.540239],[-87.439755,30.540307],[-87.440032,30.539996],[-87.440408,30.539392],[-87.440605,30.53896],[-87.440544,30.538684],[-87.440245,30.53853],[-87.439926,30.538445],[-87.439865,30.53829],[-87.439864,30.538118],[-87.440182,30.537962],[-87.44062,30.537788],[-87.441017,30.537666],[-87.441375,30.537596],[-87.441574,30.537457],[-87.441572,30.537095],[-87.441153,30.536804],[-87.440853,30.53665],[-87.440796,30.53649],[-87.440773,30.536426],[-87.440751,30.536047],[-87.440707,30.535013],[-87.440383,30.533894],[-87.440378,30.533861],[-87.44026,30.533067],[-87.440238,30.532568],[-87.440336,30.532326],[-87.440603,30.531946],[-87.440582,30.531601],[-87.440282,30.531344],[-87.439863,30.531225],[-87.439465,30.531157],[-87.439145,30.530848],[-87.438924,30.530469],[-87.438904,30.530401],[-87.438963,30.530297],[-87.4395,30.530174],[-87.440474,30.529827],[-87.44119,30.529755],[-87.441708,30.529753],[-87.441947,30.529873],[-87.442048,30.530149],[-87.441991,30.530614],[-87.441973,30.531062],[-87.442552,30.531457],[-87.44317,30.531696],[-87.443906,30.531487],[-87.444202,30.530934],[-87.444199,30.530279],[-87.44382,30.530074],[-87.443322,30.530058],[-87.442904,30.530094],[-87.442645,30.529974],[-87.442624,30.529768],[-87.443079,30.529094],[-87.443375,30.528679],[-87.443652,30.528144],[-87.444148,30.527849],[-87.444407,30.527849],[-87.444448,30.528228],[-87.44455,30.528744],[-87.44473,30.528899],[-87.445108,30.528915],[-87.445683,30.528292],[-87.445918,30.527378],[-87.446255,30.527205],[-87.446654,30.52722],[-87.446833,30.527289],[-87.447192,30.527356],[-87.44747,30.527356],[-87.447728,30.527096],[-87.447985,30.526613],[-87.44821,30.52552],[-87.448188,30.525302],[-87.448157,30.525164],[-87.44814,30.525087],[-87.447976,30.524951],[-87.44766,30.524903],[-87.447243,30.524948],[-87.44704,30.525012],[-87.446928,30.525193],[-87.447116,30.525569],[-87.44727,30.525935],[-87.447271,30.526179],[-87.44717,30.52636],[-87.446979,30.526463],[-87.446003,30.526383],[-87.445669,30.526243],[-87.445358,30.525975],[-87.44521,30.525717],[-87.445124,30.525439],[-87.445054,30.525053],[-87.444953,30.524877],[-87.444861,30.524717],[-87.444651,30.524498],[-87.444082,30.524213],[-87.443811,30.523954],[-87.443793,30.523632],[-87.443928,30.523573],[-87.444267,30.523615],[-87.444674,30.523761],[-87.44508,30.523862],[-87.446295,30.523154],[-87.447071,30.522547],[-87.447105,30.522522],[-87.447212,30.522204],[-87.447288,30.521979],[-87.44715,30.521262],[-87.446418,30.520385],[-87.446026,30.519727],[-87.445886,30.518673],[-87.445731,30.51819],[-87.445458,30.517678],[-87.445574,30.517092],[-87.445725,30.516901],[-87.446132,30.516973],[-87.446504,30.517001],[-87.446909,30.51678],[-87.447178,30.516413],[-87.447276,30.515607],[-87.447273,30.51505],[-87.446967,30.514655],[-87.446764,30.514612],[-87.446409,30.51476],[-87.44582,30.515392],[-87.444991,30.515497],[-87.444567,30.515337],[-87.44443,30.514913],[-87.444529,30.514254],[-87.444958,30.513769],[-87.445634,30.513664],[-87.446683,30.51366],[-87.447327,30.513878],[-87.448024,30.514608],[-87.448534,30.51506],[-87.449127,30.515307],[-87.449787,30.515232],[-87.450029,30.514918],[-87.450376,30.514468],[-87.449897,30.514476],[-87.449845,30.514477],[-87.449771,30.514478],[-87.449037,30.514226],[-87.44836,30.513746],[-87.447932,30.513063],[-87.44794,30.512984],[-87.447983,30.51257],[-87.447919,30.511827],[-87.447883,30.511037],[-87.447871,30.510997],[-87.447865,30.510976],[-87.447806,30.510786],[-87.44779,30.510734],[-87.447731,30.51054],[-87.447726,30.510523],[-87.447722,30.510511],[-87.447707,30.510464],[-87.447665,30.510422],[-87.447656,30.510413],[-87.44735,30.510104],[-87.447286,30.510039],[-87.447196,30.509949],[-87.447178,30.509931],[-87.446482,30.509462],[-87.446074,30.508873],[-87.445062,30.508202],[-87.444719,30.5075],[-87.44393,30.507209],[-87.443225,30.506788],[-87.442933,30.506784],[-87.442908,30.506784],[-87.442426,30.506779],[-87.441907,30.50673],[-87.441144,30.506657],[-87.440391,30.506632],[-87.439695,30.506655],[-87.439203,30.506243],[-87.43885,30.505847],[-87.438274,30.505363],[-87.437681,30.504636],[-87.43718,30.503732],[-87.436717,30.502989],[-87.436514,30.502459],[-87.436167,30.502212],[-87.435871,30.50201],[-87.435267,30.501472],[-87.434655,30.500542],[-87.434554,30.50032],[-87.434523,30.500251],[-87.433983,30.499601],[-87.433883,30.499501],[-87.433683,30.499401],[-87.433483,30.499301],[-87.433133,30.499231],[-87.432983,30.499201],[-87.432483,30.499101],[-87.431983,30.499001],[-87.431583,30.498801],[-87.431026,30.498337],[-87.430983,30.498301],[-87.430883,30.498101],[-87.430683,30.497601],[-87.430583,30.497201],[-87.430483,30.496601],[-87.430983,30.496101],[-87.431004,30.49607],[-87.431183,30.495801],[-87.431683,30.494901],[-87.431783,30.494601],[-87.431828,30.494202],[-87.431883,30.493702],[-87.431783,30.493402],[-87.431683,30.492902],[-87.431573,30.492737],[-87.431483,30.492602],[-87.431283,30.492102],[-87.431083,30.491802],[-87.430783,30.491502],[-87.430737,30.49141],[-87.430583,30.491102],[-87.430283,30.490802],[-87.429983,30.490702],[-87.429883,30.490702],[-87.429874,30.490693],[-87.429783,30.490602],[-87.429383,30.490302],[-87.429109,30.490211],[-87.429083,30.490202],[-87.428985,30.490101],[-87.428959,30.490075],[-87.428583,30.489702],[-87.428507,30.489551],[-87.428482,30.489502],[-87.428443,30.489384],[-87.428383,30.489202],[-87.428383,30.489102],[-87.428383,30.489039],[-87.428383,30.488898],[-87.428383,30.488757],[-87.428383,30.488702],[-87.428383,30.488502],[-87.428464,30.488339],[-87.428583,30.488102],[-87.428783,30.487802],[-87.428983,30.487602],[-87.429101,30.487484],[-87.429183,30.487402],[-87.429263,30.487403],[-87.429583,30.487402],[-87.429783,30.487402],[-87.430043,30.487513],[-87.430483,30.487702],[-87.430499,30.487706],[-87.430883,30.487802],[-87.431483,30.488102],[-87.432083,30.488202],[-87.432875,30.488202],[-87.433183,30.488202],[-87.433583,30.488002],[-87.43367,30.487915],[-87.433883,30.487702],[-87.434046,30.487294],[-87.434083,30.487202],[-87.433976,30.486988],[-87.433783,30.486602],[-87.433683,30.486302],[-87.433183,30.485502],[-87.432983,30.484902],[-87.432883,30.484302],[-87.432983,30.484102],[-87.433131,30.483856],[-87.433283,30.483602],[-87.433383,30.483302],[-87.434083,30.482402],[-87.434083,30.482202],[-87.434283,30.482002],[-87.434383,30.482002],[-87.434473,30.482002],[-87.434583,30.482002],[-87.434799,30.481894],[-87.434983,30.481802],[-87.435183,30.481602],[-87.435233,30.481502],[-87.435282,30.481401],[-87.435483,30.481102],[-87.435483,30.480902],[-87.435583,30.480502],[-87.435283,30.479902],[-87.434783,30.479302],[-87.434683,30.479202],[-87.434283,30.478902],[-87.433983,30.478802],[-87.433783,30.478702],[-87.433683,30.478602],[-87.432883,30.478302],[-87.432583,30.478202],[-87.431983,30.477902],[-87.431583,30.477702],[-87.431283,30.477302],[-87.430983,30.477102],[-87.430583,30.476602],[-87.430483,30.476402],[-87.430322,30.47584],[-87.430283,30.475702],[-87.430183,30.475202],[-87.430183,30.474302],[-87.430183,30.474102],[-87.430183,30.473102],[-87.430183,30.472821],[-87.430183,30.472702],[-87.430083,30.472002],[-87.429883,30.471602],[-87.429883,30.471402],[-87.429783,30.471102],[-87.429583,30.470602],[-87.429383,30.470402],[-87.428883,30.469802],[-87.428583,30.469402],[-87.428045,30.468775],[-87.427983,30.468702],[-87.427783,30.468402],[-87.427283,30.467802],[-87.427083,30.467502],[-87.426783,30.467302],[-87.426683,30.467202],[-87.426083,30.466602],[-87.425783,30.466302],[-87.425283,30.465802],[-87.425083,30.465602],[-87.424583,30.465202],[-87.424283,30.464902],[-87.424001,30.464668],[-87.423683,30.464402],[-87.423583,30.464302],[-87.422683,30.463602],[-87.422183,30.463202],[-87.421483,30.462802],[-87.421183,30.462702],[-87.420383,30.462402],[-87.419883,30.462202],[-87.419083,30.461902],[-87.418683,30.461602],[-87.417782,30.461102],[-87.417682,30.460902],[-87.416882,30.459902],[-87.416782,30.459902],[-87.416682,30.459702],[-87.416382,30.459402],[-87.415982,30.458902],[-87.415982,30.458702],[-87.415682,30.458202],[-87.415482,30.458102],[-87.414935,30.457555],[-87.414925,30.457545],[-87.414882,30.457502],[-87.414682,30.457302],[-87.414482,30.457302],[-87.413843,30.457028],[-87.413782,30.457002],[-87.413482,30.457002],[-87.413082,30.456902],[-87.412482,30.456902],[-87.411982,30.456902],[-87.411082,30.456902],[-87.410582,30.456902],[-87.409282,30.456802],[-87.408682,30.456702],[-87.407882,30.456402],[-87.407682,30.456303],[-87.406982,30.455703],[-87.406682,30.455403],[-87.406182,30.454903],[-87.405982,30.454603],[-87.405482,30.454003],[-87.405282,30.453703],[-87.404882,30.453103],[-87.404682,30.452903],[-87.404318,30.452721],[-87.404308,30.452716],[-87.404282,30.452703],[-87.403882,30.452503],[-87.403182,30.452303],[-87.402782,30.452103],[-87.401682,30.451703],[-87.401082,30.451503],[-87.400082,30.451103],[-87.399882,30.451003],[-87.399782,30.451003],[-87.399582,30.450903],[-87.398882,30.450803],[-87.398582,30.450703],[-87.397982,30.450603],[-87.397782,30.450603],[-87.397115,30.450603],[-87.397032,30.450603],[-87.396882,30.450603],[-87.396482,30.450703],[-87.395382,30.451003],[-87.395082,30.451103],[-87.394182,30.451403],[-87.393882,30.451403],[-87.393482,30.451503],[-87.393082,30.451603],[-87.392281,30.451603],[-87.391981,30.451603],[-87.391281,30.451503],[-87.390781,30.451303],[-87.389981,30.451203],[-87.389781,30.451103],[-87.388881,30.450803],[-87.388481,30.450603],[-87.387881,30.450403],[-87.387781,30.450403],[-87.38691,30.450403],[-87.386781,30.450403],[-87.386381,30.450403],[-87.386314,30.450403],[-87.385781,30.450403],[-87.385681,30.450403],[-87.385381,30.450403],[-87.385181,30.450403],[-87.384581,30.450303],[-87.384381,30.450303],[-87.383581,30.450203],[-87.382981,30.450103],[-87.382181,30.450103],[-87.381881,30.450103],[-87.381481,30.450103],[-87.381181,30.450103],[-87.380381,30.449903],[-87.379981,30.449903],[-87.379481,30.449703],[-87.379181,30.449703],[-87.378681,30.449603],[-87.378281,30.449403],[-87.378215,30.449389],[-87.377781,30.449303],[-87.377681,30.449303],[-87.377081,30.449103],[-87.376681,30.449003],[-87.375881,30.448803],[-87.375581,30.448703],[-87.375081,30.448603],[-87.375006,30.448565],[-87.374981,30.448553],[-87.374981,30.448471],[-87.370773,30.446871],[-87.368685,30.444637],[-87.366944,30.440486],[-87.366596,30.436654],[-87.367446,30.434501],[-87.368196,30.433413],[-87.369388,30.431954],[-87.371174,30.430496],[-87.373155,30.429403],[-87.374981,30.428308],[-87.374981,30.428353],[-87.375081,30.428203],[-87.375281,30.428103],[-87.375381,30.428003],[-87.376181,30.427303],[-87.376481,30.427103],[-87.377281,30.426403],[-87.377581,30.426103],[-87.378381,30.425403],[-87.378681,30.425203],[-87.380081,30.424303],[-87.380881,30.423803],[-87.382081,30.422903],[-87.382581,30.422603],[-87.383381,30.422103],[-87.383881,30.421903],[-87.384353,30.421619],[-87.384881,30.421303],[-87.385481,30.421003],[-87.386381,30.420503],[-87.386781,30.420403],[-87.387681,30.420103],[-87.388081,30.420003],[-87.389081,30.419703],[-87.389481,30.419603],[-87.390281,30.419303],[-87.390581,30.419203],[-87.392581,30.418703],[-87.393181,30.418503],[-87.393981,30.418303],[-87.394581,30.418103],[-87.395681,30.417603],[-87.396281,30.417203],[-87.397381,30.416304],[-87.397681,30.416004],[-87.398481,30.415504],[-87.398781,30.415104],[-87.400282,30.413504],[-87.400382,30.413404],[-87.400482,30.413204],[-87.400582,30.412904],[-87.400982,30.412304],[-87.401282,30.412004],[-87.401782,30.411404],[-87.402282,30.411004],[-87.402782,30.410604],[-87.402982,30.410404],[-87.403482,30.410204],[-87.404782,30.409604],[-87.405282,30.409504],[-87.405682,30.409404],[-87.406082,30.409204],[-87.406482,30.409204],[-87.407382,30.409004],[-87.407782,30.408904],[-87.408482,30.408904],[-87.408882,30.408804],[-87.409382,30.408804],[-87.409582,30.408804],[-87.410382,30.408804],[-87.410682,30.408804],[-87.411082,30.408804],[-87.411482,30.408804],[-87.412182,30.408904],[-87.412482,30.408904],[-87.413182,30.409004],[-87.413582,30.409004],[-87.414182,30.409204],[-87.414582,30.409304],[-87.415282,30.409404],[-87.415682,30.409504],[-87.416682,30.409704],[-87.417182,30.409904],[-87.417682,30.410004],[-87.417982,30.410004],[-87.418382,30.410104],[-87.418582,30.410104],[-87.419182,30.410204],[-87.419482,30.410204],[-87.420182,30.410204],[-87.420582,30.410204],[-87.421182,30.410204],[-87.421582,30.410204],[-87.422282,30.410104],[-87.422682,30.410104],[-87.423282,30.410004],[-87.423682,30.409904],[-87.424382,30.409804],[-87.424482,30.409704],[-87.424782,30.409604],[-87.424982,30.409604],[-87.425082,30.409504],[-87.425582,30.409404],[-87.425882,30.409304],[-87.426182,30.409204],[-87.426382,30.409104],[-87.426782,30.408804],[-87.426882,30.408804],[-87.427483,30.408404],[-87.427783,30.408104],[-87.428383,30.407604],[-87.429483,30.406604],[-87.429583,30.406504],[-87.429783,30.406204],[-87.430183,30.405704],[-87.430583,30.405204],[-87.430799,30.404915],[-87.430883,30.404804],[-87.431283,30.404104],[-87.431383,30.403804],[-87.431783,30.403204],[-87.431883,30.403004],[-87.432083,30.402404],[-87.432283,30.402104],[-87.432883,30.400904],[-87.432983,30.400404],[-87.433283,30.399404],[-87.433483,30.398904],[-87.434083,30.397804],[-87.434283,30.397504],[-87.434583,30.397304],[-87.434683,30.397204],[-87.435483,30.396904],[-87.435983,30.396604],[-87.436883,30.396204],[-87.437283,30.395904],[-87.438083,30.395104],[-87.438583,30.394604],[-87.439483,30.393504],[-87.439883,30.392804],[-87.440683,30.391504],[-87.440783,30.391004],[-87.441083,30.390004],[-87.441083,30.389804],[-87.441083,30.389004],[-87.441183,30.388604],[-87.441083,30.388004],[-87.441083,30.387704],[-87.440883,30.386704],[-87.440683,30.386104],[-87.440283,30.384904],[-87.440183,30.384604],[-87.439883,30.384204],[-87.439783,30.383904],[-87.439383,30.383304],[-87.439083,30.382904],[-87.438683,30.382104],[-87.438483,30.381804],[-87.438483,30.381404],[-87.438483,30.381204],[-87.438583,30.381004],[-87.438683,30.380804],[-87.439083,30.380204],[-87.439383,30.379904],[-87.439883,30.378905],[-87.439983,30.378805],[-87.440583,30.378005],[-87.440883,30.377605],[-87.441383,30.376905],[-87.44154,30.376669],[-87.441583,30.376605],[-87.441665,30.376505],[-87.441828,30.37631],[-87.442889,30.375205],[-87.443483,30.375105],[-87.443683,30.374805],[-87.444083,30.374405],[-87.444283,30.374105],[-87.444983,30.373705],[-87.445483,30.373305],[-87.445983,30.372905],[-87.446183,30.372705],[-87.446583,30.372305],[-87.446983,30.372005],[-87.447383,30.371705],[-87.447683,30.371505],[-87.447983,30.371205],[-87.448483,30.370905],[-87.448783,30.370605],[-87.449083,30.370405],[-87.449383,30.370105],[-87.449783,30.369605],[-87.449983,30.369305],[-87.450183,30.368805],[-87.451383,30.367205],[-87.451383,30.367005],[-87.451483,30.366705],[-87.451783,30.365905],[-87.451883,30.365005],[-87.451783,30.364605],[-87.451783,30.364005],[-87.451883,30.363405],[-87.451983,30.362505],[-87.452083,30.361905],[-87.451983,30.361105],[-87.451983,30.360305],[-87.451983,30.359805],[-87.451983,30.359205],[-87.451883,30.358305],[-87.451783,30.357505],[-87.451783,30.356705],[-87.451583,30.355905],[-87.451383,30.354905],[-87.451283,30.354005],[-87.451183,30.353405],[-87.451183,30.352905],[-87.451183,30.352505],[-87.451083,30.351905],[-87.451083,30.351505],[-87.451083,30.351005],[-87.451083,30.350105],[-87.451083,30.349505],[-87.450983,30.348805],[-87.450983,30.348005],[-87.450883,30.347605],[-87.450783,30.347005],[-87.450883,30.346605],[-87.450967,30.346268],[-87.450983,30.346205],[-87.451083,30.345605],[-87.451383,30.345305],[-87.451583,30.345005],[-87.451983,30.344505],[-87.452283,30.344105],[-87.452983,30.343505],[-87.453383,30.343105],[-87.453683,30.342905],[-87.453683,30.342806],[-87.453783,30.342806],[-87.454183,30.342406],[-87.454483,30.342106],[-87.454983,30.341606],[-87.455383,30.341206],[-87.455783,30.340706],[-87.456283,30.340206],[-87.456883,30.339706],[-87.457283,30.339206],[-87.457683,30.338806],[-87.458083,30.338406],[-87.458483,30.337906],[-87.458883,30.337506],[-87.459283,30.337006],[-87.459683,30.336606],[-87.459983,30.336306],[-87.460383,30.336006],[-87.460783,30.335606],[-87.461083,30.335306],[-87.461283,30.335206],[-87.462983,30.334006],[-87.463134,30.333955],[-87.463283,30.333906],[-87.463783,30.333706],[-87.464062,30.333612],[-87.464383,30.333506],[-87.464883,30.333306],[-87.465483,30.333206],[-87.466284,30.333006],[-87.467084,30.332906],[-87.467266,30.332833],[-87.467584,30.332706],[-87.468084,30.332606],[-87.468784,30.332406],[-87.469484,30.332306],[-87.470084,30.332206],[-87.470884,30.332006],[-87.471884,30.331806],[-87.472684,30.331706],[-87.473584,30.331606],[-87.474784,30.331506],[-87.475584,30.331406],[-87.476284,30.331406],[-87.476884,30.331306],[-87.477484,30.331306],[-87.478584,30.331206],[-87.479484,30.331206],[-87.480003,30.331119],[-87.480084,30.331106],[-87.480884,30.331106],[-87.481684,30.331106],[-87.482784,30.331106],[-87.483584,30.331106],[-87.484684,30.331106],[-87.485884,30.331106],[-87.486684,30.331106],[-87.487484,30.331006],[-87.487784,30.331006],[-87.488384,30.331106],[-87.489084,30.331106],[-87.489984,30.331106],[-87.490884,30.331006],[-87.491884,30.330906],[-87.49205,30.330878],[-87.492485,30.330806],[-87.493085,30.330606],[-87.493585,30.330606],[-87.494185,30.330406],[-87.494885,30.330206],[-87.495885,30.330006],[-87.497285,30.329706],[-87.498185,30.329506],[-87.498685,30.329306],[-87.499285,30.329106],[-87.499785,30.328906],[-87.499985,30.328963],[-87.502577,30.327411],[-87.504706,30.324045],[-87.505948,30.319402],[-87.505815,30.315092],[-87.505885,30.313906],[-87.505785,30.312506],[-87.505585,30.311106],[-87.505185,30.309907],[-87.504685,30.308907],[-87.503885,30.308007],[-87.503485,30.307607],[-87.502785,30.307307],[-87.502312,30.307149],[-87.502185,30.307107],[-87.501685,30.306907],[-87.500985,30.306807],[-87.499985,30.306457],[-87.499985,30.306207],[-87.499885,30.306207],[-87.499585,30.306207],[-87.499285,30.306207],[-87.499185,30.306207],[-87.498985,30.306207],[-87.498785,30.306307],[-87.498385,30.306307],[-87.497985,30.306207],[-87.497685,30.306107],[-87.497385,30.305907],[-87.497185,30.305807],[-87.496785,30.305707],[-87.496485,30.305607],[-87.495985,30.305407],[-87.495585,30.305307],[-87.495184,30.305107],[-87.494884,30.305007],[-87.494384,30.305007],[-87.494084,30.304907],[-87.493384,30.304907],[-87.492884,30.304907],[-87.492484,30.304907],[-87.491984,30.304807],[-87.491284,30.304907],[-87.490684,30.304907],[-87.489884,30.304907],[-87.489184,30.304907],[-87.488684,30.304807],[-87.488184,30.304807],[-87.487384,30.305007],[-87.486984,30.305107],[-87.486384,30.305107],[-87.486245,30.305107],[-87.486052,30.305107],[-87.485684,30.305107],[-87.485184,30.305007],[-87.484784,30.304907],[-87.484184,30.304907],[-87.483784,30.304807],[-87.483684,30.304807],[-87.481884,30.306007],[-87.481584,30.306207],[-87.481384,30.306407],[-87.480884,30.306607],[-87.480584,30.306707],[-87.480284,30.306807],[-87.479584,30.306807],[-87.478884,30.306807],[-87.478484,30.306907],[-87.477884,30.306907],[-87.477184,30.307207],[-87.476584,30.307507],[-87.476284,30.307707],[-87.475884,30.307906],[-87.475284,30.308006],[-87.474484,30.308006],[-87.473984,30.308006],[-87.473484,30.308006],[-87.472584,30.308006],[-87.471784,30.307906],[-87.471284,30.307906],[-87.470684,30.307906],[-87.469784,30.308006],[-87.469183,30.308206],[-87.468683,30.308206],[-87.468183,30.308106],[-87.467783,30.307906],[-87.467383,30.307806],[-87.467183,30.307806],[-87.466583,30.307806],[-87.466183,30.307806],[-87.465883,30.307706],[-87.465783,30.307606],[-87.465083,30.307606],[-87.464283,30.307706],[-87.463783,30.307806],[-87.462983,30.307806],[-87.462483,30.307906],[-87.461883,30.308006],[-87.460983,30.308106],[-87.460283,30.308206],[-87.459583,30.308306],[-87.459183,30.308506],[-87.458783,30.308606],[-87.458283,30.308806],[-87.457783,30.309106],[-87.457183,30.309306],[-87.456883,30.309506],[-87.456483,30.309806],[-87.455883,30.310106],[-87.455583,30.310206],[-87.454983,30.310306],[-87.454383,30.310306],[-87.453883,30.310206],[-87.453183,30.310406],[-87.452683,30.310406],[-87.452283,30.310606],[-87.451683,30.310806],[-87.451183,30.310906],[-87.450783,30.311106],[-87.450283,30.311106],[-87.450083,30.311106],[-87.451131,30.306142],[-87.451136,30.306115],[-87.451139,30.306103],[-87.451156,30.30602],[-87.452383,30.300207],[-87.492745,30.289778],[-87.499985,30.287907],[-87.500008,30.287911],[-87.501085,30.288107],[-87.501985,30.288007],[-87.503685,30.287507],[-87.505485,30.287107],[-87.507385,30.286507],[-87.508885,30.286107],[-87.510485,30.285807],[-87.511712,30.285641],[-87.511922,30.285612],[-87.512034,30.285574],[-87.514585,30.284707],[-87.515096,30.284599],[-87.518385,30.283907],[-87.518386,30.28294],[-87.518388,30.282381],[-87.518388,30.282362],[-87.518388,30.282326],[-87.518388,30.282263],[-87.518388,30.282165],[-87.518388,30.282147],[-87.518388,30.282137],[-87.518389,30.28209],[-87.518389,30.282035],[-87.518391,30.281592],[-87.518391,30.281568],[-87.518391,30.280655],[-87.518329,30.280448],[-87.51833,30.280212],[-87.518336,30.278655],[-87.518344,30.277004],[-87.518386,30.267664],[-87.518431,30.257806],[-87.518451,30.253307],[-87.518465,30.250208],[-87.518464,30.250007],[-87.518409,30.240125],[-87.518377,30.234246],[-87.518351,30.229512],[-87.518345,30.201336],[-87.518355,30.157766],[-87.518375,30.125536],[-87.515575,30.126046],[-87.514385,30.126276],[-87.509245,30.127276],[-87.506205,30.127896],[-87.503585,30.128476],[-87.500575,30.129176],[-87.493265,30.130956],[-87.483575,30.132916],[-87.482265,30.133446],[-87.479255,30.133956],[-87.474735,30.134726],[-87.458605,30.137536],[-87.453755,30.138456],[-87.448535,30.139586],[-87.442015,30.141106],[-87.439435,30.141526],[-87.438025,30.141756],[-87.434785,30.142336],[-87.429175,30.143376],[-87.422575,30.144606],[-87.395885,30.148476],[-87.392605,30.148976],[-87.387715,30.149866],[-87.383325,30.150576],[-87.380125,30.150986],[-87.366875,30.153576],[-87.362655,30.154456],[-87.356465,30.155936],[-87.346185,30.158606],[-87.336645,30.161196],[-87.332115,30.162146],[-87.328975,30.162836],[-87.315645,30.165806],[-87.302815,30.168306],[-87.299595,30.167806],[-87.298185,30.167596],[-87.296765,30.167406],[-87.295955,30.167306],[-87.294125,30.167076],[-87.289925,30.166576],[-87.285625,30.166116],[-87.281925,30.165796],[-87.278835,30.165576],[-87.274575,30.165356],[-87.270895,30.165256],[-87.268425,30.165236],[-87.264935,30.165256],[-87.261855,30.165326],[-87.258295,30.165426],[-87.254535,30.165576],[-87.250995,30.165786],[-87.246625,30.166126],[-87.244545,30.166306],[-87.240555,30.166506],[-87.234805,30.166816],[-87.232075,30.166986],[-87.229295,30.167206],[-87.226735,30.167446],[-87.225945,30.167526],[-87.201835,30.169996],[-87.201035,30.170086],[-87.199855,30.170216],[-87.180025,30.172446],[-87.176925,30.172816],[-87.174455,30.173146],[-87.172615,30.173416],[-87.155385,30.176016],[-87.133615,30.178536],[-87.128425,30.179346],[-87.120045,30.180596],[-87.106635,30.183096],[-87.078295,30.188356],[-87.056425,30.192406],[-87.045085,30.194596],[-87.038825,30.195806],[-87.030525,30.197566],[-87.028145,30.198016],[-87.012345,30.201066],[-87.007515,30.201816],[-87.005355,30.202156],[-87.002985,30.202576],[-86.978405,30.206956],[-86.977975,30.207016],[-86.975905,30.207346],[-86.961625,30.209696],[-86.958235,30.210236],[-86.947115,30.212016],[-86.928725,30.215506],[-86.927805,30.215666],[-86.925285,30.216096],[-86.918335,30.217643],[-86.906045,30.219386],[-86.904205,30.219706],[-86.902375,30.220036],[-86.888915,30.222606],[-86.877635,30.224416],[-86.855605,30.227926],[-86.83819,30.230249],[-86.831695,30.231116],[-86.827445,30.231646],[-86.826995,30.231706],[-86.818035,30.233016],[-86.803379,30.234956],[-86.790115,30.235946],[-86.777255,30.237416],[-86.752365,30.240256],[-86.742175,30.241306],[-86.727065,30.242536],[-86.713485,30.243636],[-86.705605,30.243866],[-86.702475,30.243986],[-86.700185,30.244106],[-86.687655,30.244826],[-86.676875,30.245156],[-86.666455,30.245506],[-86.650275,30.246056],[-86.640585,30.246316],[-86.638415,30.246296],[-86.631825,30.246016],[-86.626695,30.245726],[-86.624835,30.245626],[-86.622545,30.245386],[-86.614945,30.244606],[-86.613725,30.244486],[-86.612295,30.244346],[-86.603435,30.243556],[-86.601795,30.243416],[-86.599535,30.243246],[-86.597885,30.243136],[-86.595625,30.243016],[-86.594175,30.242946],[-86.591305,30.242826],[-86.588556,30.242293],[-86.585075,30.241656],[-86.582435,30.241216],[-86.579185,30.240726],[-86.576735,30.240376],[-86.573275,30.239956],[-86.570005,30.239616],[-86.567355,30.239336],[-86.561995,30.237816],[-86.559385,30.237146],[-86.557185,30.236596],[-86.553145,30.235676],[-86.549485,30.234916],[-86.546625,30.234376],[-86.540675,30.233386],[-86.536555,30.232806],[-86.531375,30.232206],[-86.528055,30.231896],[-86.523895,30.231586],[-86.519515,30.231346],[-86.515335,30.231216],[-86.510745,30.231166],[-86.506355,30.231216],[-86.501765,30.231376],[-86.498015,30.231586],[-86.494045,30.231856],[-86.488215,30.232326],[-86.484495,30.232606],[-86.480405,30.232816],[-86.478155,30.232976],[-86.476215,30.233026],[-86.465135,30.233086],[-86.459245,30.233006],[-86.455525,30.232756],[-86.453255,30.232606],[-86.450985,30.232496],[-86.448705,30.232406],[-86.447675,30.232376],[-86.445605,30.232316],[-86.432297,30.231064],[-86.426055,30.230476],[-86.419265,30.229826],[-86.410865,30.228816],[-86.402625,30.227416],[-86.399645,30.226962],[-86.392855,30.226006],[-86.390585,30.225756],[-86.388525,30.225546],[-86.387705,30.225476],[-86.385015,30.225226],[-86.382645,30.224796],[-86.379655,30.224286],[-86.375935,30.223706],[-86.373925,30.223416],[-86.372615,30.223146],[-86.368925,30.222446],[-86.366055,30.221946],[-86.362555,30.221396],[-86.358625,30.220856],[-86.355635,30.220326],[-86.352595,30.219756],[-86.350555,30.219386],[-86.348305,30.219006],[-86.344665,30.218416],[-86.328235,30.214706],[-86.325815,30.214066],[-86.318885,30.212246],[-86.316685,30.211686],[-86.313455,30.210916],[-86.310625,30.210276],[-86.308395,30.209816],[-86.306385,30.209406],[-86.299118,30.207265],[-86.294745,30.205976],[-86.293175,30.205516],[-86.291195,30.204966],[-86.282325,30.202526],[-86.281085,30.202096],[-86.277865,30.201026],[-86.275365,30.200246],[-86.269895,30.198646],[-86.258015,30.195346],[-86.232415,30.188126],[-86.225705,30.185946],[-86.223815,30.185336],[-86.222865,30.185026],[-86.220955,30.184426],[-86.218065,30.183566],[-86.205495,30.179926],[-86.193305,30.176406],[-86.190485,30.175566],[-86.187505,30.174456],[-86.185015,30.173566],[-86.180385,30.171996],[-86.173805,30.169976],[-86.158705,30.165646],[-86.149805,30.162916],[-86.135895,30.157776],[-86.134455,30.157246],[-86.130735,30.155916],[-86.125685,30.154096],[-86.107465,30.147546],[-86.086405,30.139805],[-86.082435,30.138346],[-86.075725,30.135816],[-86.074075,30.135196],[-86.066665,30.132126],[-86.060925,30.129696],[-86.059805,30.129226],[-86.057565,30.128316],[-86.052405,30.126276],[-86.046955,30.123966],[-86.045765,30.123466],[-86.031315,30.117516],[-86.025804,30.115116],[-86.021384,30.113176],[-86.017774,30.111546],[-86.009604,30.107856],[-86.007934,30.107116],[-86.005504,30.106066],[-86.003044,30.104786],[-86.000774,30.103606],[-86.000127,30.103276],[-85.975934,30.090926],[-85.973164,30.089506],[-85.972104,30.088936],[-85.965964,30.085826],[-85.956854,30.080846],[-85.954344,30.079446],[-85.951894,30.078136],[-85.946624,30.075176],[-85.944534,30.074066],[-85.940165,30.071785],[-85.936794,30.070026],[-85.931774,30.067306],[-85.931144,30.066966],[-85.926134,30.064086],[-85.914574,30.057456],[-85.905204,30.051886],[-85.893504,30.045296],[-85.889696,30.04285],[-85.888584,30.042136],[-85.882994,30.038246],[-85.879865,30.035988],[-85.876384,30.033476],[-85.873944,30.031706],[-85.872864,30.030796],[-85.871354,30.029066],[-85.868924,30.026376],[-85.865044,30.022366],[-85.861444,30.018866],[-85.856534,30.014426],[-85.850204,30.009206],[-85.843404,30.004146],[-85.838564,30.000706],[-85.835114,29.998366],[-85.833104,29.997066],[-85.830404,29.995376],[-85.826614,29.993116],[-85.824094,29.991546],[-85.821324,29.989646],[-85.813304,29.984256],[-85.811494,29.983056],[-85.808664,29.981236],[-85.806474,29.979896],[-85.803564,29.978166],[-85.802514,29.977566],[-85.790744,29.970836],[-85.788994,29.969856],[-85.785984,29.968216],[-85.784194,29.967276],[-85.781494,29.965906],[-85.777104,29.963726],[-85.776114,29.963236],[-85.773964,29.962186],[-85.772164,29.961336],[-85.770354,29.960506],[-85.768344,29.959606],[-85.758463,29.955262],[-85.741524,29.947816],[-85.739294,29.946856],[-85.735924,29.945466],[-85.732894,29.944286],[-85.730794,29.943496],[-85.728124,29.942536],[-85.726574,29.942006],[-85.724274,29.941236],[-85.721044,29.940176],[-85.718304,29.939066],[-85.715674,29.938026],[-85.713974,29.937376],[-85.713214,29.937086],[-85.711324,29.936386],[-85.709794,29.935846],[-85.708654,29.934606],[-85.705154,29.930786],[-85.705034,29.930646],[-85.703524,29.929026],[-85.702044,29.927526],[-85.700824,29.926296],[-85.686274,29.912006],[-85.685444,29.911196],[-85.684204,29.910016],[-85.682804,29.908706],[-85.681384,29.907406],[-85.679514,29.905746],[-85.677824,29.904256],[-85.675724,29.902416],[-85.674524,29.901316],[-85.672554,29.899546],[-85.670664,29.897646],[-85.668744,29.895766],[-85.667344,29.894456],[-85.665364,29.892636],[-85.663784,29.891216],[-85.662184,29.889836],[-85.648834,29.878406],[-85.647264,29.877126],[-85.645874,29.875916],[-85.644574,29.874866],[-85.632034,29.864826],[-85.631734,29.864586],[-85.630494,29.863686],[-85.628894,29.862446],[-85.627284,29.861156],[-85.625414,29.859786],[-85.624014,29.858776],[-85.619164,29.855376],[-85.618044,29.854596],[-85.616594,29.853596],[-85.614804,29.852406],[-85.612494,29.850916],[-85.608274,29.848226],[-85.606434,29.847106],[-85.604724,29.846126],[-85.601863,29.844576],[-85.598774,29.842896],[-85.593214,29.839646],[-85.591284,29.838656],[-85.589624,29.837566],[-85.589694,29.835766],[-85.589744,29.833786],[-85.589764,29.830726],[-85.589714,29.828026],[-85.589654,29.826226],[-85.589584,29.824786],[-85.588984,29.813136],[-85.588904,29.811866],[-85.588724,29.809326],[-85.588494,29.806796],[-85.588254,29.804626],[-85.588004,29.802666],[-85.586484,29.790916],[-85.586284,29.789496],[-85.585884,29.786836],[-85.585334,29.783646],[-85.584814,29.781016],[-85.579894,29.757406],[-85.577774,29.748376],[-85.577644,29.747856],[-85.577174,29.745946],[-85.576674,29.744056],[-85.573214,29.731206],[-85.572824,29.729796],[-85.572374,29.728226],[-85.570244,29.721026],[-85.569724,29.719326],[-85.569134,29.717466],[-85.568434,29.715326],[-85.564754,29.704045],[-85.562404,29.697535],[-85.561894,29.696135],[-85.560284,29.691845],[-85.558134,29.686395],[-85.557324,29.684355],[-85.552044,29.671585],[-85.544594,29.653505],[-85.543744,29.651525],[-85.542744,29.649345],[-85.541614,29.647025],[-85.535774,29.635245],[-85.534764,29.633275],[-85.533744,29.631325],[-85.531994,29.628235],[-85.526204,29.618695],[-85.524371,29.615767],[-85.522654,29.613135],[-85.520614,29.610175],[-85.509664,29.594635],[-85.508454,29.592945],[-85.507234,29.591275],[-85.505724,29.589315],[-85.504554,29.587815],[-85.503604,29.586635],[-85.501384,29.583885],[-85.495064,29.576085],[-85.494584,29.575495],[-85.493614,29.574315],[-85.492254,29.572715],[-85.491254,29.571565],[-85.488194,29.568175],[-85.486474,29.566355],[-85.484734,29.564565],[-85.482814,29.562665],[-85.481144,29.561055],[-85.474454,29.554705],[-85.473324,29.553645],[-85.470884,29.551415],[-85.467614,29.548665],[-85.465044,29.546655],[-85.462134,29.544395],[-85.458754,29.541775],[-85.456244,29.539915],[-85.453344,29.537855],[-85.448224,29.534435],[-85.440894,29.530065],[-85.435994,29.527415],[-85.431344,29.525075],[-85.428074,29.523525],[-85.424024,29.521725],[-85.418234,29.519335],[-85.414454,29.517835],[-85.410244,29.516265],[-85.406384,29.514935],[-85.403464,29.513995],[-85.398744,29.512555],[-85.395974,29.511785],[-85.392594,29.510905],[-85.388784,29.509985],[-85.384554,29.509055],[-85.379734,29.508125],[-85.377898,29.507824],[-85.373874,29.507165],[-85.372854,29.507015],[-85.365674,29.506165],[-85.358654,29.505595],[-85.354514,29.505375],[-85.348494,29.505215],[-85.342064,29.505255],[-85.335434,29.505505],[-85.325954,29.506255],[-85.321014,29.506835],[-85.313664,29.507935],[-85.308394,29.508895],[-85.302954,29.510045],[-85.297764,29.511305],[-85.293024,29.512595],[-85.288314,29.513995],[-85.285014,29.515065],[-85.281924,29.516125],[-85.279244,29.517085],[-85.277344,29.517805],[-85.275824,29.518395],[-85.273374,29.519365],[-85.269274,29.521105],[-85.266324,29.522425],[-85.263944,29.523545],[-85.262324,29.524315],[-85.261774,29.524595],[-85.261114,29.524105],[-85.260394,29.524475],[-85.259674,29.524815],[-85.258264,29.523785],[-85.255874,29.522085],[-85.253784,29.520655],[-85.252314,29.519675],[-85.246244,29.515665],[-85.243434,29.513835],[-85.240744,29.512175],[-85.238864,29.511055],[-85.236474,29.509655],[-85.233354,29.507915],[-85.230374,29.506335],[-85.223634,29.502835],[-85.221854,29.501915],[-85.218794,29.500415],[-85.215704,29.498955],[-85.213694,29.498045],[-85.211459,29.49707],[-85.207994,29.495585],[-85.204064,29.493935],[-85.200484,29.492535],[-85.196074,29.491025],[-85.193344,29.490175],[-85.190014,29.489205],[-85.186854,29.488345],[-85.185304,29.487935],[-85.184754,29.487785],[-85.184074,29.487115],[-85.182794,29.486745],[-85.180654,29.486125],[-85.177914,29.485365],[-85.177124,29.485165],[-85.174474,29.483275],[-85.168324,29.477905],[-85.165914,29.475905],[-85.162534,29.473235],[-85.159244,29.470755],[-85.153914,29.467015],[-85.150784,29.464945],[-85.147584,29.462935],[-85.143634,29.460595],[-85.132124,29.454495],[-85.129574,29.453285],[-85.123834,29.450745],[-85.118964,29.448745],[-85.112674,29.446415],[-85.109204,29.445265],[-85.104144,29.443675],[-85.096844,29.441665],[-85.087034,29.439445],[-85.082114,29.438535],[-85.076394,29.437695],[-85.070434,29.436985],[-85.065074,29.436515],[-85.060324,29.436225],[-85.051004,29.435985],[-85.044784,29.436075],[-85.036314,29.436505],[-85.030374,29.437025],[-85.022844,29.437955],[-85.019804,29.438405],[-85.005834,29.440645],[-85.000784,29.441685],[-84.995694,29.443065],[-84.990154,29.444335],[-84.985014,29.445555],[-84.980484,29.446755],[-84.977734,29.447545],[-84.959264,29.452985],[-84.942294,29.457615],[-84.938274,29.458765],[-84.934824,29.459825],[-84.931764,29.460825],[-84.919124,29.465055],[-84.914284,29.466115],[-84.909494,29.467295],[-84.904944,29.468535],[-84.900634,29.469825],[-84.896364,29.471215],[-84.892704,29.472505],[-84.889464,29.473705],[-84.886274,29.474955],[-84.882124,29.476655],[-84.878414,29.478275],[-84.875114,29.479805],[-84.872754,29.480955],[-84.867554,29.483625],[-84.862294,29.486555],[-84.857674,29.489325],[-84.852394,29.492125],[-84.848174,29.494365],[-84.839154,29.499285],[-84.836504,29.500745],[-84.818964,29.510395],[-84.807034,29.516955],[-84.802424,29.519565],[-84.797324,29.522055],[-84.790064,29.524975],[-84.787504,29.525905],[-84.786214,29.526225],[-84.783864,29.526815],[-84.771714,29.529865],[-84.768134,29.530795],[-84.765024,29.531665],[-84.759814,29.533255],[-84.758544,29.533665],[-84.738194,29.540685],[-84.735074,29.541805],[-84.732074,29.542925],[-84.731324,29.543215],[-84.726894,29.544935],[-84.722744,29.546615],[-84.719204,29.548135],[-84.717724,29.548795],[-84.713114,29.550885],[-84.710554,29.552065],[-84.707124,29.553745],[-84.703914,29.555375],[-84.701974,29.556405],[-84.700574,29.557165],[-84.694344,29.560155],[-84.692014,29.561295],[-84.689354,29.562645],[-84.686734,29.564045],[-84.684674,29.565165],[-84.676914,29.569485],[-84.673164,29.571655],[-84.670104,29.573495],[-84.667754,29.574965],[-84.664934,29.576815],[-84.662974,29.578145],[-84.660714,29.579725],[-84.659434,29.580645],[-84.654844,29.583985],[-84.652774,29.585505],[-84.650744,29.587055],[-84.648744,29.588625],[-84.646614,29.590355],[-84.643784,29.592746],[-84.642034,29.594286],[-84.635014,29.600516],[-84.633203,29.602129],[-84.627694,29.607036],[-84.620129,29.613279],[-84.618594,29.614546],[-84.615574,29.617036],[-84.61446,29.618569],[-84.612824,29.619346],[-84.600744,29.629756],[-84.593314,29.636536],[-84.592484,29.637286],[-84.590854,29.638816],[-84.589414,29.640026],[-84.588684,29.640746],[-84.587204,29.641186],[-84.584194,29.641986],[-84.574384,29.644576],[-84.571814,29.645266],[-84.569064,29.646046],[-84.565734,29.647066],[-84.561284,29.648536],[-84.557064,29.650046],[-84.551674,29.652036],[-84.548474,29.653246],[-84.545294,29.654526],[-84.542144,29.655856],[-84.538544,29.657466],[-84.533904,29.659586],[-84.530534,29.661156],[-84.526644,29.662596],[-84.525704,29.662936],[-84.522704,29.664116],[-84.519294,29.665496],[-84.515774,29.667026],[-84.511374,29.668976],[-84.508334,29.670146],[-84.504194,29.671816],[-84.498264,29.674456],[-84.491034,29.678006],[-84.485907,29.681322],[-84.480564,29.683896],[-84.477854,29.685576],[-84.474524,29.687736],[-84.471574,29.689746],[-84.468364,29.692046],[-84.464894,29.694646],[-84.460164,29.698446],[-84.457474,29.700726],[-84.454854,29.703056],[-84.451584,29.706106],[-84.447744,29.709926],[-84.445614,29.712166],[-84.442804,29.715156],[-84.440084,29.718146],[-84.436724,29.722066],[-84.432224,29.727746],[-84.430094,29.730646],[-84.428034,29.733596],[-84.425044,29.738166],[-84.422724,29.742016],[-84.421094,29.744876],[-84.419954,29.746966],[-84.419154,29.746796],[-84.417734,29.746516],[-84.416924,29.746366],[-84.414694,29.745956],[-84.411555,29.745645],[-84.406714,29.744706],[-84.403034,29.744246],[-84.397054,29.743646],[-84.391274,29.743236],[-84.385884,29.743016],[-84.380084,29.742936],[-84.374314,29.743036],[-84.371014,29.743146],[-84.365988,29.743382],[-84.363424,29.743516],[-84.359094,29.743816],[-84.355384,29.744146],[-84.349844,29.744766],[-84.344124,29.745586],[-84.340874,29.746126],[-84.338424,29.746546],[-84.334374,29.746846],[-84.328834,29.747386],[-84.323274,29.748096],[-84.318964,29.748756],[-84.314884,29.749466],[-84.309004,29.750656],[-84.302374,29.752226],[-84.297404,29.753576],[-84.293314,29.754736],[-84.290974,29.755416],[-84.286714,29.756746],[-84.282314,29.758236],[-84.277334,29.760056],[-84.273934,29.761406],[-84.270004,29.763056],[-84.266674,29.764546],[-84.263014,29.766266],[-84.259234,29.768156],[-84.256384,29.769656],[-84.252874,29.771586],[-84.250104,29.773186],[-84.247534,29.774736],[-84.245174,29.776216],[-84.243334,29.777386],[-84.239284,29.780046],[-84.236694,29.781776],[-84.233804,29.783806],[-84.230314,29.786346],[-84.227194,29.788756],[-84.222934,29.792226],[-84.220854,29.794016],[-84.217944,29.796606],[-84.215954,29.798476],[-84.211804,29.802556],[-84.206154,29.808626],[-84.202314,29.813156],[-84.199594,29.816596],[-84.196424,29.820866],[-84.194124,29.824196],[-84.191434,29.828186],[-84.189984,29.830386],[-84.187684,29.834066],[-84.185504,29.837786],[-84.183444,29.841556],[-84.181994,29.844366],[-84.180464,29.847556],[-84.179554,29.849506],[-84.175744,29.857646],[-84.174694,29.859976],[-84.172784,29.864506],[-84.171544,29.867726],[-84.170244,29.871336],[-84.168914,29.875506],[-84.167714,29.879696],[-84.166774,29.883386],[-84.164384,29.893376],[-84.163474,29.897466],[-84.162454,29.903006],[-84.161924,29.906586],[-84.161494,29.910196],[-84.161044,29.915366],[-84.160801,29.921272],[-84.159544,29.921296],[-84.157274,29.921406],[-84.153554,29.921596],[-84.145944,29.922236],[-84.139564,29.922926],[-84.125814,29.924596],[-84.123564,29.924966],[-84.120504,29.925506],[-84.116434,29.926306],[-84.112194,29.927236],[-84.109184,29.927956],[-84.105594,29.928886],[-84.101424,29.930056],[-84.097294,29.931316],[-84.092434,29.932936],[-84.089164,29.934106],[-84.086294,29.935186],[-84.083824,29.936166],[-84.080824,29.936656],[-84.079224,29.936936],[-84.076332,29.937496],[-84.073754,29.938016],[-84.070934,29.938626],[-84.067724,29.939376],[-84.064924,29.940086],[-84.063704,29.938846],[-84.060774,29.936006],[-84.058204,29.933636],[-84.055424,29.931176],[-84.052274,29.928526],[-84.048904,29.925816],[-84.046234,29.923786],[-84.042544,29.921116],[-84.038294,29.918186],[-84.034434,29.915726],[-84.030154,29.913126],[-84.026694,29.911146],[-84.021794,29.908526],[-84.016254,29.905776],[-84.011864,29.903786],[-84.007594,29.901956],[-84.004784,29.900816],[-84.001954,29.899736],[-83.999959,29.898954],[-83.997264,29.897616],[-83.994544,29.896306],[-83.991584,29.894946],[-83.988804,29.893726],[-83.985234,29.892246],[-83.981434,29.890756],[-83.977744,29.888906],[-83.974404,29.887266],[-83.972644,29.886426],[-83.969734,29.882916],[-83.966384,29.878966],[-83.963424,29.875686],[-83.960214,29.872336],[-83.956904,29.869076],[-83.954204,29.866546],[-83.949954,29.862816],[-83.945864,29.859466],[-83.941364,29.856006],[-83.937844,29.853466],[-83.932774,29.850036],[-83.929244,29.847806],[-83.925144,29.845346],[-83.922534,29.843866],[-83.919004,29.841946],[-83.914514,29.839666],[-83.908664,29.836906],[-83.903264,29.834576],[-83.899104,29.832926],[-83.894314,29.831166],[-83.888304,29.829156],[-83.882884,29.827366],[-83.878784,29.826246],[-83.875244,29.825366],[-83.866014,29.823376],[-83.862164,29.822686],[-83.859314,29.822226],[-83.853984,29.821476],[-83.849664,29.820986],[-83.842644,29.820386],[-83.837884,29.820116],[-83.832704,29.819966],[-83.830294,29.819726],[-83.828304,29.818476],[-83.823034,29.815356],[-83.818834,29.813036],[-83.813294,29.810196],[-83.808924,29.808106],[-83.806514,29.807036],[-83.804294,29.806086],[-83.802054,29.805136],[-83.800354,29.804446],[-83.797474,29.803026],[-83.795344,29.801936],[-83.793834,29.800716],[-83.792304,29.799516],[-83.790614,29.798226],[-83.787634,29.796036],[-83.784954,29.793826],[-83.783074,29.792166],[-83.780904,29.790046],[-83.779944,29.788466],[-83.778584,29.786246],[-83.777344,29.783826],[-83.775794,29.780746],[-83.774004,29.777346],[-83.772264,29.774246],[-83.771214,29.772466],[-83.769944,29.770386],[-83.768324,29.767846],[-83.766974,29.765806],[-83.765364,29.763466],[-83.763364,29.760696],[-83.761884,29.758726],[-83.760254,29.756626],[-83.758814,29.754836],[-83.757474,29.753216],[-83.756794,29.750626],[-83.756294,29.746886],[-83.755844,29.742946],[-83.755514,29.740626],[-83.754824,29.736516],[-83.754314,29.733826],[-83.753284,29.729186],[-83.752334,29.725466],[-83.751384,29.722116],[-83.750394,29.718966],[-83.748904,29.714616],[-83.747864,29.711856],[-83.746554,29.708596],[-83.745154,29.705376],[-83.743434,29.701666],[-83.741684,29.698176],[-83.740374,29.695696],[-83.738644,29.692606],[-83.736624,29.689216],[-83.734224,29.685406],[-83.732224,29.682426],[-83.731024,29.680726],[-83.729344,29.678426],[-83.727854,29.675846],[-83.726624,29.673556],[-83.725624,29.671766],[-83.723644,29.668386],[-83.721474,29.664886],[-83.719414,29.661786],[-83.717494,29.659006],[-83.714604,29.655076],[-83.712494,29.652306],[-83.710074,29.649196],[-83.708264,29.646976],[-83.705784,29.644056],[-83.703224,29.641196],[-83.699654,29.637416],[-83.697324,29.635096],[-83.692504,29.630566],[-83.687334,29.626096],[-83.684894,29.624116],[-83.682574,29.622306],[-83.678464,29.619236],[-83.675394,29.617086],[-83.671424,29.614426],[-83.667244,29.611796],[-83.664194,29.609986],[-83.660384,29.607826],[-83.657384,29.606216],[-83.652914,29.603956],[-83.647984,29.601636],[-83.643544,29.599696],[-83.640364,29.598396],[-83.637714,29.597356],[-83.635054,29.596366],[-83.631204,29.595016],[-83.628504,29.594116],[-83.625524,29.593116],[-83.623794,29.592596],[-83.622044,29.592096],[-83.620544,29.591506],[-83.618604,29.590526],[-83.616664,29.589576],[-83.614404,29.588426],[-83.612194,29.586256],[-83.610644,29.584796],[-83.607634,29.582046],[-83.604534,29.579356],[-83.601824,29.577116],[-83.599524,29.575296],[-83.597494,29.573726],[-83.595444,29.572196],[-83.592234,29.569906],[-83.588964,29.567666],[-83.586304,29.565936],[-83.583774,29.564356],[-83.582074,29.563326],[-83.581934,29.561146],[-83.581724,29.558606],[-83.581484,29.556256],[-83.581134,29.553366],[-83.580464,29.548856],[-83.579964,29.545986],[-83.579294,29.542766],[-83.577934,29.537066],[-83.577114,29.534066],[-83.575834,29.529846],[-83.57541,29.527009],[-83.575164,29.525246],[-83.574784,29.522766],[-83.574414,29.520656],[-83.573764,29.517316],[-83.573374,29.514846],[-83.573104,29.511446],[-83.572434,29.505366],[-83.572104,29.501616],[-83.572044,29.498896],[-83.571914,29.496186],[-83.571674,29.492756],[-83.571374,29.489516],[-83.570984,29.486276],[-83.570314,29.481796],[-83.569674,29.478236],[-83.569084,29.475406],[-83.568264,29.471856],[-83.567394,29.468516],[-83.566334,29.464846],[-83.565454,29.462056],[-83.564504,29.459286],[-83.563374,29.456186],[-83.562164,29.453105],[-83.560874,29.450045],[-83.559204,29.446345],[-83.557914,29.443685],[-83.556404,29.440705],[-83.554264,29.436795],[-83.552764,29.434205],[-83.550904,29.431155],[-83.549174,29.428475],[-83.547064,29.425345],[-83.544194,29.421355],[-83.541294,29.417585],[-83.538764,29.414495],[-83.535884,29.411165],[-83.533434,29.408465],[-83.530234,29.405135],[-83.526924,29.401875],[-83.524224,29.399365],[-83.521024,29.396525],[-83.517314,29.393405],[-83.515234,29.391745],[-83.511824,29.389125],[-83.508654,29.386815],[-83.504934,29.384235],[-83.500964,29.381645],[-83.496574,29.378925],[-83.492144,29.376235],[-83.489194,29.374565],[-83.486734,29.373215],[-83.480664,29.370085],[-83.473524,29.366785],[-83.468864,29.364805],[-83.464454,29.362545],[-83.461274,29.360835],[-83.455744,29.358105],[-83.448834,29.354905],[-83.444474,29.353015],[-83.439414,29.351045],[-83.435664,29.349705],[-83.430714,29.343425],[-83.426444,29.338515],[-83.422624,29.334445],[-83.419214,29.331035],[-83.417244,29.329165],[-83.414804,29.326935],[-83.410384,29.323105],[-83.406884,29.320265],[-83.402514,29.316925],[-83.397354,29.313275],[-83.393394,29.310645],[-83.388664,29.307715],[-83.384874,29.305515],[-83.380244,29.302795],[-83.378504,29.301815],[-83.376574,29.300755],[-83.374284,29.299525],[-83.372144,29.298425],[-83.369254,29.297005],[-83.367444,29.296135],[-83.364154,29.294625],[-83.361244,29.293355],[-83.359804,29.292745],[-83.357234,29.291705],[-83.356454,29.290455],[-83.355744,29.289375],[-83.355034,29.288285],[-83.354944,29.286095],[-83.354884,29.284105],[-83.354734,29.281205],[-83.354534,29.278495],[-83.354314,29.276145],[-83.354034,29.273615],[-83.353734,29.271275],[-83.353444,29.269295],[-83.352874,29.265885],[-83.352324,29.263025],[-83.351754,29.260355],[-83.351164,29.257855],[-83.350344,29.254675],[-83.349614,29.252045],[-83.348464,29.248365],[-83.347474,29.245405],[-83.346794,29.243495],[-83.34618,29.241873],[-83.345064,29.239025],[-83.343774,29.235965],[-83.342184,29.232425],[-83.341064,29.230075],[-83.339384,29.226765],[-83.337254,29.222835],[-83.335094,29.219135],[-83.333114,29.215945],[-83.330424,29.211865],[-83.328354,29.208945],[-83.326334,29.206205],[-83.323894,29.203065],[-83.320864,29.199395],[-83.317454,29.195525],[-83.315234,29.193135],[-83.312284,29.190115],[-83.309394,29.187305],[-83.306574,29.184685],[-83.303384,29.181885],[-83.298734,29.178035],[-83.295634,29.175625],[-83.291984,29.172935],[-83.288424,29.170445],[-83.286124,29.168905],[-83.281744,29.166145],[-83.277984,29.163895],[-83.273614,29.161445],[-83.269354,29.159205],[-83.265564,29.157345],[-83.262084,29.155725],[-83.262874,29.151455],[-83.263544,29.146985],[-83.263864,29.144475],[-83.264314,29.139805],[-83.264534,29.136375],[-83.264684,29.132195],[-83.264724,29.129305],[-83.264704,29.127495],[-83.264524,29.122415],[-83.264314,29.119155],[-83.263864,29.114455],[-83.263374,29.110675],[-83.262744,29.106725],[-83.262144,29.103505],[-83.261214,29.099225],[-83.260474,29.096215],[-83.259124,29.091345],[-83.258024,29.087855],[-83.257024,29.084895],[-83.255884,29.081795],[-83.253744,29.076505],[-83.252014,29.072625],[-83.250254,29.068945],[-83.247664,29.063205],[-83.245414,29.058715],[-83.242734,29.053805],[-83.238034,29.046175],[-83.234204,29.040625],[-83.231464,29.036835],[-83.230124,29.034365],[-83.227192,29.030269],[-83.224654,29.025395],[-83.222434,29.022115],[-83.220564,29.019495],[-83.218634,29.016925],[-83.216284,29.013935],[-83.214344,29.011575],[-83.211724,29.008535],[-83.211111,29.007853],[-83.209684,29.006265],[-83.208339,29.004836],[-83.205834,29.002235],[-83.202694,28.999125],[-83.198274,28.995055],[-83.195353,28.992531],[-83.192102,28.989849],[-83.190494,28.988565],[-83.18791,28.986578],[-83.184374,28.983985],[-83.179664,28.980745],[-83.175504,28.978065],[-83.168124,28.973495],[-83.165084,28.971645],[-83.160274,28.968885],[-83.156084,28.966655],[-83.150754,28.964005],[-83.143034,28.960555],[-83.135324,28.957525],[-83.128604,28.955205],[-83.122174,28.953255],[-83.117444,28.951955],[-83.110284,28.950255],[-83.104654,28.949125],[-83.099604,28.948255],[-83.093904,28.947445],[-83.089204,28.946905],[-83.084444,28.946415],[-83.082184,28.946195],[-83.078474,28.945895],[-83.074564,28.945655],[-83.070024,28.945475],[-83.064854,28.945395],[-83.058664,28.945485],[-83.054764,28.945645],[-83.052094,28.945795],[-83.051484,28.945835],[-83.047594,28.945545],[-83.043894,28.945305],[-83.037314,28.945055],[-83.032374,28.945025],[-83.026604,28.945135],[-83.021674,28.945365],[-83.017774,28.945645],[-83.014294,28.945955],[-83.010284,28.946355],[-83.005684,28.946805],[-83.001584,28.947305],[-82.997924,28.947825],[-82.992654,28.948695],[-82.984814,28.950275],[-82.978454,28.951815],[-82.972554,28.953455],[-82.966924,28.955215],[-82.963074,28.956525],[-82.958704,28.958135],[-82.954204,28.959925],[-82.949404,28.961975],[-82.945574,28.963755],[-82.946044,28.960515],[-82.946444,28.957085],[-82.946744,28.953825],[-82.947004,28.949835],[-82.947124,28.946565],[-82.947154,28.943115],[-82.947034,28.937675],[-82.946884,28.934775],[-82.946594,28.931145],[-82.946114,28.926815],[-82.945644,28.923385],[-82.945084,28.919965],[-82.944274,28.915845],[-82.942874,28.910905],[-82.941774,28.906835],[-82.940264,28.901915],[-82.938824,28.897735],[-82.936904,28.892745],[-82.934854,28.887985],[-82.931714,28.881455],[-82.929324,28.877025],[-82.928874,28.876215],[-82.927174,28.873315],[-82.924294,28.868695],[-82.921334,28.864335],[-82.920014,28.862485],[-82.919814,28.861725],[-82.918474,28.859905],[-82.915804,28.856505],[-82.916874,28.853665],[-82.918594,28.849435],[-82.919884,28.846005],[-82.921574,28.840975],[-82.923124,28.835735],[-82.924274,28.831145],[-82.925354,28.826165],[-82.926254,28.820965],[-82.927184,28.813585],[-82.927434,28.810705],[-82.927624,28.807795],[-82.927784,28.804005],[-82.927804,28.801465],[-82.927784,28.797475],[-82.927544,28.792405],[-82.927174,28.787705],[-82.926954,28.785725],[-82.926554,28.782475],[-82.926064,28.779255],[-82.925394,28.775485],[-82.924414,28.770855],[-82.923504,28.767135],[-82.922484,28.763435],[-82.921244,28.759415],[-82.920504,28.757155],[-82.919444,28.754215],[-82.917994,28.750445],[-82.916994,28.748065],[-82.915364,28.744345],[-82.911404,28.736385],[-82.908714,28.731305],[-82.907234,28.727935],[-82.904754,28.722785],[-82.901964,28.717545],[-82.899914,28.714005],[-82.896234,28.708155],[-82.890424,28.700005],[-82.890144,28.697485],[-82.889934,28.695865],[-82.889548,28.693218],[-82.888874,28.689225],[-82.888274,28.686195],[-82.887384,28.682295],[-82.885644,28.675775],[-82.884274,28.671405],[-82.882564,28.666565],[-82.881174,28.662995],[-82.880674,28.659405],[-82.879974,28.653995],[-82.878804,28.647355],[-82.877564,28.641825],[-82.876494,28.637755],[-82.875674,28.634935],[-82.873414,28.628135],[-82.870864,28.621605],[-82.867914,28.615035],[-82.864964,28.609245],[-82.863524,28.606645],[-82.862224,28.604365],[-82.860184,28.601015],[-82.857634,28.597085],[-82.855174,28.593535],[-82.852484,28.589895],[-82.848964,28.585435],[-82.845254,28.581105],[-82.842824,28.578415],[-82.840734,28.576205],[-82.839144,28.574585],[-82.840444,28.572325],[-82.842404,28.568735],[-82.845224,28.563115],[-82.847564,28.557895],[-82.849554,28.552945],[-82.851584,28.547245],[-82.853194,28.542005],[-82.854224,28.538185],[-82.855104,28.534525],[-82.855494,28.532755],[-82.856454,28.527745],[-82.856924,28.524875],[-82.857084,28.521875],[-82.857474,28.518625],[-82.857854,28.514645],[-82.858134,28.510105],[-82.858234,28.507565],[-82.858274,28.503575],[-82.858184,28.499035],[-82.857954,28.494855],[-82.857574,28.490385],[-82.857024,28.486115],[-82.856634,28.483615],[-82.855794,28.478995],[-82.855434,28.477215],[-82.856544,28.475485],[-82.857524,28.473895],[-82.858874,28.471655],[-82.860444,28.468905],[-82.861094,28.467245],[-82.862404,28.464795],[-82.864054,28.461485],[-82.865844,28.457655],[-82.867994,28.452585],[-82.869564,28.448475],[-82.870944,28.445265],[-82.871794,28.442655],[-82.873434,28.437035],[-82.874074,28.434565],[-82.874944,28.430791],[-82.875734,28.426905],[-82.876624,28.421525],[-82.877264,28.416475],[-82.877514,28.413945],[-82.877614,28.412685],[-82.878394,28.410465],[-82.880064,28.406035],[-82.881754,28.401015],[-82.883204,28.396095],[-82.883904,28.393435],[-82.884764,28.390645],[-82.886754,28.386665],[-82.887694,28.384655],[-82.889634,28.380245],[-82.891654,28.375105],[-82.892284,28.373375],[-82.893304,28.370425],[-82.893924,28.368505],[-82.894934,28.365175],[-82.896644,28.358645],[-82.897364,28.357015],[-82.900394,28.356235],[-82.904894,28.354995],[-82.910494,28.353265],[-82.912794,28.352505],[-82.912814,28.351915],[-82.916814,28.350355],[-82.920964,28.348785],[-82.927094,28.346235],[-82.930924,28.344505],[-82.933814,28.343125],[-82.937734,28.341155],[-82.940724,28.339565],[-82.946764,28.336125],[-82.953784,28.331705],[-82.959264,28.327905],[-82.963494,28.324745],[-82.968954,28.320345],[-82.974184,28.315745],[-82.978634,28.311485],[-82.983814,28.306095],[-82.988214,28.301075],[-82.992584,28.295595],[-82.996474,28.290265],[-82.999714,28.285415],[-83.000994,28.283345],[-83.002824,28.280295],[-83.005194,28.276055],[-83.007404,28.271755],[-83.009164,28.268075],[-83.009924,28.266385],[-83.010944,28.264005],[-83.012404,28.260415],[-83.013994,28.256095],[-83.015294,28.252265],[-83.016984,28.246455],[-83.018564,28.240195],[-83.019424,28.236375],[-83.020254,28.231355],[-83.021634,28.221105],[-83.022244,28.214825],[-83.022364,28.211385],[-83.022364,28.205595],[-83.022054,28.198915],[-83.021414,28.192245],[-83.020204,28.182335],[-83.019277,28.175094],[-83.018754,28.170985],[-83.017864,28.163995],[-83.017514,28.161485],[-83.017174,28.159335],[-83.014634,28.143765],[-83.014274,28.141615],[-83.013824,28.139465],[-83.012784,28.134905],[-83.012514,28.133745],[-83.012594,28.131795],[-83.012804,28.129245],[-83.013034,28.125445],[-83.013114,28.123265],[-83.013144,28.121635],[-83.013164,28.118175],[-83.013124,28.116185],[-83.012934,28.111465],[-83.012614,28.107295],[-83.012304,28.104225],[-83.011734,28.099895],[-83.011204,28.096655],[-83.010724,28.093965],[-83.010214,28.091465],[-83.009614,28.088785],[-83.009504,28.087075],[-83.009504,28.086575],[-83.009534,28.081325],[-83.009524,28.079515],[-83.009414,28.075155],[-83.009164,28.070985],[-83.008754,28.066455],[-83.008194,28.061945],[-83.007534,28.057805],[-83.006824,28.054045],[-83.006084,28.050665],[-83.005624,28.048735],[-83.004664,28.045045],[-83.003484,28.041035],[-83.002424,28.037745],[-83.001394,28.034435],[-83.000524,28.031265],[-82.999894,28.029155],[-82.999244,28.026875],[-82.999374,28.022355],[-82.999374,28.020905],[-82.999364,28.018725],[-82.999294,28.016205],[-82.998384,28.014385],[-82.997464,28.012755],[-82.997514,28.008995],[-82.997574,28.005695],[-82.998334,27.992065],[-82.998454,27.990265],[-82.999384,27.988075],[-83.000344,27.985695],[-83.001504,27.982605],[-83.002424,27.980025],[-83.003224,27.977605],[-83.004194,27.974475],[-83.005084,27.971315],[-83.006704,27.965305],[-83.009004,27.956755],[-83.009494,27.954845],[-83.010174,27.952065],[-83.010784,27.949285],[-83.013282,27.93735],[-83.013614,27.935765],[-83.014084,27.933445],[-83.014404,27.931655],[-83.014744,27.929685],[-83.016054,27.921585],[-83.017385,27.91337],[-83.018534,27.906275],[-83.018804,27.904495],[-83.019054,27.902715],[-83.019354,27.900395],[-83.019524,27.898785],[-83.019794,27.895925],[-83.019984,27.893415],[-83.020044,27.892335],[-83.020344,27.887015],[-83.020434,27.885205],[-83.020474,27.884115],[-83.020544,27.881035],[-83.020544,27.878315],[-83.020464,27.875795],[-83.020334,27.874055],[-83.020163,27.871871],[-83.019084,27.858065],[-83.019004,27.857165],[-83.018744,27.854465],[-83.018384,27.851405],[-83.017954,27.848365],[-83.017304,27.844425],[-83.016814,27.841935],[-83.015974,27.838025],[-83.015124,27.834465],[-83.012514,27.823385],[-83.011814,27.820555],[-83.011104,27.817925],[-83.010444,27.815645],[-83.009294,27.811985],[-83.007984,27.808175],[-83.006954,27.805445],[-83.003294,27.796815],[-83.000544,27.791105],[-82.996684,27.783115],[-82.995364,27.780465],[-82.993894,27.777675],[-82.992274,27.774745],[-82.989904,27.770735],[-82.987814,27.767405],[-82.987034,27.766225],[-82.982154,27.758735],[-82.979494,27.754115],[-82.977584,27.750905],[-82.975294,27.747265],[-82.972674,27.743395],[-82.969814,27.739425],[-82.965504,27.733915],[-82.962194,27.730025],[-82.958474,27.725945],[-82.956884,27.724295],[-82.949684,27.716895],[-82.948214,27.715405],[-82.946334,27.713745],[-82.936984,27.705615],[-82.936134,27.704875],[-82.931744,27.701175],[-82.929034,27.699005],[-82.925804,27.696555],[-82.924244,27.695405],[-82.923094,27.693935],[-82.921634,27.691995],[-82.920504,27.690505],[-82.919214,27.688895],[-82.917904,27.687285],[-82.916824,27.685995],[-82.916334,27.685415],[-82.915224,27.684135],[-82.915214,27.683275],[-82.915224,27.681635],[-82.915524,27.679315],[-82.915814,27.676635],[-82.915934,27.675385],[-82.916034,27.674125],[-82.916204,27.671805],[-82.916414,27.668935],[-82.916914,27.666065],[-82.917214,27.664085],[-82.917394,27.662825],[-82.918354,27.660895],[-82.919864,27.657715],[-82.922224,27.652305],[-82.923644,27.648705],[-82.924094,27.647495],[-82.925038,27.644818],[-82.925594,27.643144],[-82.926773,27.639404],[-82.9295,27.630265],[-82.930964,27.625015],[-82.931934,27.620965],[-82.932844,27.616535],[-82.933653,27.611726],[-82.934179,27.607843],[-82.934603,27.603942],[-82.934914,27.599458],[-82.935106,27.595279],[-82.935153,27.591089],[-82.935094,27.587627],[-82.934929,27.583704],[-82.934734,27.580655],[-82.934186,27.574042],[-82.933911,27.570722],[-82.933484,27.566355],[-82.932924,27.562035],[-82.932404,27.558795],[-82.931324,27.553255],[-82.930154,27.548285],[-82.928784,27.543355],[-82.927334,27.538995],[-82.925954,27.535205],[-82.924744,27.532105],[-82.924174,27.530755],[-82.922624,27.527215],[-82.920814,27.523385],[-82.918004,27.517955],[-82.916004,27.514395],[-82.912974,27.509135],[-82.911474,27.506615],[-82.911314,27.505965],[-82.910624,27.504705],[-82.909874,27.503455],[-82.909584,27.502045],[-82.909134,27.500105],[-82.908654,27.497995],[-82.907894,27.495025],[-82.907014,27.491885],[-82.905594,27.487955],[-82.904274,27.484735],[-82.902654,27.481045],[-82.900924,27.477395],[-82.899254,27.474115],[-82.895284,27.466545],[-82.894414,27.464915],[-82.893064,27.462475],[-82.891754,27.460215],[-82.889824,27.457025],[-82.888214,27.454495],[-82.885904,27.451085],[-82.884164,27.448635],[-82.882074,27.445815],[-82.879534,27.442575],[-82.876134,27.438495],[-82.872714,27.434655],[-82.869284,27.431065],[-82.866284,27.428085],[-82.863764,27.425715],[-82.861624,27.423735],[-82.861334,27.422865],[-82.860964,27.421825],[-82.860634,27.420905],[-82.860144,27.419595],[-82.859703,27.418455],[-82.856763,27.410835],[-82.856293,27.409645],[-82.855953,27.408795],[-82.855333,27.407275],[-82.854833,27.405535],[-82.854373,27.403605],[-82.853883,27.401685],[-82.853113,27.398875],[-82.852333,27.396245],[-82.851493,27.393625],[-82.850743,27.391394],[-82.849863,27.388935],[-82.849343,27.387565],[-82.848263,27.384815],[-82.846613,27.380915],[-82.845233,27.377885],[-82.843773,27.374885],[-82.842343,27.372075],[-82.840563,27.368805],[-82.838983,27.366055],[-82.837543,27.363655],[-82.836253,27.361595],[-82.834503,27.358925],[-82.832303,27.355725],[-82.830203,27.352825],[-82.828383,27.350425],[-82.826273,27.347765],[-82.824943,27.346155],[-82.822483,27.343265],[-82.821093,27.341705],[-82.819143,27.339605],[-82.817053,27.337395],[-82.814353,27.334685],[-82.812273,27.332685],[-82.810163,27.330725],[-82.809023,27.329695],[-82.807573,27.328415],[-82.798903,27.320855],[-82.797433,27.319585],[-82.796993,27.319205],[-82.795523,27.317955],[-82.793593,27.316345],[-82.791173,27.314415],[-82.788113,27.312065],[-82.786293,27.310665],[-82.784743,27.308175],[-82.783953,27.306935],[-82.782843,27.305215],[-82.781703,27.303495],[-82.780643,27.301955],[-82.773083,27.291085],[-82.771993,27.289625],[-82.771563,27.289045],[-82.770903,27.288165],[-82.768473,27.284995],[-82.767913,27.284245],[-82.766623,27.282605],[-82.765073,27.280655],[-82.763683,27.278735],[-82.763233,27.278135],[-82.762783,27.277535],[-82.760943,27.275205],[-82.760143,27.274195],[-82.758863,27.272645],[-82.757203,27.270645],[-82.754743,27.267825],[-82.753093,27.266025],[-82.751683,27.264525],[-82.737343,27.249495],[-82.736273,27.248365],[-82.734653,27.246825],[-82.733953,27.244265],[-82.733473,27.242335],[-82.732673,27.239355],[-82.731863,27.236565],[-82.730873,27.233445],[-82.729743,27.230175],[-82.728803,27.227605],[-82.727873,27.225215],[-82.727113,27.223345],[-82.726023,27.220815],[-82.725123,27.218805],[-82.724103,27.216635],[-82.723303,27.214985],[-82.722463,27.213325],[-82.721703,27.211855],[-82.721003,27.210545],[-82.719943,27.208605],[-82.719023,27.206995],[-82.717793,27.204915],[-82.716883,27.203495],[-82.715763,27.201765],[-82.713973,27.199135],[-82.711903,27.196225],[-82.710903,27.194855],[-82.708953,27.192315],[-82.706713,27.189505],[-82.704403,27.186745],[-82.702323,27.184375],[-82.700603,27.182375],[-82.699213,27.180805],[-82.697273,27.178695],[-82.695183,27.176475],[-82.693573,27.174835],[-82.691943,27.173215],[-82.689863,27.171215],[-82.687743,27.169265],[-82.685873,27.167585],[-82.683973,27.165935],[-82.681613,27.163955],[-82.679353,27.162135],[-82.676593,27.159995],[-82.674573,27.158475],[-82.673743,27.157265],[-82.672973,27.156235],[-82.671613,27.155225],[-82.670543,27.154445],[-82.669933,27.153265],[-82.669093,27.151485],[-82.668463,27.150195],[-82.667333,27.148525],[-82.666403,27.147355],[-82.664733,27.145335],[-82.662883,27.141935],[-82.662513,27.141255],[-82.661583,27.139415],[-82.659373,27.134675],[-82.658303,27.131505],[-82.657513,27.129255],[-82.656663,27.127095],[-82.655873,27.125305],[-82.653373,27.119715],[-82.652923,27.118705],[-82.652003,27.116715],[-82.650463,27.113575],[-82.648583,27.109975],[-82.646413,27.106105],[-82.645193,27.104035],[-82.641437,27.098504],[-82.637552,27.091673],[-82.636524,27.089865],[-82.635313,27.087735],[-82.634893,27.085615],[-82.633993,27.081555],[-82.632993,27.077675],[-82.631943,27.073985],[-82.630743,27.070145],[-82.629463,27.066505],[-82.628433,27.063755],[-82.627213,27.060705],[-82.626383,27.058695],[-82.625803,27.057365],[-82.624613,27.054715],[-82.622943,27.051225],[-82.621183,27.047775],[-82.619683,27.045005],[-82.618023,27.042115],[-82.616293,27.039245],[-82.614703,27.036735],[-82.613983,27.034805],[-82.613573,27.033825],[-82.612593,27.031455],[-82.611743,27.028865],[-82.610763,27.026115],[-82.609673,27.023235],[-82.608713,27.020865],[-82.607653,27.018345],[-82.605223,27.012765],[-82.604853,27.011865],[-82.603353,27.008225],[-82.602283,27.005715],[-82.601093,27.003055],[-82.600323,27.001405],[-82.596523,26.994155],[-82.595563,26.992355],[-82.594393,26.990235],[-82.592993,26.987815],[-82.591643,26.985585],[-82.590153,26.983205],[-82.588623,26.980855],[-82.586823,26.978225],[-82.585953,26.976995],[-82.583833,26.974035],[-82.579933,26.968565],[-82.572403,26.958025],[-82.568433,26.951745],[-82.565861,26.947319],[-82.563633,26.943615],[-82.559903,26.936435],[-82.558253,26.933275],[-82.557483,26.931835],[-82.557033,26.930955],[-82.554053,26.925275],[-82.548823,26.915295],[-82.547963,26.913675],[-82.546893,26.911735],[-82.545793,26.909805],[-82.544753,26.908045],[-82.543303,26.905675],[-82.541393,26.902705],[-82.539943,26.900545],[-82.539193,26.899475],[-82.534083,26.892145],[-82.526993,26.881985],[-82.522443,26.874505],[-82.517523,26.866955],[-82.503893,26.843985],[-82.500633,26.838685],[-82.499953,26.837595],[-82.498783,26.835735],[-82.497163,26.833275],[-82.495783,26.831285],[-82.494363,26.829325],[-82.485823,26.817715],[-82.484583,26.815765],[-82.482713,26.812985],[-82.481103,26.810685],[-82.479443,26.808405],[-82.477863,26.806315],[-82.476363,26.804385],[-82.474703,26.802335],[-82.472633,26.799885],[-82.470323,26.797195],[-82.468173,26.794905],[-82.466243,26.792915],[-82.465333,26.791995],[-82.463812,26.789904],[-82.462015,26.787434],[-82.456503,26.779855],[-82.455843,26.778955],[-82.454953,26.777765],[-82.454053,26.776575],[-82.447283,26.767775],[-82.445053,26.764635],[-82.443593,26.761375],[-82.442163,26.757595],[-82.441893,26.756905],[-82.441133,26.755035],[-82.440343,26.753165],[-82.439143,26.750495],[-82.438373,26.748835],[-82.437173,26.746365],[-82.436183,26.744405],[-82.435243,26.742615],[-82.434183,26.740665],[-82.432993,26.738555],[-82.431573,26.736155],[-82.431143,26.732625],[-82.431373,26.729145],[-82.431513,26.728245],[-82.431663,26.725935],[-82.431763,26.722295],[-82.431773,26.719015],[-82.431683,26.715195],[-82.431523,26.712105],[-82.431343,26.709565],[-82.431193,26.707355],[-82.431553,26.705035],[-82.431973,26.701815],[-82.432283,26.699135],[-82.432493,26.696805],[-82.432813,26.693365],[-82.433033,26.690095],[-82.433173,26.686835],[-82.433243,26.682655],[-82.433183,26.678475],[-82.433043,26.675215],[-82.432833,26.671935],[-82.432573,26.669045],[-82.432233,26.665965],[-82.431683,26.662005],[-82.431143,26.658765],[-82.430353,26.654655],[-82.429633,26.651445],[-82.429123,26.649315],[-82.427983,26.645085],[-82.426873,26.641405],[-82.425783,26.638095],[-82.424403,26.634285],[-82.422653,26.629845],[-82.420813,26.625615],[-82.419803,26.623435],[-82.418953,26.621445],[-82.417843,26.618925],[-82.416603,26.616255],[-82.415143,26.613275],[-82.413083,26.609355],[-82.410673,26.604765],[-82.408733,26.601185],[-82.406693,26.597645],[-82.404843,26.594635],[-82.402293,26.590725],[-82.399953,26.587345],[-82.398063,26.584775],[-82.396343,26.582535],[-82.394473,26.580175],[-82.392213,26.577455],[-82.390303,26.575255],[-82.389983,26.573095],[-82.389633,26.570935],[-82.389083,26.567885],[-82.388723,26.566115],[-82.388223,26.563795],[-82.387723,26.561665],[-82.387123,26.559225],[-82.386543,26.556935],[-82.385513,26.553245],[-82.384503,26.549925],[-82.383583,26.547145],[-82.382343,26.543695],[-82.381023,26.540265],[-82.379593,26.536865],[-82.377463,26.532195],[-82.376263,26.529735],[-82.375103,26.527465],[-82.373583,26.524585],[-82.372813,26.523115],[-82.371013,26.519865],[-82.369603,26.517455],[-82.368063,26.514905],[-82.366953,26.513175],[-82.365613,26.511135],[-82.364243,26.509125],[-82.362843,26.507135],[-82.360843,26.504415],[-82.359643,26.502735],[-82.359223,26.501575],[-82.358963,26.500195],[-82.358543,26.498095],[-82.358133,26.496195],[-82.357063,26.491455],[-82.350403,26.461755],[-82.350113,26.460535],[-82.349693,26.458785],[-82.349203,26.456855],[-82.348443,26.454075],[-82.347773,26.451825],[-82.347063,26.449475],[-82.346353,26.447455],[-82.345623,26.445395],[-82.344643,26.442825],[-82.343893,26.440955],[-82.343263,26.439435],[-82.339073,26.429515],[-82.338053,26.427165],[-82.336913,26.424655],[-82.335963,26.422675],[-82.334573,26.419875],[-82.332933,26.416785],[-82.331953,26.415015],[-82.330673,26.412775],[-82.329343,26.410545],[-82.325703,26.404575],[-82.324713,26.402965],[-82.323333,26.400775],[-82.322113,26.398905],[-82.320653,26.396755],[-82.319483,26.395075],[-82.318393,26.393565],[-82.316943,26.391625],[-82.312933,26.386305],[-82.311443,26.384355],[-82.309683,26.382145],[-82.307753,26.379815],[-82.305903,26.377655],[-82.303753,26.375245],[-82.301413,26.372745],[-82.299153,26.370425],[-82.297253,26.368545],[-82.295173,26.366565],[-82.292913,26.364485],[-82.291193,26.362955],[-82.289443,26.361445],[-82.287462,26.359767],[-82.286503,26.358955],[-82.285343,26.357985],[-82.284349,26.357316],[-82.283273,26.356285],[-82.282223,26.355445],[-82.281488,26.354946],[-82.280553,26.354135],[-82.279013,26.352985],[-82.276363,26.351025],[-82.274313,26.349565],[-82.272233,26.348135],[-82.270123,26.346735],[-82.268323,26.345575],[-82.266673,26.344525],[-82.264513,26.343215],[-82.262323,26.341925],[-82.251493,26.335655],[-82.245513,26.330335],[-82.244956,26.329836],[-82.243193,26.328315],[-82.242173,26.327445],[-82.239943,26.325595],[-82.236463,26.322855],[-82.233103,26.320365],[-82.230623,26.318585],[-82.227913,26.316725],[-82.224333,26.314395],[-82.221683,26.312745],[-82.218503,26.310855],[-82.214403,26.308555],[-82.210763,26.306635],[-82.208133,26.305305],[-82.201513,26.302055],[-82.200093,26.301365],[-82.187663,26.295925],[-82.184563,26.294565],[-82.181843,26.293405],[-82.179293,26.292355],[-82.174853,26.290585],[-82.173763,26.290155],[-82.171753,26.289375],[-82.169323,26.288465],[-82.157603,26.284565],[-82.154703,26.283615],[-82.154203,26.283455],[-82.146633,26.281085],[-82.145323,26.280685],[-82.143273,26.280075],[-82.140833,26.279375],[-82.138753,26.278835],[-82.136243,26.278215],[-82.134703,26.277855],[-82.129943,26.276765],[-82.127523,26.276235],[-82.124793,26.275715],[-82.122043,26.275235],[-82.118493,26.274685],[-82.115713,26.274295],[-82.112333,26.273885],[-82.110343,26.273675],[-82.102193,26.272855],[-82.100583,26.272705],[-82.098173,26.272495],[-82.094553,26.272245],[-82.090723,26.272065],[-82.086883,26.271955],[-82.079773,26.271825],[-82.076173,26.271795],[-82.073363,26.271825],[-82.069553,26.271925],[-82.066563,26.272065],[-82.063573,26.272255],[-82.060393,26.272505],[-82.053493,26.273105],[-82.052153,26.273225],[-82.049073,26.273555],[-82.046113,26.273955],[-82.042983,26.274435],[-82.037873,26.275335],[-82.033373,26.276255],[-82.029693,26.277105],[-82.026043,26.278015],[-82.022213,26.279065],[-82.019363,26.279905],[-82.017473,26.280485],[-82.012653,26.282005],[-82.010243,26.282785],[-82.007293,26.283785],[-82.005463,26.284435],[-82.002133,26.276905],[-82.001953,26.276445],[-81.997623,26.265575],[-81.997263,26.264345],[-81.996823,26.261845],[-81.996443,26.259875],[-81.995993,26.257755],[-81.995353,26.254905],[-81.994593,26.251895],[-81.994073,26.249965],[-81.993253,26.247155],[-81.992613,26.245055],[-81.992043,26.243315],[-81.991393,26.241405],[-81.990583,26.239165],[-81.990053,26.237175],[-81.989163,26.232935],[-81.987953,26.227255],[-81.987053,26.222415],[-81.986933,26.221755],[-81.986573,26.219873],[-81.985293,26.213185],[-81.984843,26.208045],[-81.984753,26.206985],[-81.984613,26.205565],[-81.984433,26.203975],[-81.984283,26.202745],[-81.983273,26.194665],[-81.982913,26.188865],[-81.982843,26.187995],[-81.982743,26.186775],[-81.982653,26.185725],[-81.981873,26.177385],[-81.981893,26.176125],[-81.981913,26.173595],[-81.981843,26.170335],[-81.981663,26.166175],[-81.981423,26.162925],[-81.981293,26.161485],[-81.981133,26.159865],[-81.980863,26.157525],[-81.980603,26.155555],[-81.980253,26.153245],[-81.980113,26.152355],[-81.979743,26.150235],[-81.979483,26.148825],[-81.978983,26.146365],[-81.978513,26.144235],[-81.977923,26.141755],[-81.977343,26.139475],[-81.976803,26.137545],[-81.975883,26.134395],[-81.974893,26.131275],[-81.974003,26.128685],[-81.973433,26.126755],[-81.973215,26.124961],[-81.972234,26.116884],[-81.970533,26.102875],[-81.970423,26.101955],[-81.970233,26.100555],[-81.970103,26.099695],[-81.969643,26.096475],[-81.969663,26.095935],[-81.969703,26.094675],[-81.969753,26.092145],[-81.969733,26.087995],[-81.969593,26.084375],[-81.969423,26.081655],[-81.969173,26.078585],[-81.968823,26.075345],[-81.968603,26.073545],[-81.968273,26.071205],[-81.968023,26.069595],[-81.967623,26.067265],[-81.966973,26.063875],[-81.966233,26.060495],[-81.965543,26.057665],[-81.964443,26.053615],[-81.963283,26.049735],[-81.961753,26.045215],[-81.960343,26.041425],[-81.958963,26.038005],[-81.957563,26.034785],[-81.955833,26.031095],[-81.954273,26.027945],[-81.952893,26.025315],[-81.951263,26.022395],[-81.950053,26.020295],[-81.949003,26.018545],[-81.947803,26.016635],[-81.947283,26.015255],[-81.946603,26.013495],[-81.945223,26.010125],[-81.944213,26.007785],[-81.943283,26.005745],[-81.941163,26.001165],[-81.940453,25.999675],[-81.939813,25.998355],[-81.938833,25.996375],[-81.934473,25.987845],[-81.934383,25.987675],[-81.933453,25.985905],[-81.932583,25.984275],[-81.931873,25.982995],[-81.927313,25.974845],[-81.925783,25.972105],[-81.925683,25.971805],[-81.925303,25.970705],[-81.923293,25.964885],[-81.922673,25.963155],[-81.921643,25.960395],[-81.920343,25.957135],[-81.919193,25.954425],[-81.918433,25.952735],[-81.918263,25.950405],[-81.918163,25.947335],[-81.917993,25.944265],[-81.917733,25.940835],[-81.917473,25.938315],[-81.917153,25.935615],[-81.916933,25.933995],[-81.916643,25.932015],[-81.916313,25.930055],[-81.915833,25.927375],[-81.915133,25.923985],[-81.914693,25.922025],[-81.913993,25.919185],[-81.913333,25.916715],[-81.912683,25.914425],[-81.912103,25.912495],[-81.911373,25.910225],[-81.910373,25.907275],[-81.909163,25.903995],[-81.907733,25.900405],[-81.905903,25.896175],[-81.904983,25.894155],[-81.903363,25.890835],[-81.901563,25.887385],[-81.899863,25.884295],[-81.898273,25.881575],[-81.897113,25.879675],[-81.895833,25.877625],[-81.894403,25.875445],[-81.893378,25.874396],[-81.890383,25.871485],[-81.889613,25.868885],[-81.888793,25.866295],[-81.887923,25.863715],[-81.887003,25.861155],[-81.886033,25.858615],[-81.885023,25.856075],[-81.883953,25.853565],[-81.882833,25.851055],[-81.881673,25.848595],[-81.880463,25.846125],[-81.879203,25.843685],[-81.877933,25.841325],[-81.876553,25.838865],[-81.875153,25.836485],[-81.873723,25.834125],[-81.872223,25.831795],[-81.870703,25.829485],[-81.869123,25.827205],[-81.867503,25.824945],[-81.865843,25.822705],[-81.864133,25.820505],[-81.862383,25.818315],[-81.860593,25.816175],[-81.858763,25.814045],[-81.856893,25.811955],[-81.854973,25.809885],[-81.853023,25.807855],[-81.850643,25.805465],[-81.849993,25.803925],[-81.849233,25.802425],[-81.848209,25.80079],[-81.847373,25.799625],[-81.846293,25.798315],[-81.845563,25.797525],[-81.844793,25.796775],[-81.843503,25.795635],[-81.842023,25.794515],[-81.829103,25.772095],[-81.827983,25.769565],[-81.826823,25.767055],[-81.825613,25.764555],[-81.824363,25.762075],[-81.823053,25.759615],[-81.821693,25.757175],[-81.820293,25.754765],[-81.818853,25.752365],[-81.817373,25.749995],[-81.815823,25.747655],[-81.814243,25.745335],[-81.812613,25.743035],[-81.810933,25.740765],[-81.809223,25.738525],[-81.807473,25.736305],[-81.805673,25.734115],[-81.803833,25.731965],[-81.801953,25.729825],[-81.800023,25.727725],[-81.798053,25.725665],[-81.796913,25.724495],[-81.796063,25.723625],[-81.794013,25.721625],[-81.791943,25.719645],[-81.789813,25.717705],[-81.787673,25.715785],[-81.785473,25.713925],[-81.783253,25.712095],[-81.781993,25.711085],[-81.780993,25.710295],[-81.778693,25.708525],[-81.776363,25.706795],[-81.774003,25.705105],[-81.771603,25.703445],[-81.769183,25.701835],[-81.766723,25.700255],[-81.764233,25.698715],[-81.761723,25.697215],[-81.759173,25.695755],[-81.756603,25.694335],[-81.754013,25.692965],[-81.751383,25.691615],[-81.748733,25.690325],[-81.746063,25.689075],[-81.743363,25.687865],[-81.740643,25.686695],[-81.737903,25.685575],[-81.735133,25.684495],[-81.732353,25.683455],[-81.729543,25.682465],[-81.726723,25.681515],[-81.723893,25.680605],[-81.721033,25.679745],[-81.718153,25.678935],[-81.715263,25.678165],[-81.712363,25.677445],[-81.709443,25.676765],[-81.706513,25.676135],[-81.703573,25.675555],[-81.700623,25.675015],[-81.697663,25.674525],[-81.694693,25.674085],[-81.691713,25.673685],[-81.688723,25.673335],[-81.685743,25.673035],[-81.682733,25.672775],[-81.679743,25.672565],[-81.676733,25.672395],[-81.673723,25.672295],[-81.670713,25.672225],[-81.667703,25.672205],[-81.664693,25.672235],[-81.661683,25.672315],[-81.658683,25.672435],[-81.656745,25.672551],[-81.652503,25.672845],[-81.650013,25.672675],[-81.647523,25.672535],[-81.645033,25.672435],[-81.642533,25.672385],[-81.640053,25.672365],[-81.637553,25.672385],[-81.635073,25.672455],[-81.632573,25.672555],[-81.630073,25.672685],[-81.627593,25.672875],[-81.625113,25.673085],[-81.622633,25.673345],[-81.620163,25.673645],[-81.617703,25.673975],[-81.615233,25.674355],[-81.612793,25.674765],[-81.610343,25.675225],[-81.607913,25.675715],[-81.605483,25.676245],[-81.604163,25.676555],[-81.603073,25.676805],[-81.600673,25.677415],[-81.598283,25.678055],[-81.595903,25.678735],[-81.593543,25.679455],[-81.591193,25.680215],[-81.588853,25.681005],[-81.586533,25.681835],[-81.584233,25.682705],[-81.581953,25.683605],[-81.579683,25.684545],[-81.576233,25.686045],[-81.572923,25.683805],[-81.569573,25.681625],[-81.566183,25.679485],[-81.562743,25.677405],[-81.559273,25.675385],[-81.556033,25.673555],[-81.552223,25.671495],[-81.548633,25.669645],[-81.546483,25.668565],[-81.545003,25.667835],[-81.541363,25.666085],[-81.537663,25.664405],[-81.533953,25.662775],[-81.530203,25.661205],[-81.526423,25.659695],[-81.519023,25.656945],[-81.518643,25.654655],[-81.518213,25.652375],[-81.517743,25.650105],[-81.517223,25.647835],[-81.516663,25.645575],[-81.516053,25.643325],[-81.515403,25.641085],[-81.514713,25.638855],[-81.513973,25.636645],[-81.513203,25.634445],[-81.512383,25.632245],[-81.511523,25.630065],[-81.510623,25.627905],[-81.509673,25.625755],[-81.508693,25.623615],[-81.507703,25.621575],[-81.506603,25.619395],[-81.505493,25.617315],[-81.504343,25.615245],[-81.503163,25.613195],[-81.501933,25.611165],[-81.500663,25.609155],[-81.499353,25.607165],[-81.498023,25.605195],[-81.496643,25.603245],[-81.495223,25.601325],[-81.493773,25.599425],[-81.492283,25.597545],[-81.490763,25.595685],[-81.489193,25.593855],[-81.487603,25.592055],[-81.485973,25.590265],[-81.484303,25.588515],[-81.482623,25.586795],[-81.480883,25.585085],[-81.479113,25.583415],[-81.477323,25.581765],[-81.475493,25.580145],[-81.473643,25.578565],[-81.471753,25.577005],[-81.469833,25.575475],[-81.467883,25.573965],[-81.465923,25.572525],[-81.463913,25.571085],[-81.461883,25.569675],[-81.459833,25.568305],[-81.457743,25.566965],[-81.455643,25.565665],[-81.453503,25.564385],[-81.451353,25.563155],[-81.449173,25.561955],[-81.446963,25.560785],[-81.444743,25.559645],[-81.442493,25.558545],[-81.440233,25.557485],[-81.437943,25.556465],[-81.435633,25.555485],[-81.433313,25.554525],[-81.430973,25.553605],[-81.428613,25.552725],[-81.425413,25.551605],[-81.423623,25.548225],[-81.421763,25.544875],[-81.419833,25.541555],[-81.417853,25.538265],[-81.415793,25.535005],[-81.413683,25.531785],[-81.411503,25.528585],[-81.409273,25.525435],[-81.406973,25.522315],[-81.404623,25.519235],[-81.402203,25.516185],[-81.399733,25.513175],[-81.397203,25.510215],[-81.394623,25.507275],[-81.391973,25.504395],[-81.389273,25.501555],[-81.384773,25.497015],[-81.384193,25.494685],[-81.383513,25.492145],[-81.382823,25.489735],[-81.382073,25.487325],[-81.381283,25.484935],[-81.380443,25.482555],[-81.379573,25.480185],[-81.378563,25.477645],[-81.374623,25.465925],[-81.370523,25.454265],[-81.369723,25.451945],[-81.368873,25.449655],[-81.367983,25.447375],[-81.367043,25.445115],[-81.366053,25.442845],[-81.365033,25.440615],[-81.363963,25.438395],[-81.362883,25.436235],[-81.361703,25.433995],[-81.360513,25.431825],[-81.359273,25.429665],[-81.358003,25.427555],[-81.356683,25.425445],[-81.355333,25.423355],[-81.353933,25.421285],[-81.352493,25.419245],[-81.351023,25.417225],[-81.349503,25.415225],[-81.347953,25.413255],[-81.346353,25.411305],[-81.344733,25.409385],[-81.343153,25.407585],[-81.341363,25.405625],[-81.339633,25.403775],[-81.337863,25.401965],[-81.336063,25.400185],[-81.334223,25.398425],[-81.332353,25.396695],[-81.330463,25.394995],[-81.328513,25.393335],[-81.325203,25.390625],[-81.324463,25.386415],[-81.323633,25.382225],[-81.322713,25.378045],[-81.321723,25.373885],[-81.320643,25.369745],[-81.319483,25.365615],[-81.319013,25.364035],[-81.318253,25.361505],[-81.316933,25.357415],[-81.314913,25.351555],[-81.318166,25.339499],[-81.323313,25.320425],[-81.330903,25.292285],[-81.331923,25.290015],[-81.332903,25.287715],[-81.333843,25.285405],[-81.334743,25.283085],[-81.335583,25.280745],[-81.336383,25.278395],[-81.336893,25.276795],[-81.337863,25.273655],[-81.338523,25.271265],[-81.339143,25.268875],[-81.339713,25.266465],[-81.340243,25.264055],[-81.340723,25.261625],[-81.341153,25.259205],[-81.341543,25.256765],[-81.341883,25.254325],[-81.342183,25.251875],[-81.342433,25.249425],[-81.342623,25.246965],[-81.342783,25.244515],[-81.342883,25.242055],[-81.342943,25.239595],[-81.342953,25.237135],[-81.342913,25.234675],[-81.342873,25.233185],[-81.342703,25.229745],[-81.342533,25.227295],[-81.342303,25.224835],[-81.342033,25.222395],[-81.341553,25.218815],[-81.341043,25.216155],[-81.340483,25.213505],[-81.339863,25.210865],[-81.339203,25.208235],[-81.338493,25.205615],[-81.337743,25.203005],[-81.336913,25.200415],[-81.336063,25.197835],[-81.335143,25.195265],[-81.334183,25.192715],[-81.332923,25.189605],[-81.331743,25.185815],[-81.330733,25.182665],[-81.329663,25.179535],[-81.328543,25.176415],[-81.327373,25.173325],[-81.326123,25.170245],[-81.324823,25.167195],[-81.323473,25.164155],[-81.322053,25.161135],[-81.320583,25.158155],[-81.319043,25.155185],[-81.317453,25.152245],[-81.315813,25.149325],[-81.314113,25.146435],[-81.312363,25.143575],[-81.310553,25.140745],[-81.308693,25.137935],[-81.304803,25.132424],[-81.304423,25.129894],[-81.303993,25.127374],[-81.303523,25.124864],[-81.302973,25.122364],[-81.302393,25.119864],[-81.301763,25.117384],[-81.301093,25.114914],[-81.300373,25.112444],[-81.299603,25.109994],[-81.298783,25.107554],[-81.297923,25.105124],[-81.297013,25.102724],[-81.296063,25.100324],[-81.295063,25.097934],[-81.294023,25.095574],[-81.292933,25.093224],[-81.291793,25.090894],[-81.290613,25.088584],[-81.289383,25.086284],[-81.288123,25.084014],[-81.286813,25.081764],[-81.285453,25.079534],[-81.284063,25.077324],[-81.282623,25.075134],[-81.281143,25.072974],[-81.279623,25.070834],[-81.278063,25.068704],[-81.276453,25.066624],[-81.274813,25.064564],[-81.273133,25.062524],[-81.271413,25.060514],[-81.270013,25.058924],[-81.267853,25.056574],[-81.266023,25.054644],[-81.264153,25.052744],[-81.262253,25.050884],[-81.260313,25.049044],[-81.258333,25.047244],[-81.256323,25.045464],[-81.254273,25.043724],[-81.252203,25.042014],[-81.250093,25.040334],[-81.247953,25.038694],[-81.245773,25.037094],[-81.243583,25.035504],[-81.241333,25.033974],[-81.239083,25.032474],[-81.236793,25.031014],[-81.234473,25.029584],[-81.232123,25.028184],[-81.229763,25.026834],[-81.227353,25.025514],[-81.224953,25.024234],[-81.222503,25.022984],[-81.220023,25.021794],[-81.218093,25.020894],[-81.214273,25.019184],[-81.213463,25.018004],[-81.212623,25.016844],[-81.211773,25.015694],[-81.210893,25.014554],[-81.210003,25.013424],[-81.209083,25.012324],[-81.208133,25.011224],[-81.207173,25.010144],[-81.206193,25.009084],[-81.205183,25.008034],[-81.204163,25.007004],[-81.203123,25.005984],[-81.202063,25.004984],[-81.200973,25.004004],[-81.199873,25.003034],[-81.198763,25.002094],[-81.197623,25.001164],[-81.196473,25.000254],[-81.195303,24.999364],[-81.194113,24.998484],[-81.192913,24.997634],[-81.191683,24.996794],[-81.190443,24.995984],[-81.188583,24.994804],[-81.188093,24.993814],[-81.187573,24.992824],[-81.187023,24.991844],[-81.186483,24.990884],[-81.185903,24.989914],[-81.185313,24.988964],[-81.184693,24.988024],[-81.183433,24.986164],[-81.182073,24.984354],[-81.180673,24.982594],[-81.179193,24.980864],[-81.177643,24.979194],[-81.176853,24.978374],[-81.174793,24.976384],[-81.173803,24.974884],[-81.172933,24.973324],[-81.172243,24.971864],[-81.171843,24.970884],[-81.171293,24.969214],[-81.170853,24.967504],[-81.170553,24.965774],[-81.170383,24.964024],[-81.170353,24.962144],[-81.172623,24.963524],[-81.174913,24.964864],[-81.177233,24.966164],[-81.179573,24.967424],[-81.181943,24.968654],[-81.184333,24.969834],[-81.186753,24.970994],[-81.188613,24.971844],[-81.191643,24.973174],[-81.194113,24.974204],[-81.196623,24.975204],[-81.199133,24.976164],[-81.201663,24.977074],[-81.204223,24.977944],[-81.206783,24.978784],[-81.209373,24.979574],[-81.211963,24.980334],[-81.214573,24.981034],[-81.217193,24.981704],[-81.219833,24.982324],[-81.222473,24.982914],[-81.225143,24.983454],[-81.227813,24.983944],[-81.230483,24.984394],[-81.233163,24.984814],[-81.235863,24.985194],[-81.238563,24.985524],[-81.241273,24.985804],[-81.243983,24.986044],[-81.246693,24.986244],[-81.249413,24.986394],[-81.252143,24.986514],[-81.254863,24.986594],[-81.257583,24.986604],[-81.260313,24.986594],[-81.263043,24.986524],[-81.265753,24.986424],[-81.268473,24.986274],[-81.271183,24.986084],[-81.273903,24.985844],[-81.276613,24.985574],[-81.279313,24.985244],[-81.282003,24.984884],[-81.284693,24.984474],[-81.287373,24.984024],[-81.290043,24.983524],[-81.292703,24.982994],[-81.295353,24.982424],[-81.297973,24.981804],[-81.300623,24.981144],[-81.303233,24.980444],[-81.305833,24.979694],[-81.308413,24.978904],[-81.310983,24.978084],[-81.313533,24.977214],[-81.316073,24.976304],[-81.318583,24.975364],[-81.323473,24.973384],[-81.325853,24.973324],[-81.328223,24.973234],[-81.330593,24.973094],[-81.332973,24.972924],[-81.335343,24.972714],[-81.337703,24.972454],[-81.340073,24.972184],[-81.342423,24.971864],[-81.344773,24.971504],[-81.347103,24.971104],[-81.350383,24.970484],[-81.352913,24.971274],[-81.355453,24.972034],[-81.358013,24.972744],[-81.360573,24.973424],[-81.363153,24.974054],[-81.365743,24.974654],[-81.368343,24.975194],[-81.370953,24.975714],[-81.373583,24.976174],[-81.376213,24.976604],[-81.378853,24.976984],[-81.381493,24.977334],[-81.384143,24.977634],[-81.386813,24.977894],[-81.389463,24.978104],[-81.392133,24.978274],[-81.394803,24.978404],[-81.397473,24.978494],[-81.400143,24.978544],[-81.402813,24.978544],[-81.405483,24.978504],[-81.408153,24.978424],[-81.409363,24.978364],[-81.410813,24.978294],[-81.413483,24.978134],[-81.416143,24.977924],[-81.418803,24.977664],[-81.421453,24.977374],[-81.424103,24.977034],[-81.426733,24.976664],[-81.429373,24.976234],[-81.431993,24.975774],[-81.434613,24.975274],[-81.437213,24.974724],[-81.439813,24.974144],[-81.443043,24.973344],[-81.457173,24.971794],[-81.458743,24.971624],[-81.462113,24.971024],[-81.474263,24.968874],[-81.482023,24.967374],[-81.488493,24.966354],[-81.497893,24.963224],[-81.504963,24.960724],[-81.507633,24.959774],[-81.515593,24.956294],[-81.518508,24.954836],[-81.525733,24.951224],[-81.535513,24.945954],[-81.548903,24.939624],[-81.552693,24.938204],[-81.555603,24.937114],[-81.566493,24.931064],[-81.574223,24.927254],[-81.581313,24.923764],[-81.599443,24.912734],[-81.600383,24.912124],[-81.608303,24.906974],[-81.621593,24.897224],[-81.633833,24.894264],[-81.638455,24.892742],[-81.648073,24.889574],[-81.660133,24.883294],[-81.665103,24.880674],[-81.676883,24.872344],[-81.680508,24.870024],[-81.691583,24.862934],[-81.695713,24.860644],[-81.700793,24.857834],[-81.714723,24.851624],[-81.727543,24.847044],[-81.742913,24.839304],[-81.746493,24.837504],[-81.753888,24.8333],[-81.761883,24.828754],[-81.778243,24.815384],[-81.790993,24.813714],[-81.803573,24.809514],[-81.814213,24.806394],[-81.829943,24.798614],[-81.83121,24.797934],[-81.832386,24.797302],[-81.836273,24.795214],[-81.847993,24.789844],[-81.856463,24.785234],[-81.866423,24.780134],[-81.874363,24.776134],[-81.880143,24.772934],[-81.886223,24.769144],[-81.886203,24.767724],[-81.894293,24.763654],[-81.897143,24.763644],[-81.900003,24.763594],[-81.902833,24.763484],[-81.905703,24.763344],[-81.908533,24.763144],[-81.911373,24.762904],[-81.914213,24.762624],[-81.917033,24.762294],[-81.919863,24.761904],[-81.922673,24.761504],[-81.925483,24.761034],[-81.928273,24.760524],[-81.932703,24.759624],[-81.933893,24.759484],[-81.936243,24.759194],[-81.939773,24.758704],[-81.943293,24.758154],[-81.946803,24.757554],[-81.950293,24.756894],[-81.953773,24.756184],[-81.957233,24.755414],[-81.960693,24.754594],[-81.967543,24.752784],[-81.977693,24.749654],[-81.987643,24.746034],[-81.994153,24.743384],[-82.000553,24.740504],[-82.003713,24.738994],[-82.006843,24.737434],[-82.009943,24.735824],[-82.013013,24.734154],[-82.016043,24.732444],[-82.019053,24.730694],[-82.022023,24.728884],[-82.026953,24.725724],[-82.029133,24.726684],[-82.030663,24.727364],[-82.034403,24.728944],[-82.038183,24.730454],[-82.041973,24.731924],[-82.045803,24.733324],[-82.049653,24.734654],[-82.053533,24.735934],[-82.057433,24.737144],[-82.065303,24.739384],[-82.073253,24.741374],[-82.085303,24.743864],[-82.097493,24.745784],[-82.109763,24.747114],[-82.122103,24.747854],[-82.124783,24.747944],[-82.126223,24.747974],[-82.130343,24.748024],[-82.138573,24.747924],[-82.146813,24.747574],[-82.155023,24.746944],[-82.159133,24.746534],[-82.164963,24.745834],[-82.170183,24.745234],[-82.175373,24.744474],[-82.180533,24.743534],[-82.185663,24.742434],[-82.193263,24.740484],[-82.200733,24.738174],[-82.205643,24.736424],[-82.212863,24.733534],[-82.219913,24.730294],[-82.226763,24.726724],[-82.233413,24.722824],[-82.237713,24.720054],[-82.243953,24.715644],[-82.247963,24.712534],[-82.253763,24.707654],[-82.257463,24.704234],[-82.262773,24.698904],[-82.266123,24.695204],[-82.269353,24.691404],[-82.271963,24.688114],[-82.277323,24.682274],[-82.282433,24.676244],[-82.287343,24.670064],[-82.291983,24.663734],[-82.296393,24.657264],[-82.300553,24.650644],[-82.304453,24.643904],[-82.308093,24.637044],[-82.311463,24.630074],[-82.314433,24.623314],[-82.316813,24.617364],[-82.318713,24.612204],[-82.321133,24.604904],[-82.323283,24.597534],[-82.325133,24.590104],[-82.326503,24.583734],[-82.215453,24.583764],[-82.216633,24.581714],[-82.218323,24.578264],[-82.219273,24.575964],[-82.220213,24.573264],[-82.220893,24.570884],[-82.221593,24.567734],[-82.221973,24.565304],[-82.222213,24.563044],[-82.222353,24.560204],[-82.222293,24.557004],[-82.222023,24.553814],[-82.221663,24.551394],[-82.221173,24.548984],[-82.221033,24.547864],[-82.220883,24.546734],[-82.220653,24.545254],[-82.220333,24.543574],[-82.220083,24.542464],[-82.219753,24.541164],[-82.219553,24.540434],[-82.219453,24.540084],[-82.219343,24.539724],[-82.219113,24.538994],[-82.218803,24.538094],[-82.218433,24.537014],[-82.218093,24.536124],[-82.217663,24.535064],[-82.217283,24.534174],[-82.215503,24.530184],[-82.215103,24.529314],[-82.214693,24.528454],[-82.214173,24.527424],[-82.213623,24.526414],[-82.213053,24.525414],[-82.212543,24.524584],[-82.211943,24.523604],[-82.211303,24.522634],[-82.210293,24.521214],[-82.209483,24.520124],[-82.208633,24.519054],[-82.207883,24.518174],[-82.207113,24.517274],[-82.206173,24.516264],[-82.205213,24.515274],[-82.204223,24.514304],[-82.203203,24.513354],[-82.202163,24.512444],[-82.201243,24.511684],[-82.200453,24.511054],[-82.199163,24.510034],[-82.197893,24.509054],[-82.196083,24.507784],[-82.194913,24.507004],[-82.193713,24.506254],[-82.192303,24.505434],[-82.190353,24.504374],[-82.188713,24.503554],[-82.187043,24.502794],[-82.185353,24.502084],[-82.183633,24.501434],[-82.181523,24.500704],[-82.180163,24.500294],[-82.178583,24.499854],[-82.176803,24.499414],[-82.175403,24.499104],[-82.174393,24.498914],[-82.172873,24.498624],[-82.171093,24.498114],[-82.169493,24.497704],[-82.167683,24.497304],[-82.166053,24.496994],[-82.164013,24.496674],[-82.162373,24.496464],[-82.160523,24.496284],[-82.158863,24.496184],[-82.157223,24.496104],[-82.155753,24.496084],[-82.154103,24.496104],[-82.152453,24.496164],[-82.150793,24.496274],[-82.149363,24.496414],[-82.147303,24.496664],[-82.145663,24.496924],[-82.144243,24.497174],[-82.142833,24.497474],[-82.141423,24.497794],[-82.140423,24.498054],[-82.139623,24.497914],[-82.137803,24.497644],[-82.136373,24.497474],[-82.134733,24.497324],[-82.133293,24.497224],[-82.131853,24.497164],[-82.130623,24.497144],[-82.130003,24.497134],[-82.128773,24.497154],[-82.127333,24.497204],[-82.126293,24.497234],[-82.125463,24.497204],[-82.123383,24.497204],[-82.121723,24.497244],[-82.120273,24.497314],[-82.118823,24.497434],[-82.117583,24.497554],[-82.116133,24.497734],[-82.114903,24.497914],[-82.113473,24.498154],[-82.111843,24.498474],[-82.110433,24.498784],[-82.109938,24.498908],[-82.108886,24.499171],[-82.108429,24.499295],[-82.107043,24.499694],[-82.105863,24.500064],[-82.104919,24.500376],[-82.100336,24.500002],[-82.087589,24.506128],[-82.079322,24.511599],[-82.072334,24.517675],[-82.068894,24.52128],[-82.067174,24.523719],[-82.062788,24.519027],[-82.06023,24.516847],[-82.058183,24.514368],[-82.056541,24.509581],[-82.055227,24.506233],[-82.054131,24.503588],[-82.051806,24.500002],[-82.052097,24.500002],[-82.05297,24.500002],[-82.053262,24.500002],[-82.051656,24.497684],[-82.051077,24.496848],[-82.046068,24.491346],[-82.044648,24.489786],[-82.044068,24.489379],[-82.034275,24.4825],[-82.031629,24.481364],[-82.023482,24.477868],[-82.013806,24.476144],[-82.003919,24.475719],[-82.001446,24.475532],[-82.001035,24.475537],[-81.999821,24.476249],[-81.999238,24.476581],[-81.998284,24.476217],[-81.996495,24.475433],[-81.993698,24.474609],[-81.988687,24.473717],[-81.986399,24.47331],[-81.982435,24.473205],[-81.980885,24.472579],[-81.978389,24.471967],[-81.974412,24.471213],[-81.97456,24.470991],[-81.974814,24.470614],[-81.976713,24.467994],[-81.978631,24.463377],[-81.980928,24.456971],[-81.982057,24.445452],[-81.979771,24.43166],[-81.974471,24.420826],[-81.968538,24.413472],[-81.967321,24.411963],[-81.95844,24.405231],[-81.946444,24.399352],[-81.934814,24.396923],[-81.920559,24.396312],[-81.911132,24.397793],[-81.902977,24.400875],[-81.896666,24.404581],[-81.894265,24.405748],[-81.893192,24.405277],[-81.889278,24.404574],[-81.882701,24.403692],[-81.874816,24.403148],[-81.866908,24.403592],[-81.863501,24.40461],[-81.862151,24.405114],[-81.859309,24.404723],[-81.84976,24.405879],[-81.841049,24.407617],[-81.833117,24.40999],[-81.825484,24.41252],[-81.813525,24.417643],[-81.8007,24.427144],[-81.79549,24.432633],[-81.788988,24.439486],[-81.78181,24.460931],[-81.783311,24.478703],[-81.787994,24.490468],[-81.788327,24.491304],[-81.7886,24.49159],[-81.791284,24.494401],[-81.791581,24.494711],[-81.792148,24.495367],[-81.792365,24.495617],[-81.792028,24.49559],[-81.790027,24.495432],[-81.78936,24.49538],[-81.787689,24.495248],[-81.785999,24.495152],[-81.783841,24.49503],[-81.779286,24.494822],[-81.775975,24.49552],[-81.774103,24.495915],[-81.772664,24.496129],[-81.772511,24.496152],[-81.77081,24.496876],[-81.772506,24.49254],[-81.773668,24.48681],[-81.773701,24.486648],[-81.774397,24.479307],[-81.773688,24.472739],[-81.770208,24.463242],[-81.763912,24.451574],[-81.762873,24.449647],[-81.755601,24.442788],[-81.755345,24.442597],[-81.749814,24.438458],[-81.74939,24.438203],[-81.748695,24.437787],[-81.740751,24.434036],[-81.730116,24.430702],[-81.728652,24.430624],[-81.721261,24.430235],[-81.712582,24.429776],[-81.711834,24.429737],[-81.702709,24.431645],[-81.697202,24.432318],[-81.689668,24.43447],[-81.68718,24.435281],[-81.681904,24.437002],[-81.679062,24.438338],[-81.677422,24.439109],[-81.67409,24.43935],[-81.672789,24.439445],[-81.666282,24.440077],[-81.660081,24.441349],[-81.658919,24.441894],[-81.655715,24.4434],[-81.654135,24.443719],[-81.643954,24.445773],[-81.640984,24.446814],[-81.637243,24.448126],[-81.633471,24.450544],[-81.632425,24.45115],[-81.625261,24.451252],[-81.62481,24.451332],[-81.620054,24.452113],[-81.610262,24.454312],[-81.602701,24.458117],[-81.59684,24.461067],[-81.591307,24.465307],[-81.589346,24.466811],[-81.585829,24.471098],[-81.583119,24.470983],[-81.578647,24.470995],[-81.575349,24.471005],[-81.56496,24.472782],[-81.551449,24.478035],[-81.539927,24.486038],[-81.537775,24.488459],[-81.530566,24.496573],[-81.528782,24.500004],[-81.528672,24.500217],[-81.528561,24.50043],[-81.527983,24.50043],[-81.526251,24.50043],[-81.525674,24.50043],[-81.523901,24.503128],[-81.5227,24.505556],[-81.521795,24.507387],[-81.519884,24.512559],[-81.519089,24.517252],[-81.519087,24.521221],[-81.519022,24.522745],[-81.518863,24.526533],[-81.519129,24.528663],[-81.519373,24.530616],[-81.520477,24.535789],[-81.522008,24.540073],[-81.52392,24.545423],[-81.527855,24.553283],[-81.521608,24.558257],[-81.516414,24.562412],[-81.514618,24.564761],[-81.511392,24.563833],[-81.511187,24.563774],[-81.509105,24.563256],[-81.504387,24.562274],[-81.501896,24.561915],[-81.499808,24.561599],[-81.499295,24.561906],[-81.497215,24.562014],[-81.496823,24.562035],[-81.494651,24.56253],[-81.492071,24.560169],[-81.490512,24.559041],[-81.488864,24.557848],[-81.488269,24.557599],[-81.483368,24.555552],[-81.479795,24.554685],[-81.474736,24.553459],[-81.465091,24.552858],[-81.453228,24.555209],[-81.451611,24.55553],[-81.444738,24.558103],[-81.441095,24.559467],[-81.437169,24.560938],[-81.430688,24.564667],[-81.427748,24.566359],[-81.42732,24.566613],[-81.424318,24.568393],[-81.420639,24.570576],[-81.414484,24.569912],[-81.411541,24.569595],[-81.411012,24.569602],[-81.408577,24.569634],[-81.401272,24.569731],[-81.399245,24.569759],[-81.398838,24.569763],[-81.393312,24.569691],[-81.391673,24.56967],[-81.385435,24.569937],[-81.378282,24.570853],[-81.374804,24.571492],[-81.370069,24.572849],[-81.36446,24.574483],[-81.357648,24.57845],[-81.355846,24.579657],[-81.351935,24.579811],[-81.349306,24.580261],[-81.346162,24.580666],[-81.342929,24.581642],[-81.33991,24.582858],[-81.338226,24.5838],[-81.337611,24.584764],[-81.336352,24.584973],[-81.327526,24.586942],[-81.318475,24.58904],[-81.317841,24.58922],[-81.310191,24.59139],[-81.304371,24.592614],[-81.298011,24.594634],[-81.293706,24.596612],[-81.293458,24.596726],[-81.291478,24.596279],[-81.287433,24.595889],[-81.283076,24.596099],[-81.277943,24.596393],[-81.275927,24.596621],[-81.271693,24.5971],[-81.264629,24.599238],[-81.259449,24.601282],[-81.254482,24.603634],[-81.249801,24.60656],[-81.248257,24.608034],[-81.245293,24.610524],[-81.24197,24.614219],[-81.239917,24.617067],[-81.236643,24.617163],[-81.234135,24.617478],[-81.230843,24.61828],[-81.229121,24.618777],[-81.225327,24.619874],[-81.220653,24.621553],[-81.216457,24.623243],[-81.213317,24.625006],[-81.212943,24.625216],[-81.212569,24.625426],[-81.211237,24.626416],[-81.209246,24.627482],[-81.206069,24.629601],[-81.205593,24.629919],[-81.204262,24.63119],[-81.201617,24.630939],[-81.199965,24.630661],[-81.197906,24.63075],[-81.19379,24.630659],[-81.18993,24.630839],[-81.184047,24.631209],[-81.183522,24.631281],[-81.178712,24.631952],[-81.175925,24.632676],[-81.172638,24.633532],[-81.169578,24.634561],[-81.169396,24.634623],[-81.165969,24.635982],[-81.161984,24.638348],[-81.158296,24.640211],[-81.154825,24.642715],[-81.152469,24.644489],[-81.151943,24.644886],[-81.14928,24.647495],[-81.147689,24.649068],[-81.147316,24.648702],[-81.14641,24.647815],[-81.146225,24.647581],[-81.145902,24.647172],[-81.145608,24.6468],[-81.143817,24.645409],[-81.140854,24.643068],[-81.136969,24.641395],[-81.13618,24.640995],[-81.134075,24.63993],[-81.130225,24.638526],[-81.124798,24.636609],[-81.120621,24.635683],[-81.110861,24.634395],[-81.102344,24.633527],[-81.097227,24.633007],[-81.090739,24.632955],[-81.087229,24.632927],[-81.076524,24.633379],[-81.076249,24.633419],[-81.059739,24.635868],[-81.047651,24.640244],[-81.040974,24.6449],[-81.038637,24.646531],[-81.036476,24.648569],[-81.030114,24.654572],[-81.026419,24.658984],[-81.025707,24.659834],[-81.025274,24.660353],[-81.024003,24.662681],[-81.023472,24.663655],[-81.023424,24.663741],[-81.023283,24.664001],[-81.023236,24.664088],[-81.022586,24.665279],[-81.022083,24.665353],[-81.016548,24.666171],[-81.014703,24.666444],[-81.011824,24.66687],[-81.011645,24.666913],[-81.003233,24.668951],[-81.002655,24.669189],[-80.999795,24.670368],[-80.999795,24.670077],[-80.999795,24.669206],[-80.999795,24.668916],[-80.995244,24.67103],[-80.989223,24.673828],[-80.982106,24.678312],[-80.981398,24.678759],[-80.978033,24.681239],[-80.97798,24.681277],[-80.977822,24.681393],[-80.97777,24.681432],[-80.976495,24.682372],[-80.974096,24.683303],[-80.967361,24.68592],[-80.962886,24.688657],[-80.959341,24.690827],[-80.959091,24.69098],[-80.957116,24.69284],[-80.945263,24.696234],[-80.941991,24.697957],[-80.933925,24.702207],[-80.92379,24.708992],[-80.918914,24.71307],[-80.912991,24.713026],[-80.90559,24.713472],[-80.90079,24.714707],[-80.893298,24.716457],[-80.890231,24.71802],[-80.886961,24.719688],[-80.878569,24.725178],[-80.874996,24.729139],[-80.869288,24.735063],[-80.868472,24.735911],[-80.861357,24.739666],[-80.854207,24.746674],[-80.852231,24.748935],[-80.849791,24.748768],[-80.845342,24.748465],[-80.841641,24.749167],[-80.840722,24.749341],[-80.838287,24.749804],[-80.837964,24.749856],[-80.837042,24.750006],[-80.829483,24.752874],[-80.824117,24.755181],[-80.820241,24.756848],[-80.812469,24.761215],[-80.808203,24.760164],[-80.801372,24.759328],[-80.792974,24.759706],[-80.784131,24.761141],[-80.783378,24.761264],[-80.771095,24.765955],[-80.771084,24.765962],[-80.756478,24.776157],[-80.74979,24.783331],[-80.747873,24.78488],[-80.746161,24.787281],[-80.746112,24.787356],[-80.745118,24.788882],[-80.739658,24.790679],[-80.735656,24.792665],[-80.731159,24.794897],[-80.728122,24.797252],[-80.719454,24.799689],[-80.708814,24.804692],[-80.696382,24.812629],[-80.688958,24.815681],[-80.680891,24.820773],[-80.674814,24.825615],[-80.669547,24.826001],[-80.657774,24.8297],[-80.652345,24.831407],[-80.640431,24.838438],[-80.632305,24.845742],[-80.629977,24.847054],[-80.628847,24.84769],[-80.628383,24.847952],[-80.625787,24.850081],[-80.624785,24.850904],[-80.619899,24.85459],[-80.619115,24.8554],[-80.614585,24.860082],[-80.611298,24.865156],[-80.606155,24.868264],[-80.603723,24.870303],[-80.600295,24.873178],[-80.598206,24.875003],[-80.597917,24.875003],[-80.59705,24.875003],[-80.596762,24.875003],[-80.595435,24.876874],[-80.593325,24.879852],[-80.591184,24.882274],[-80.589665,24.883994],[-80.587465,24.886485],[-80.587253,24.886785],[-80.585454,24.889333],[-80.581519,24.890292],[-80.578074,24.892127],[-80.574818,24.893864],[-80.574759,24.893896],[-80.569952,24.897473],[-80.566873,24.900587],[-80.559148,24.90227],[-80.558822,24.902408],[-80.549849,24.906231],[-80.538167,24.912737],[-80.525287,24.923538],[-80.518257,24.933389],[-80.516329,24.936957],[-80.514346,24.940632],[-80.508233,24.941446],[-80.500002,24.942881],[-80.496391,24.943794],[-80.485559,24.946535],[-80.481949,24.94745],[-80.478161,24.948412],[-80.478084,24.948432],[-80.469501,24.951759],[-80.46744,24.953062],[-80.464138,24.955151],[-80.462889,24.955941],[-80.455078,24.962307],[-80.453368,24.963702],[-80.445525,24.973426],[-80.440182,24.985678],[-80.439389,24.992225],[-80.438979,24.995613],[-80.439104,24.997993],[-80.433709,25.000006],[-80.43399,25.000006],[-80.434836,25.000006],[-80.435118,25.000006],[-80.430423,25.001276],[-80.427951,25.002042],[-80.426409,25.002691],[-80.424149,25.003645],[-80.420085,25.005853],[-80.415024,25.008629],[-80.412548,25.010236],[-80.40933,25.012681],[-80.406036,25.015697],[-80.404021,25.018005],[-80.402554,25.019689],[-80.399661,25.023582],[-80.398512,25.025269],[-80.398427,25.025392],[-80.396507,25.028214],[-80.396353,25.028497],[-80.394908,25.031169],[-80.392824,25.035434],[-80.391705,25.039138],[-80.391627,25.0394],[-80.390967,25.042951],[-80.390908,25.043266],[-80.390863,25.043902],[-80.390664,25.046771],[-80.390598,25.047728],[-80.390553,25.048379],[-80.390286,25.052963],[-80.390272,25.053222],[-80.390438,25.057193],[-80.387337,25.057854],[-80.384088,25.058819],[-80.381318,25.059987],[-80.379545,25.060768],[-80.378214,25.061356],[-80.376293,25.062224],[-80.375006,25.062849],[-80.374893,25.062903],[-80.37478,25.062958],[-80.370754,25.065298],[-80.366384,25.06784],[-80.361677,25.070948],[-80.358751,25.072419],[-80.357783,25.072907],[-80.356043,25.074562],[-80.355077,25.075225],[-80.352745,25.076824],[-80.349367,25.080419],[-80.341867,25.088405],[-80.334221,25.098072],[-80.333324,25.099207],[-80.32987,25.104492],[-80.327071,25.108773],[-80.320283,25.119158],[-80.318334,25.121357],[-80.317803,25.121958],[-80.316952,25.123005],[-80.315506,25.125003],[-80.31536,25.125205],[-80.315214,25.125406],[-80.315444,25.125406],[-80.316135,25.125406],[-80.316366,25.125406],[-80.312788,25.130159],[-80.312651,25.130376],[-80.307863,25.138017],[-80.305289,25.141894],[-80.302902,25.144928],[-80.302389,25.145886],[-80.301334,25.147862],[-80.300063,25.150763],[-80.299875,25.151539],[-80.2995,25.15309],[-80.297249,25.162165],[-80.295317,25.162137],[-80.295013,25.164345],[-80.294793,25.167365],[-80.294773,25.170195],[-80.294833,25.171675],[-80.294223,25.172665],[-80.293163,25.174505],[-80.292013,25.176725],[-80.290803,25.178895],[-80.289703,25.180495],[-80.288573,25.182295],[-80.287893,25.183445],[-80.286823,25.185475],[-80.285923,25.187375],[-80.285163,25.188345],[-80.283803,25.190015],[-80.282293,25.192035],[-80.281323,25.193505],[-80.280003,25.195645],[-80.278373,25.198695],[-80.277263,25.201145],[-80.276703,25.202565],[-80.276083,25.203285],[-80.275003,25.204385],[-80.273703,25.205805],[-80.272213,25.207565],[-80.271183,25.208845],[-80.270113,25.210235],[-80.269193,25.211495],[-80.268323,25.212785],[-80.267293,25.214415],[-80.266343,25.216075],[-80.265463,25.217765],[-80.264263,25.220345],[-80.263673,25.221755],[-80.262533,25.224165],[-80.261533,25.226635],[-80.260743,25.228775],[-80.259663,25.230555],[-80.258783,25.231785],[-80.257653,25.233345],[-80.256183,25.235565],[-80.255403,25.236875],[-80.254773,25.237375],[-80.253103,25.238795],[-80.252233,25.239595],[-80.250373,25.241395],[-80.249013,25.242835],[-80.247483,25.244625],[-80.246383,25.246005],[-80.245453,25.247255],[-80.244283,25.248545],[-80.243243,25.249695],[-80.242113,25.251055],[-80.241031,25.252462],[-80.240023,25.253865],[-80.238943,25.255475],[-80.238133,25.256795],[-80.237343,25.258195],[-80.236443,25.259885],[-80.235553,25.261795],[-80.234803,25.263555],[-80.234143,25.265345],[-80.233593,25.266875],[-80.233133,25.267525],[-80.232363,25.268665],[-80.231633,25.269815],[-80.230743,25.271325],[-80.229643,25.273375],[-80.228733,25.275085],[-80.227603,25.277325],[-80.226883,25.278905],[-80.226103,25.280875],[-80.225343,25.283055],[-80.224953,25.284325],[-80.223893,25.285345],[-80.223033,25.286155],[-80.221913,25.287275],[-80.220703,25.288545],[-80.219793,25.289565],[-80.218673,25.290915],[-80.217833,25.291975],[-80.216703,25.293245],[-80.215605,25.294475],[-80.215063,25.295175],[-80.214453,25.295935],[-80.213873,25.296705],[-80.213073,25.297805],[-80.212523,25.298595],[-80.211993,25.299405],[-80.211083,25.300125],[-80.210013,25.301015],[-80.209263,25.301675],[-80.208093,25.302745],[-80.206813,25.303995],[-80.205853,25.304985],[-80.204793,25.306145],[-80.203653,25.307495],[-80.202673,25.308715],[-80.202323,25.309185],[-80.201413,25.310445],[-80.200523,25.311725],[-80.199693,25.313035],[-80.198803,25.314525],[-80.198153,25.315715],[-80.197543,25.316905],[-80.197193,25.317365],[-80.196913,25.317655],[-80.196373,25.318245],[-80.195853,25.318835],[-80.195333,25.319435],[-80.194703,25.320195],[-80.194083,25.320965],[-80.193363,25.321905],[-80.192663,25.322855],[-80.192223,25.323495],[-80.191893,25.323985],[-80.191463,25.324635],[-80.191043,25.325295],[-80.190872,25.325662],[-80.189393,25.328155],[-80.188263,25.330405],[-80.186973,25.333435],[-80.185323,25.338515],[-80.184583,25.341885],[-80.184103,25.345245],[-80.183893,25.348055],[-80.183874,25.348188]]],[[[-83.108741,24.629493],[-83.108917,24.61109],[-83.107535,24.598],[-83.106116,24.590214],[-83.10353,24.579967],[-83.101073,24.572399],[-83.098196,24.564956],[-83.093702,24.555271],[-83.089857,24.54821],[-83.082563,24.536877],[-83.074216,24.52617],[-83.064886,24.516165],[-83.052488,24.505198],[-83.043554,24.498576],[-83.029263,24.489743],[-83.01405,24.482324],[-82.999879,24.476985],[-82.999745,24.583921],[-82.982008,24.583769],[-82.977205,24.579834],[-82.970862,24.575852],[-82.966859,24.574194],[-82.965154,24.573488],[-82.960267,24.571464],[-82.94329,24.568932],[-82.932631,24.569846],[-82.923101,24.572322],[-82.914125,24.575977],[-82.904807,24.570888],[-82.898515,24.567918],[-82.89587,24.56667],[-82.885054,24.563382],[-82.872068,24.56222],[-82.863607,24.562989],[-82.848498,24.567606],[-82.837319,24.574467],[-82.828184,24.583769],[-82.816275,24.583765],[-82.793778,24.583758],[-82.656685,24.583713],[-82.651986,24.593301],[-82.647149,24.605668],[-82.64415,24.615811],[-82.641495,24.628716],[-82.640077,24.641786],[-82.639917,24.654918],[-82.641374,24.670619],[-82.645334,24.688639],[-82.655085,24.713319],[-82.666186,24.731715],[-82.679981,24.748517],[-82.696209,24.763401],[-82.709782,24.773126],[-82.721898,24.780206],[-82.739896,24.788438],[-82.756102,24.793853],[-82.775672,24.798177],[-82.789931,24.799911],[-82.801429,24.800473],[-82.810058,24.800414],[-82.824401,24.799401],[-82.837837,24.798208],[-82.850258,24.798759],[-82.868889,24.798093],[-82.893411,24.79445],[-82.911302,24.789688],[-82.92016,24.78767],[-82.932863,24.786722],[-82.945459,24.784967],[-82.96097,24.781653],[-82.979067,24.776057],[-82.990741,24.771382],[-83.004771,24.76451],[-83.012858,24.759858],[-83.020663,24.754828],[-83.031558,24.746797],[-83.04111,24.740914],[-83.052386,24.732734],[-83.066759,24.719838],[-83.078798,24.706085],[-83.088456,24.692055],[-83.09369,24.682682],[-83.099198,24.670533],[-83.103524,24.65799],[-83.107109,24.642558],[-83.108741,24.629493]]]]},"properties":{"state_name":"Florida","state_fipscode":"12","gnis_id":"294478","areasqkm":184934.30775936}}]}