{"type":"FeatureCollection","features":[{"type":"Feature","geometry":{"type":"MultiPolygon","coordinates":[[[[-74.72623,44.994872],[-74.727105,44.994105],[-74.727986,44.993334],[-74.729639,44.991886],[-74.731292,44.990438],[-74.731303,44.990428],[-74.739721,44.99052],[-74.744642,44.990571],[-74.748165,44.991556],[-74.748449,44.991635],[-74.748542,44.991681],[-74.74866,44.991714],[-74.749351,44.991909],[-74.750534,44.992211],[-74.750609,44.992211],[-74.750791,44.992257],[-74.751716,44.992489],[-74.757193,44.994078],[-74.757455,44.994157],[-74.757746,44.994242],[-74.759029,44.994611],[-74.760219,44.994954],[-74.760793,44.996483],[-74.761737,45.000059],[-74.763409,45.005622],[-74.777751,45.00507],[-74.783124,45.004859],[-74.785768,45.004801],[-74.793151,45.004654],[-74.795149,45.00644],[-74.799887,45.010716],[-74.800175,45.011324],[-74.80164,45.014578],[-74.812926,45.013582],[-74.813265,45.013552],[-74.817197,45.011737],[-74.821792,45.01376],[-74.826578,45.015874],[-74.83344,45.014884],[-74.834676,45.014707],[-74.835764,45.014284],[-74.835831,45.014256],[-74.839531,45.012494],[-74.841733,45.011447],[-74.841792,45.011424],[-74.845747,45.010419],[-74.845838,45.010394],[-74.846177,45.010299],[-74.847724,45.009476],[-74.85478,45.005312],[-74.856424,45.004533],[-74.85645,45.004533],[-74.862645,45.0046],[-74.866642,45.000545],[-74.874643,45.001153],[-74.877234,45.001371],[-74.881762,45.000835],[-74.882688,45.000726],[-74.882776,45.00071],[-74.887839,45.000055],[-74.888044,44.999667],[-74.891764,44.997643],[-74.891833,44.997606],[-74.900727,44.99277],[-74.901733,44.991465],[-74.90795,44.983378],[-74.908291,44.983391],[-74.909642,44.983431],[-74.910994,44.983472],[-74.913562,44.983548],[-74.91854,44.983715],[-74.93447,44.984252],[-74.939449,44.984426],[-74.940389,44.984456],[-74.941848,44.98451],[-74.947508,44.984592],[-74.95023,44.984503],[-74.970719,44.983512],[-74.97242,44.983423],[-74.972493,44.983414],[-74.982883,44.980365],[-74.992729,44.977478],[-74.992786,44.97745],[-74.999272,44.971647],[-74.999287,44.971519],[-74.999287,44.969069],[-74.99927,44.968795],[-74.99926,44.96612],[-74.999656,44.965931],[-74.99988,44.96592],[-75.003085,44.962421],[-75.004287,44.960178],[-75.00428,44.959862],[-75.004733,44.958987],[-75.005153,44.958415],[-75.015437,44.952862],[-75.026464,44.946919],[-75.027127,44.946577],[-75.034509,44.943864],[-75.044019,44.94037],[-75.053079,44.937026],[-75.059968,44.934579],[-75.060708,44.933597],[-75.061803,44.932591],[-75.062543,44.931699],[-75.064828,44.929458],[-75.066634,44.92931],[-75.076532,44.928547],[-75.083069,44.928044],[-75.084363,44.927945],[-75.085002,44.927902],[-75.085025,44.927904],[-75.090127,44.927511],[-75.096661,44.927076],[-75.098118,44.925744],[-75.098687,44.925223],[-75.105088,44.91955],[-75.107919,44.919955],[-75.113393,44.920736],[-75.117577,44.921351],[-75.121259,44.9199],[-75.124659,44.918559],[-75.124659,44.918436],[-75.125726,44.91824],[-75.126687,44.917922],[-75.1274,44.917669],[-75.133676,44.915392],[-75.134418,44.915111],[-75.135063,44.913054],[-75.137146,44.90596],[-75.138012,44.903007],[-75.138879,44.900055],[-75.139991,44.896956],[-75.164977,44.893557],[-75.188881,44.883196],[-75.194163,44.882686],[-75.202897,44.877858],[-75.218384,44.87778],[-75.228242,44.868338],[-75.241035,44.867163],[-75.245754,44.864085],[-75.256076,44.857351],[-75.268304,44.854917],[-75.273747,44.852922],[-75.276907,44.851598],[-75.28313,44.849157],[-75.290431,44.845584],[-75.295246,44.84313],[-75.304916,44.838189],[-75.307623,44.836819],[-75.306647,44.835221],[-75.30188,44.826493],[-75.305875,44.82394],[-75.320027,44.8151],[-75.333745,44.806384],[-75.336151,44.806944],[-75.338753,44.807527],[-75.34454,44.809148],[-75.34666,44.807328],[-75.358616,44.797221],[-75.369831,44.788074],[-75.369955,44.782892],[-75.373506,44.782382],[-75.378909,44.78129],[-75.387874,44.779592],[-75.396533,44.773511],[-75.39701,44.77348],[-75.405727,44.772805],[-75.407764,44.772647],[-75.413736,44.772187],[-75.418696,44.764146],[-75.423654,44.756105],[-75.428502,44.752844],[-75.440474,44.744788],[-75.444054,44.742691],[-75.449895,44.738446],[-75.457687,44.733205],[-75.458639,44.732559],[-75.467381,44.72667],[-75.476121,44.720781],[-75.479698,44.718866],[-75.485726,44.715643],[-75.495329,44.710504],[-75.499996,44.708021],[-75.50493,44.705363],[-75.505839,44.70468],[-75.513162,44.699179],[-75.52063,44.693556],[-75.521393,44.692994],[-75.528216,44.687865],[-75.532809,44.684411],[-75.538778,44.679923],[-75.546074,44.674435],[-75.55567,44.667214],[-75.558452,44.66512],[-75.562519,44.662059],[-75.569384,44.656891],[-75.574136,44.653312],[-75.579816,44.649027],[-75.587174,44.643491],[-75.594728,44.637798],[-75.610407,44.625945],[-75.611813,44.624918],[-75.620023,44.618725],[-75.628289,44.613529],[-75.636555,44.608332],[-75.644818,44.603135],[-75.653081,44.597937],[-75.660912,44.592901],[-75.662375,44.591936],[-75.676509,44.58194],[-75.678425,44.580585],[-75.699352,44.565726],[-75.720288,44.547993],[-75.723314,44.546193],[-75.725879,44.54385],[-75.738294,44.535216],[-75.766938,44.515281],[-75.807584,44.471716],[-75.811387,44.46058],[-75.821381,44.432051],[-75.841386,44.417279],[-75.860209,44.40337],[-75.861835,44.402168],[-75.869929,44.396184],[-75.874687,44.393039],[-75.901536,44.375286],[-75.904252,44.373489],[-75.912829,44.367814],[-75.920272,44.368615],[-75.921658,44.368765],[-75.929516,44.3593],[-75.940846,44.354677],[-75.949719,44.348989],[-75.970181,44.342542],[-75.972928,44.343043],[-75.974691,44.345519],[-75.975034,44.345999],[-75.978453,44.346496],[-75.980214,44.346018],[-75.98193,44.347468],[-75.983247,44.347286],[-75.983614,44.34724],[-75.986087,44.346899],[-75.988079,44.347212],[-75.990309,44.347135],[-75.990657,44.347079],[-75.992415,44.347338],[-76.000329,44.347828],[-76.001109,44.347876],[-76.008002,44.344211],[-76.045508,44.331797],[-76.071066,44.315867],[-76.083145,44.30832],[-76.088396,44.305064],[-76.096969,44.299716],[-76.104398,44.2989],[-76.111827,44.298083],[-76.118182,44.294933],[-76.124672,44.295017],[-76.129449,44.295136],[-76.13001,44.295536],[-76.131169,44.296382],[-76.13883,44.292468],[-76.157362,44.283074],[-76.161827,44.280785],[-76.163713,44.250054],[-76.16426,44.239612],[-76.191326,44.221248],[-76.201807,44.216702],[-76.206776,44.214547],[-76.245489,44.203673],[-76.249663,44.204174],[-76.265271,44.204007],[-76.286548,44.203776],[-76.296631,44.201948],[-76.312641,44.199054],[-76.352681,44.134752],[-76.352931,44.13462],[-76.353195,44.134497],[-76.355676,44.133262],[-76.372262,44.125061],[-76.374674,44.123898],[-76.384985,44.119109],[-76.395304,44.11433],[-76.397486,44.113318],[-76.399667,44.112306],[-76.402854,44.11081],[-76.406042,44.109315],[-76.422118,44.101762],[-76.438206,44.09422],[-76.438289,44.094181],[-76.440427,44.090863],[-76.469675,44.045462],[-76.498929,44.000068],[-76.499672,43.999547],[-76.600099,43.875067],[-76.600111,43.87505],[-76.623516,43.846979],[-76.624685,43.845578],[-76.63362,43.834439],[-76.701289,43.750068],[-76.734728,43.70813],[-76.753541,43.684284],[-76.75808,43.673334],[-76.771696,43.640487],[-76.776236,43.629538],[-76.788035,43.629525],[-76.801938,43.629511],[-76.823434,43.629473],[-76.835234,43.629453],[-76.850404,43.629436],[-76.857003,43.62943],[-76.895917,43.629366],[-76.911088,43.629342],[-76.921285,43.629327],[-76.951876,43.629282],[-76.962074,43.629268],[-76.999267,43.629222],[-76.999737,43.629213],[-77.007682,43.629334],[-77.124713,43.631127],[-77.133463,43.631091],[-77.133476,43.63109],[-77.1917,43.630847],[-77.249718,43.630603],[-77.249718,43.631549],[-77.258509,43.631545],[-77.258525,43.631544],[-77.309148,43.631525],[-77.3748,43.631484],[-77.387998,43.631552],[-77.499728,43.632093],[-77.513899,43.632034],[-77.515317,43.632028],[-77.530972,43.631963],[-77.539572,43.631927],[-77.601685,43.631667],[-77.696305,43.631271],[-77.747625,43.63143],[-77.749735,43.631437],[-77.802644,43.631487],[-77.874738,43.63148],[-77.993985,43.631243],[-77.999742,43.631296],[-78.022187,43.631276],[-78.038652,43.631261],[-78.038655,43.63126],[-78.117784,43.63119],[-78.117795,43.63119],[-78.124745,43.631184],[-78.128815,43.631203],[-78.19397,43.631512],[-78.194014,43.631512],[-78.249747,43.631775],[-78.258612,43.631798],[-78.258634,43.631799],[-78.269125,43.631826],[-78.293093,43.631889],[-78.367451,43.632071],[-78.374752,43.632101],[-78.374752,43.633187],[-78.388825,43.633224],[-78.468714,43.633437],[-78.499755,43.633528],[-78.50847,43.633613],[-78.624748,43.634808],[-78.64836,43.634784],[-78.685218,43.634747],[-78.685267,43.634747],[-78.688298,43.634751],[-78.693653,43.632641],[-78.694216,43.63241],[-78.694547,43.632274],[-78.695931,43.631733],[-78.699293,43.630413],[-78.701734,43.62945],[-78.704912,43.628166],[-78.706433,43.627536],[-78.71157,43.625422],[-78.749764,43.609267],[-78.754519,43.607606],[-78.775046,43.600466],[-78.87425,43.565955],[-78.998169,43.522509],[-79.063722,43.500029],[-79.124773,43.478473],[-79.157908,43.46626],[-79.172349,43.460938],[-79.173814,43.460411],[-79.200939,43.450431],[-79.148775,43.375064],[-79.12476,43.340431],[-79.114959,43.326394],[-79.114445,43.325658],[-79.105305,43.312564],[-79.085625,43.284236],[-79.075858,43.270177],[-79.074777,43.268634],[-79.071535,43.264006],[-79.070455,43.262464],[-79.055935,43.254683],[-79.055837,43.254209],[-79.055671,43.253436],[-79.054682,43.248768],[-79.055793,43.239103],[-79.055531,43.23761],[-79.055391,43.236763],[-79.054421,43.231286],[-79.053049,43.223469],[-79.054383,43.218477],[-79.056562,43.210326],[-79.048697,43.200167],[-79.050517,43.192876],[-79.052716,43.184068],[-79.052961,43.179858],[-79.053308,43.173914],[-79.053188,43.173576],[-79.051072,43.167626],[-79.048472,43.164555],[-79.046633,43.162383],[-79.044951,43.155933],[-79.044432,43.153076],[-79.044417,43.152979],[-79.04422,43.151888],[-79.042827,43.149285],[-79.042302,43.143672],[-79.043676,43.138415],[-79.049493,43.135158],[-79.052183,43.132071],[-79.052551,43.131648],[-79.054126,43.129378],[-79.05709,43.127046],[-79.059412,43.126485],[-79.069652,43.120331],[-79.062566,43.116101],[-79.060108,43.113875],[-79.05865,43.110929],[-79.058265,43.109288],[-79.05826,43.109265],[-79.058235,43.109158],[-79.058187,43.108953],[-79.058143,43.108771],[-79.058113,43.108642],[-79.058091,43.108553],[-79.05807,43.108464],[-79.05804,43.10821],[-79.057964,43.106966],[-79.058476,43.105949],[-79.06229,43.098385],[-79.063562,43.095864],[-79.064199,43.094588],[-79.065964,43.09106],[-79.066225,43.090849],[-79.066679,43.090484],[-79.067225,43.090044],[-79.067336,43.089955],[-79.067855,43.089408],[-79.069154,43.088038],[-79.074006,43.08302],[-79.07537,43.081363],[-79.074462,43.077871],[-79.04557,43.07257],[-79.039768,43.07147],[-79.032774,43.070224],[-79.028657,43.069491],[-79.026866,43.069172],[-79.025339,43.06893],[-79.020758,43.068207],[-79.019231,43.067966],[-79.007133,43.065765],[-78.999438,43.056065],[-79.005142,43.047064],[-79.01175,43.028964],[-79.023259,43.016364],[-79.020878,43.000725],[-79.020844,43.000503],[-79.019967,42.994764],[-79.011566,42.985264],[-78.98326,42.972468],[-78.975065,42.968764],[-78.972527,42.966812],[-78.972465,42.966764],[-78.961764,42.957764],[-78.932363,42.955865],[-78.921963,42.948965],[-78.921198,42.948447],[-78.918862,42.946865],[-78.915662,42.942265],[-78.91425,42.94034],[-78.913269,42.939002],[-78.912362,42.937765],[-78.909162,42.933265],[-78.907726,42.929564],[-78.905662,42.923365],[-78.905762,42.921165],[-78.905762,42.913065],[-78.905761,42.908057],[-78.905772,42.90695],[-78.905761,42.906058],[-78.905761,42.899965],[-78.906223,42.89904],[-78.909761,42.891965],[-78.912451,42.886563],[-78.915362,42.880765],[-78.930562,42.850113],[-78.95688,42.832718],[-78.997017,42.806191],[-78.999763,42.804376],[-79.018451,42.797358],[-79.043578,42.787921],[-79.045507,42.787196],[-79.124767,42.757431],[-79.143477,42.750065],[-79.249769,42.710393],[-79.312139,42.686813],[-79.338013,42.677042],[-79.366466,42.666298],[-79.374772,42.663161],[-79.411576,42.649438],[-79.476945,42.625065],[-79.49583,42.617745],[-79.499774,42.616217],[-79.532231,42.603863],[-79.624776,42.568637],[-79.663158,42.553999],[-79.749778,42.520964],[-79.762421,42.51608],[-79.762593,42.500066],[-79.762329,42.445348],[-79.762572,42.375066],[-79.762027,42.282091],[-79.762001,42.277733],[-79.761977,42.273681],[-79.761952,42.269408],[-79.761872,42.269416],[-79.76187,42.269334],[-79.761864,42.269166],[-79.76185,42.268057],[-79.761852,42.267649],[-79.761858,42.267554],[-79.761943,42.252713],[-79.761939,42.252311],[-79.76192,42.252152],[-79.761887,42.251896],[-79.761923,42.249679],[-79.761919,42.249427],[-79.761843,42.243878],[-79.761849,42.243333],[-79.761849,42.24332],[-79.76185,42.243256],[-79.761855,42.241545],[-79.761869,42.235833],[-79.76188,42.233259],[-79.761853,42.230949],[-79.76185,42.230851],[-79.761846,42.230674],[-79.761825,42.228637],[-79.761931,42.219171],[-79.761931,42.219157],[-79.761925,42.217654],[-79.761857,42.200324],[-79.761857,42.200251],[-79.761857,42.200235],[-79.761862,42.19704],[-79.761855,42.195143],[-79.761867,42.195098],[-79.761895,42.194989],[-79.761893,42.194678],[-79.761758,42.18363],[-79.761782,42.181156],[-79.761797,42.17962],[-79.761792,42.173425],[-79.761792,42.173391],[-79.761792,42.173326],[-79.761768,42.167967],[-79.761744,42.162703],[-79.761771,42.160054],[-79.761735,42.15531],[-79.761735,42.155296],[-79.761793,42.150726],[-79.761842,42.150708],[-79.761955,42.150666],[-79.761942,42.150173],[-79.761961,42.148017],[-79.761962,42.147952],[-79.761964,42.142463],[-79.761982,42.139406],[-79.761909,42.134565],[-79.761899,42.133924],[-79.761927,42.132708],[-79.761968,42.131191],[-79.761853,42.130513],[-79.761858,42.130199],[-79.761858,42.129443],[-79.761865,42.123057],[-79.761872,42.11883],[-79.761874,42.107521],[-79.761876,42.100565],[-79.761874,42.094803],[-79.761878,42.086289],[-79.761893,42.060576],[-79.761894,42.05408],[-79.761895,42.041901],[-79.76188,42.037543],[-79.761922,42.027989],[-79.76194,42.022947],[-79.761948,42.019996],[-79.761948,42.019738],[-79.761951,42.018905],[-79.761946,42.018572],[-79.761957,41.998849],[-79.761316,41.998816],[-79.761156,41.998817],[-79.760533,41.998822],[-79.760277,41.998824],[-79.752751,41.998808],[-79.75266,41.998809],[-79.749804,41.99885],[-79.749662,41.998852],[-79.729919,41.998867],[-79.728667,41.998875],[-79.725789,41.998858],[-79.72466,41.998854],[-79.724585,41.998854],[-79.718687,41.998816],[-79.716112,41.998899],[-79.708808,41.998888],[-79.703511,41.998879],[-79.703308,41.998879],[-79.694768,41.998864],[-79.69349,41.998923],[-79.691868,41.998924],[-79.68683,41.998924],[-79.679407,41.998924],[-79.678281,41.998883],[-79.678071,41.998894],[-79.677438,41.998927],[-79.675131,41.998929],[-79.674405,41.998929],[-79.659774,41.99892],[-79.658345,41.998911],[-79.654986,41.998891],[-79.651861,41.998894],[-79.649846,41.998912],[-79.646839,41.998906],[-79.645973,41.998898],[-79.645446,41.998897],[-79.645032,41.998896],[-79.644301,41.998895],[-79.644152,41.998895],[-79.643533,41.998894],[-79.640601,41.998859],[-79.640191,41.998856],[-79.635709,41.998846],[-79.634391,41.998823],[-79.632536,41.998831],[-79.63217,41.998841],[-79.631941,41.99884],[-79.629761,41.99883],[-79.625328,41.99881],[-79.624386,41.998807],[-79.622087,41.998797],[-79.61084,41.998765],[-79.592079,41.998667],[-79.592018,41.998667],[-79.589157,41.998651],[-79.581532,41.998634],[-79.564376,41.998596],[-79.562065,41.998587],[-79.5619,41.998586],[-79.55928,41.998574],[-79.558811,41.998562],[-79.558708,41.998562],[-79.553063,41.998547],[-79.551889,41.998542],[-79.551598,41.99854],[-79.537767,41.998474],[-79.533054,41.998469],[-79.531893,41.998467],[-79.527997,41.998459],[-79.513774,41.998387],[-79.510996,41.998372],[-79.507444,41.998385],[-79.503498,41.998394],[-79.49383,41.998422],[-79.492011,41.998427],[-79.491657,41.998428],[-79.491432,41.998428],[-79.487278,41.998427],[-79.477732,41.998425],[-79.468448,41.99842],[-79.464318,41.998418],[-79.452274,41.998474],[-79.449082,41.998495],[-79.445577,41.998513],[-79.439735,41.998496],[-79.434721,41.998481],[-79.425034,41.998452],[-79.411734,41.998412],[-79.405627,41.998483],[-79.39406,41.998616],[-79.388305,41.998652],[-79.38247,41.998685],[-79.382096,41.998687],[-79.381811,41.998689],[-79.38172,41.998689],[-79.380554,41.998696],[-79.380398,41.998697],[-79.379577,41.998701],[-79.37734,41.998707],[-79.374775,41.998714],[-79.372205,41.998712],[-79.371819,41.998745],[-79.365117,41.998782],[-79.351623,41.998877],[-79.343955,41.99893],[-79.342345,41.998941],[-79.34096,41.99893],[-79.340623,41.998927],[-79.314276,41.998713],[-79.314218,41.998713],[-79.307921,41.998733],[-79.295576,41.998774],[-79.28799,41.9988],[-79.287142,41.998802],[-79.285868,41.998807],[-79.265307,41.998833],[-79.265294,41.998833],[-79.256454,41.998843],[-79.256414,41.998843],[-79.256397,41.998843],[-79.249775,41.998905],[-79.234391,41.999049],[-79.234339,41.999049],[-79.217384,41.999205],[-79.207148,41.999294],[-79.206928,41.999296],[-79.206855,41.999297],[-79.206607,41.999299],[-79.202015,41.99934],[-79.184816,41.999493],[-79.184422,41.999496],[-79.179525,41.999539],[-79.158441,41.999678],[-79.158416,41.999678],[-79.145632,41.999637],[-79.145233,41.999632],[-79.144787,41.99963],[-79.141665,41.999619],[-79.130222,41.99958],[-79.102284,41.999518],[-79.091111,41.999493],[-79.090393,41.999491],[-79.079091,41.999463],[-79.064795,41.999426],[-79.061262,41.999419],[-79.053526,41.999398],[-79.052473,41.999395],[-79.042065,41.999322],[-79.037601,41.999291],[-78.996725,41.998994],[-78.99651,41.998996],[-78.983215,41.998893],[-78.982628,41.998887],[-78.981762,41.998879],[-78.980063,41.998867],[-78.977583,41.998847],[-78.973898,41.998817],[-78.971961,41.998802],[-78.969899,41.998785],[-78.962734,41.998726],[-78.961381,41.998715],[-78.944524,41.99847],[-78.944068,41.998463],[-78.941471,41.998426],[-78.936386,41.998331],[-78.936332,41.99833],[-78.935225,41.998318],[-78.93518,41.998317],[-78.924326,41.998191],[-78.918899,41.998127],[-78.911192,41.99803],[-78.90846,41.997996],[-78.906749,41.997974],[-78.905947,41.997963],[-78.905683,41.998001],[-78.889841,41.997908],[-78.888704,41.997879],[-78.858198,41.997719],[-78.857362,41.997713],[-78.833193,41.997926],[-78.827415,41.997951],[-78.81668,41.998018],[-78.814505,41.99802],[-78.814138,41.998023],[-78.784468,41.998075],[-78.783631,41.998076],[-78.78055,41.998082],[-78.780339,41.998084],[-78.759239,41.998211],[-78.755372,41.998274],[-78.716481,41.998539],[-78.71534,41.998547],[-78.714955,41.998552],[-78.70974,41.998613],[-78.708889,41.99858],[-78.698813,41.998642],[-78.697256,41.998678],[-78.696796,41.998688],[-78.683635,41.998918],[-78.678189,41.998982],[-78.677915,41.999019],[-78.676387,41.999042],[-78.675304,41.999062],[-78.649613,41.999529],[-78.631864,41.999843],[-78.622879,41.999983],[-78.6228,41.999984],[-78.622711,41.999982],[-78.62261,41.999971],[-78.619477,41.999984],[-78.619095,41.999981],[-78.618778,41.999977],[-78.617987,41.999975],[-78.611329,41.999961],[-78.582381,41.999918],[-78.580246,41.999914],[-78.579684,41.999913],[-78.571544,41.999898],[-78.566144,41.999888],[-78.560866,41.999878],[-78.558872,41.999875],[-78.545891,41.999858],[-78.541756,41.999853],[-78.534433,41.999873],[-78.533808,41.999875],[-78.533117,41.999878],[-78.528343,41.999897],[-78.525134,41.999909],[-78.522691,41.999913],[-78.521617,41.999915],[-78.520684,41.999914],[-78.520215,41.999913],[-78.519808,41.999905],[-78.519789,41.999905],[-78.516744,41.99989],[-78.516624,41.999889],[-78.51642,41.999922],[-78.51124,41.999928],[-78.510289,41.999929],[-78.505766,41.999932],[-78.505722,41.999932],[-78.505648,41.999932],[-78.503567,41.999926],[-78.491778,41.999887],[-78.491704,41.999886],[-78.488104,41.999874],[-78.487731,41.999833],[-78.478357,41.999816],[-78.478095,41.999815],[-78.476703,41.999812],[-78.474631,41.999807],[-78.47414,41.999806],[-78.471697,41.999802],[-78.468881,41.999798],[-78.46646,41.999794],[-78.46541,41.999792],[-78.463321,41.999787],[-78.462949,41.999787],[-78.462823,41.999787],[-78.462437,41.999786],[-78.462379,41.999786],[-78.461263,41.999784],[-78.46073,41.999782],[-78.456637,41.999773],[-78.45633,41.999801],[-78.448171,41.999821],[-78.444692,41.99982],[-78.444171,41.99982],[-78.443574,41.999819],[-78.442149,41.999819],[-78.428782,41.999818],[-78.417539,41.999762],[-78.415242,41.99975],[-78.412722,41.999737],[-78.411857,41.999733],[-78.409555,41.99972],[-78.407208,41.99971],[-78.406337,41.999706],[-78.405988,41.999704],[-78.396706,41.999662],[-78.393356,41.999647],[-78.390289,41.999633],[-78.385905,41.999617],[-78.385688,41.999616],[-78.385548,41.999616],[-78.384935,41.999617],[-78.381367,41.999622],[-78.38125,41.999622],[-78.380469,41.999622],[-78.378599,41.999589],[-78.366821,41.999544],[-78.359946,41.999518],[-78.350587,41.999481],[-78.350362,41.99948],[-78.350243,41.999479],[-78.349977,41.999477],[-78.348774,41.999474],[-78.347832,41.999469],[-78.34696,41.999466],[-78.344831,41.999457],[-78.322724,41.999288],[-78.313107,41.999233],[-78.311815,41.999223],[-78.311492,41.99922],[-78.31036,41.999214],[-78.308147,41.999201],[-78.307075,41.999195],[-78.302498,41.999179],[-78.302395,41.999179],[-78.302274,41.999177],[-78.300269,41.999171],[-78.298091,41.999167],[-78.297805,41.999166],[-78.284026,41.999116],[-78.28103,41.999107],[-78.279299,41.999107],[-78.279277,41.999107],[-78.274913,41.999113],[-78.272901,41.999119],[-78.268817,41.999159],[-78.257362,41.999244],[-78.248064,41.999321],[-78.247911,41.999322],[-78.247481,41.999322],[-78.245834,41.999335],[-78.220059,41.999462],[-78.206607,41.999525],[-78.206383,41.999526],[-78.196817,41.99957],[-78.196152,41.999573],[-78.196129,41.999573],[-78.196078,41.999573],[-78.195129,41.999577],[-78.19127,41.999672],[-78.18743,41.999767],[-78.184839,41.999831],[-78.17822,41.999994],[-78.177093,42.000022],[-78.177032,42.000023],[-78.176891,42.000029],[-78.174497,42.000049],[-78.174396,42.00005],[-78.167567,42.000109],[-78.156107,42.000173],[-78.153676,42.000204],[-78.144924,42.000321],[-78.14476,42.000322],[-78.14296,42.000315],[-78.136685,42.000289],[-78.136199,42.00029],[-78.134817,42.000297],[-78.122134,42.000366],[-78.121518,42.000397],[-78.114457,42.000265],[-78.112247,42.000225],[-78.111582,42.000222],[-78.110827,42.000216],[-78.108831,42.000197],[-78.10356,42.000157],[-78.093439,42.000074],[-78.09309,42.000074],[-78.092837,42.000061],[-78.092237,42.000054],[-78.089054,42.000019],[-78.088982,42.000016],[-78.074358,41.999856],[-78.072581,41.999834],[-78.059623,41.999669],[-78.055248,41.999651],[-78.054176,41.999635],[-78.040423,41.999427],[-78.033446,41.999377],[-78.031451,41.999362],[-78.031392,41.999361],[-78.030809,41.999357],[-78.0301,41.999351],[-78.026754,41.999326],[-78.024779,41.99931],[-78.023511,41.9993],[-78.003798,41.999145],[-78.001909,41.99913],[-77.996998,41.999088],[-77.981474,41.998963],[-77.981013,41.998956],[-77.980916,41.998955],[-77.967476,41.998801],[-77.967439,41.998801],[-77.965433,41.998778],[-77.964553,41.998767],[-77.962824,41.998751],[-77.957125,41.9987],[-77.947481,41.998561],[-77.940643,41.998481],[-77.940357,41.998478],[-77.929832,41.998411],[-77.911353,41.998288],[-77.90682,41.998235],[-77.906367,41.998243],[-77.905747,41.998238],[-77.904411,41.998227],[-77.894354,41.998215],[-77.880411,41.998231],[-77.870262,41.998245],[-77.869723,41.998239],[-77.863288,41.998251],[-77.863258,41.998251],[-77.862773,41.998251],[-77.862279,41.998252],[-77.861194,41.998254],[-77.858424,41.998258],[-77.84568,41.99828],[-77.840385,41.998285],[-77.832048,41.998294],[-77.829806,41.998296],[-77.829769,41.998294],[-77.828399,41.998267],[-77.823578,41.998311],[-77.82325,41.998304],[-77.82294,41.998304],[-77.817543,41.998331],[-77.816217,41.998339],[-77.798438,41.998432],[-77.797349,41.998458],[-77.797262,41.998458],[-77.792085,41.998452],[-77.791826,41.998465],[-77.770805,41.998569],[-77.769935,41.998573],[-77.762037,41.998613],[-77.749939,41.998671],[-77.745265,41.998693],[-77.736869,41.99873],[-77.736821,41.99873],[-77.732591,41.99875],[-77.732305,41.998736],[-77.728699,41.998767],[-77.727617,41.998776],[-77.727296,41.998777],[-77.721897,41.998805],[-77.714376,41.998841],[-77.713203,41.998847],[-77.707866,41.998804],[-77.687633,41.999066],[-77.657785,41.999385],[-77.653275,41.999433],[-77.651843,41.999448],[-77.648722,41.999481],[-77.635719,41.999447],[-77.631625,41.999436],[-77.631169,41.999434],[-77.620518,41.99941],[-77.619881,41.999405],[-77.61985,41.999405],[-77.61003,41.999376],[-77.609774,41.999392],[-77.59893,41.999435],[-77.598799,41.999436],[-77.595607,41.99945],[-77.590257,41.999469],[-77.584697,41.999504],[-77.584634,41.999504],[-77.570663,41.999577],[-77.564978,41.999604],[-77.564035,41.999609],[-77.563566,41.999611],[-77.562859,41.999614],[-77.511964,42.000085],[-77.503991,42.000109],[-77.502971,42.000111],[-77.501433,42.000112],[-77.49033,42.000133],[-77.488933,42.000136],[-77.488772,42.000136],[-77.476365,42.000155],[-77.476335,42.000155],[-77.475772,42.000157],[-77.463789,42.000164],[-77.461708,42.000164],[-77.45851,42.000165],[-77.456912,42.000169],[-77.45658,42.00017],[-77.439674,42.000126],[-77.437586,42.000117],[-77.433536,42.000135],[-77.428226,42.000121],[-77.427118,42.000119],[-77.425421,42.000112],[-77.425097,42.00008],[-77.425012,42.000079],[-77.424025,42.000079],[-77.403337,42.000079],[-77.403319,42.000087],[-77.403001,42.000079],[-77.395829,42.000079],[-77.395292,42.000065],[-77.394599,42.000065],[-77.392634,42.000057],[-77.390853,42.000048],[-77.375129,41.999972],[-77.369548,41.999951],[-77.367622,41.999956],[-77.362457,41.999923],[-77.355279,41.999901],[-77.338978,41.999844],[-77.338448,41.999842],[-77.337018,41.999837],[-77.330052,41.999819],[-77.319842,41.999791],[-77.319476,41.999806],[-77.316312,41.999774],[-77.316271,41.999774],[-77.312189,41.999753],[-77.305331,41.999723],[-77.304436,41.999727],[-77.30365,41.999729],[-77.303625,41.999728],[-77.302953,41.999721],[-77.302936,41.99973],[-77.295639,41.999745],[-77.295039,41.999747],[-77.294177,41.999749],[-77.291177,41.999742],[-77.288035,41.999736],[-77.287434,41.999734],[-77.283358,41.999719],[-77.279327,41.999737],[-77.274868,41.999686],[-77.274772,41.999689],[-77.274373,41.999698],[-77.257661,41.999657],[-77.256798,41.999655],[-77.248269,41.999632],[-77.244354,41.999642],[-77.244322,41.999641],[-77.243684,41.99962],[-77.239411,41.999609],[-77.228797,41.99962],[-77.220806,41.999628],[-77.220653,41.999628],[-77.220593,41.999628],[-77.220569,41.999628],[-77.219855,41.999631],[-77.219643,41.999631],[-77.218514,41.999636],[-77.210233,41.999684],[-77.203831,41.999721],[-77.200408,41.999667],[-77.198881,41.999674],[-77.198583,41.999676],[-77.198329,41.999677],[-77.19819,41.999678],[-77.196499,41.999686],[-77.194883,41.999694],[-77.192848,41.999703],[-77.187769,41.999693],[-77.187731,41.999693],[-77.186637,41.999691],[-77.186319,41.999689],[-77.184995,41.999679],[-77.18468,41.999686],[-77.184632,41.999687],[-77.184547,41.999689],[-77.184455,41.999702],[-77.183326,41.999684],[-77.183149,41.999681],[-77.183018,41.999729],[-77.182518,41.999727],[-77.180817,41.999739],[-77.180377,41.999745],[-77.179747,41.999757],[-77.179119,41.999769],[-77.178449,41.999761],[-77.178042,41.999757],[-77.177329,41.999749],[-77.176544,41.99974],[-77.176009,41.999734],[-77.175267,41.999733],[-77.174416,41.999733],[-77.173761,41.99972],[-77.173118,41.999708],[-77.17287,41.999703],[-77.172443,41.999702],[-77.171966,41.9997],[-77.171894,41.999707],[-77.171566,41.999682],[-77.161422,41.999613],[-77.156428,41.999648],[-77.144535,41.999713],[-77.143962,41.999716],[-77.135702,41.999763],[-77.135649,41.999763],[-77.135392,41.999764],[-77.134088,41.999768],[-77.131112,41.999787],[-77.127046,41.999806],[-77.126988,41.999807],[-77.126945,41.999807],[-77.114705,41.999825],[-77.114422,41.999826],[-77.114263,41.999827],[-77.114221,41.999827],[-77.11403,41.999828],[-77.113886,41.999828],[-77.113718,41.999827],[-77.113689,41.999827],[-77.112339,41.999828],[-77.111792,41.999828],[-77.103255,41.999841],[-77.102726,41.999843],[-77.099207,41.999875],[-77.096072,41.999907],[-77.093909,41.999928],[-77.083275,42.000026],[-77.083122,42.000027],[-77.064431,42.000208],[-77.064387,42.000208],[-77.06359,42.000212],[-77.05275,42.000316],[-77.050498,42.000337],[-77.049863,42.000343],[-77.038651,42.000449],[-77.03594,42.000474],[-77.035113,42.000491],[-77.031006,42.000518],[-77.030922,42.000519],[-77.02766,42.000563],[-77.02673,42.000576],[-77.026043,42.000587],[-77.021547,42.000593],[-77.021005,42.000604],[-77.020237,42.00061],[-77.019766,42.000611],[-77.019192,42.000616],[-77.018549,42.00064],[-77.017556,42.000682],[-77.016986,42.000703],[-77.015941,42.000708],[-77.014159,42.000745],[-77.013412,42.000742],[-77.012242,42.000725],[-77.008946,42.00073],[-77.008677,42.000732],[-77.008151,42.000736],[-77.00741,42.000741],[-76.985378,42.000955],[-76.965793,42.001122],[-76.955983,42.001241],[-76.955401,42.001244],[-76.946376,42.001353],[-76.942643,42.001372],[-76.942535,42.001395],[-76.942425,42.001404],[-76.940325,42.001452],[-76.937383,42.001471],[-76.937116,42.001474],[-76.927061,42.001583],[-76.925263,42.001598],[-76.907468,42.001741],[-76.902712,42.001778],[-76.902639,42.001779],[-76.902541,42.001779],[-76.901375,42.001789],[-76.88876,42.001886],[-76.875954,42.001914],[-76.870862,42.001926],[-76.868466,42.00193],[-76.860456,42.001944],[-76.86044,42.001944],[-76.833999,42.001999],[-76.833987,42.002008],[-76.830837,42.002007],[-76.830575,42.001998],[-76.830471,42.001993],[-76.830442,42.001991],[-76.830274,42.001987],[-76.830051,42.001987],[-76.829929,42.00199],[-76.829607,42.002004],[-76.829398,42.002019],[-76.828979,42.002026],[-76.828801,42.002024],[-76.828696,42.002022],[-76.828473,42.002],[-76.827786,42.002005],[-76.827188,42.002001],[-76.825791,42.001992],[-76.824208,42.001981],[-76.82376,42.001978],[-76.823137,42.001974],[-76.821577,42.001932],[-76.82126,42.001924],[-76.820575,42.001922],[-76.815588,42.001906],[-76.815187,42.001875],[-76.814812,42.001946],[-76.810789,42.001935],[-76.810615,42.001935],[-76.787926,42.001874],[-76.785591,42.001864],[-76.785477,42.001864],[-76.783511,42.001862],[-76.78344,42.001859],[-76.778526,42.001846],[-76.777832,42.001845],[-76.772252,42.001822],[-76.763732,42.001764],[-76.755119,42.001704],[-76.750668,42.001672],[-76.749677,42.001697],[-76.748526,42.001692],[-76.747275,42.001676],[-76.742456,42.001636],[-76.741386,42.001626],[-76.741262,42.001625],[-76.734888,42.001572],[-76.730758,42.001537],[-76.729913,42.001531],[-76.729615,42.001527],[-76.72957,42.001527],[-76.728871,42.00152],[-76.72855,42.001517],[-76.728502,42.001517],[-76.72837,42.001516],[-76.728127,42.001514],[-76.727694,42.00151],[-76.726237,42.001498],[-76.726101,42.001497],[-76.726038,42.001496],[-76.725925,42.001495],[-76.725163,42.001489],[-76.72514,42.001489],[-76.725064,42.001488],[-76.712353,42.001383],[-76.707141,42.001339],[-76.706953,42.001335],[-76.705709,42.001327],[-76.701654,42.001293],[-76.693438,42.001225],[-76.686954,42.001151],[-76.677432,42.00107],[-76.670773,42.001013],[-76.662067,42.00094],[-76.656473,42.000891],[-76.647783,42.000815],[-76.647088,42.000809],[-76.647028,42.000808],[-76.641384,42.000759],[-76.639281,42.00074],[-76.638111,42.00073],[-76.63799,42.000729],[-76.636888,42.000719],[-76.633005,42.000686],[-76.625701,42.000622],[-76.623911,42.000606],[-76.62209,42.00059],[-76.621147,42.000582],[-76.621093,42.000582],[-76.618514,42.000559],[-76.612657,42.000507],[-76.595983,42.000356],[-76.595787,42.000353],[-76.59533,42.00035],[-76.595074,42.000348],[-76.594769,42.000345],[-76.594273,42.00034],[-76.59374,42.000336],[-76.589288,42.000296],[-76.588774,42.000291],[-76.587684,42.000283],[-76.586214,42.000271],[-76.567816,42.000135],[-76.5594,42.000082],[-76.559239,42.000081],[-76.558666,42.000077],[-76.558157,42.000074],[-76.557729,42.000072],[-76.55768,42.000072],[-76.553101,42.000041],[-76.551743,42.000034],[-76.55013,42.000022],[-76.548869,42.000013],[-76.548765,42.000011],[-76.543934,41.999981],[-76.541363,41.999963],[-76.537855,41.999925],[-76.537818,41.999924],[-76.536834,41.999914],[-76.536788,41.999913],[-76.534996,41.999892],[-76.534901,41.999892],[-76.533528,41.999878],[-76.532147,41.999863],[-76.531663,41.999858],[-76.528993,41.999829],[-76.528239,41.999821],[-76.526612,41.999804],[-76.526161,41.999799],[-76.524766,41.999782],[-76.524723,41.999782],[-76.524709,41.999782],[-76.524592,41.999781],[-76.524315,41.999778],[-76.523267,41.999767],[-76.523137,41.999766],[-76.5218,41.999748],[-76.52149,41.999749],[-76.521056,41.999744],[-76.511953,41.999644],[-76.509621,41.999618],[-76.509513,41.999616],[-76.504661,41.999547],[-76.504259,41.999542],[-76.502753,41.99952],[-76.499609,41.999481],[-76.499317,41.999471],[-76.496445,41.99943],[-76.493308,41.999394],[-76.492101,41.99938],[-76.487757,41.999332],[-76.485141,41.999303],[-76.484974,41.999298],[-76.480604,41.999234],[-76.480335,41.999227],[-76.478195,41.999212],[-76.47587,41.999197],[-76.475528,41.999188],[-76.474458,41.999151],[-76.474263,41.999159],[-76.474222,41.999162],[-76.473409,41.999155],[-76.47328,41.999154],[-76.473032,41.99915],[-76.472591,41.999142],[-76.472303,41.999137],[-76.471499,41.999123],[-76.4713,41.99912],[-76.467399,41.999048],[-76.466521,41.999066],[-76.462863,41.999023],[-76.461549,41.998991],[-76.46009,41.998974],[-76.444999,41.998792],[-76.442895,41.998767],[-76.44003,41.998745],[-76.439895,41.998733],[-76.438101,41.998731],[-76.425283,41.998634],[-76.425263,41.998634],[-76.418079,41.998603],[-76.397982,41.998539],[-76.390844,41.998512],[-76.390795,41.998512],[-76.389509,41.998506],[-76.38547,41.998494],[-76.384984,41.998492],[-76.383491,41.998493],[-76.383136,41.998493],[-76.381742,41.998491],[-76.381608,41.99849],[-76.381542,41.998489],[-76.3811,41.998485],[-76.379267,41.99847],[-76.378707,41.998465],[-76.378657,41.998465],[-76.378495,41.998487],[-76.350835,41.998409],[-76.350778,41.998409],[-76.350731,41.998409],[-76.349898,41.998406],[-76.349633,41.998405],[-76.348623,41.998402],[-76.347952,41.9984],[-76.344829,41.998391],[-76.343574,41.99839],[-76.342301,41.998388],[-76.340511,41.998386],[-76.31272,41.998342],[-76.311512,41.998339],[-76.304103,41.998326],[-76.303133,41.998328],[-76.294997,41.998348],[-76.292727,41.998353],[-76.285755,41.998369],[-76.281714,41.998378],[-76.279021,41.998384],[-76.275848,41.99839],[-76.275801,41.998386],[-76.269335,41.998419],[-76.266452,41.9984],[-76.266296,41.998411],[-76.264485,41.998415],[-76.264302,41.998415],[-76.254354,41.998414],[-76.254032,41.99841],[-76.24467,41.998413],[-76.244505,41.998412],[-76.242052,41.998409],[-76.24183,41.998424],[-76.239349,41.998435],[-76.236812,41.998445],[-76.22489,41.998494],[-76.224332,41.998497],[-76.215822,41.998535],[-76.206916,41.998575],[-76.206887,41.998575],[-76.204875,41.998583],[-76.190369,41.998607],[-76.190197,41.998607],[-76.174705,41.99868],[-76.174068,41.998647],[-76.156676,41.998769],[-76.156644,41.998769],[-76.156589,41.998768],[-76.156406,41.998765],[-76.149091,41.998834],[-76.146057,41.998863],[-76.145521,41.99885],[-76.140408,41.998898],[-76.140325,41.9989],[-76.13993,41.998902],[-76.138321,41.998911],[-76.137939,41.998914],[-76.137785,41.99891],[-76.137465,41.9989],[-76.136505,41.998871],[-76.136307,41.998866],[-76.136186,41.998868],[-76.135174,41.998887],[-76.135051,41.998889],[-76.131248,41.998896],[-76.128699,41.998876],[-76.127152,41.998871],[-76.126048,41.998867],[-76.124437,41.998872],[-76.123616,41.998874],[-76.110911,41.998909],[-76.10891,41.998914],[-76.105842,41.998922],[-76.090934,41.998952],[-76.090895,41.998953],[-76.090876,41.998953],[-76.087189,41.998973],[-76.066707,41.999016],[-76.064724,41.999022],[-76.06469,41.999022],[-76.060105,41.99903],[-76.059877,41.99903],[-76.037956,41.999041],[-76.008815,41.999016],[-76.005369,41.999016],[-76.002384,41.999016],[-76.00092,41.999027],[-75.993565,41.999027],[-75.988844,41.999027],[-75.983084,41.999043],[-75.980252,41.999043],[-75.97815,41.999037],[-75.976651,41.999032],[-75.975562,41.999029],[-75.974652,41.999027],[-75.968019,41.999012],[-75.966801,41.999009],[-75.963176,41.999002],[-75.961707,41.998999],[-75.959805,41.998995],[-75.959664,41.998995],[-75.959609,41.998995],[-75.958409,41.998995],[-75.953729,41.998995],[-75.953711,41.998995],[-75.949873,41.998982],[-75.945088,41.998903],[-75.936009,41.998862],[-75.930865,41.998839],[-75.916269,41.998753],[-75.915095,41.998715],[-75.910633,41.998706],[-75.910533,41.998706],[-75.899153,41.998644],[-75.897463,41.998638],[-75.890617,41.998587],[-75.888572,41.998573],[-75.870664,41.998446],[-75.857561,41.998356],[-75.857534,41.998356],[-75.833215,41.998187],[-75.793034,41.997983],[-75.793021,41.997983],[-75.788789,41.99796],[-75.788659,41.997959],[-75.773447,41.997878],[-75.765893,41.997866],[-75.764708,41.997864],[-75.764685,41.997864],[-75.763732,41.997875],[-75.763551,41.997876],[-75.76247,41.997884],[-75.761188,41.9979],[-75.760996,41.997903],[-75.757167,41.997934],[-75.756964,41.997936],[-75.756612,41.997925],[-75.756334,41.99794],[-75.752433,41.997957],[-75.75229,41.997957],[-75.751761,41.99796],[-75.750807,41.997987],[-75.742232,41.998055],[-75.741417,41.99806],[-75.734265,41.998126],[-75.732948,41.99814],[-75.731632,41.998147],[-75.730009,41.998165],[-75.724575,41.998204],[-75.723551,41.998211],[-75.714545,41.998282],[-75.707738,41.998335],[-75.695916,41.998428],[-75.694625,41.998439],[-75.692906,41.998448],[-75.688732,41.998469],[-75.688699,41.99847],[-75.672324,41.998552],[-75.655569,41.998626],[-75.652849,41.998652],[-75.652212,41.998657],[-75.634768,41.998773],[-75.624724,41.998817],[-75.60965,41.998882],[-75.609632,41.998882],[-75.608254,41.998887],[-75.607556,41.99889],[-75.607525,41.99889],[-75.606981,41.998892],[-75.605687,41.998897],[-75.602711,41.998908],[-75.602649,41.998907],[-75.602629,41.998907],[-75.593266,41.998941],[-75.585183,41.998958],[-75.58485,41.998959],[-75.584809,41.998959],[-75.58086,41.998967],[-75.579351,41.99897],[-75.574421,41.998978],[-75.557014,41.999028],[-75.553075,41.999042],[-75.544347,41.99907],[-75.544333,41.99907],[-75.538827,41.999088],[-75.515332,41.999163],[-75.501801,41.999215],[-75.501719,41.999215],[-75.50048,41.999217],[-75.48324,41.999259],[-75.483142,41.999259],[-75.482063,41.999257],[-75.477183,41.99925],[-75.476494,41.999249],[-75.475941,41.999242],[-75.467525,41.999268],[-75.465712,41.99928],[-75.443918,41.999349],[-75.437254,41.999371],[-75.437065,41.999353],[-75.436864,41.999334],[-75.436712,41.999339],[-75.436677,41.99934],[-75.436219,41.999361],[-75.436087,41.999361],[-75.432202,41.99937],[-75.43209,41.99937],[-75.431963,41.999371],[-75.430123,41.999366],[-75.429953,41.99939],[-75.422921,41.999407],[-75.405537,41.999454],[-75.404224,41.999457],[-75.40361,41.999459],[-75.401716,41.999464],[-75.401633,41.999464],[-75.401578,41.999464],[-75.398433,41.999464],[-75.379588,41.999508],[-75.379426,41.999508],[-75.361735,41.999559],[-75.361559,41.99956],[-75.360528,41.999562],[-75.359647,41.999562],[-75.357,41.998483],[-75.356717,41.998361],[-75.35652,41.998276],[-75.355907,41.998012],[-75.355507,41.99784],[-75.355047,41.997623],[-75.354724,41.99748],[-75.35433,41.997339],[-75.353943,41.997223],[-75.35261,41.996776],[-75.351097,41.996271],[-75.350776,41.996185],[-75.34995,41.995966],[-75.348813,41.995743],[-75.348262,41.995659],[-75.34657,41.995332],[-75.346008,41.99518],[-75.345464,41.994998],[-75.344798,41.99473],[-75.344246,41.994454],[-75.343609,41.994082],[-75.343149,41.993888],[-75.342987,41.99382],[-75.342712,41.993745],[-75.342424,41.993633],[-75.342169,41.993505],[-75.341969,41.993398],[-75.341587,41.993191],[-75.341314,41.993034],[-75.341081,41.992864],[-75.340818,41.992618],[-75.340642,41.992426],[-75.340436,41.992172],[-75.340183,41.99185],[-75.339985,41.991568],[-75.339781,41.991266],[-75.339639,41.991027],[-75.339539,41.990818],[-75.339331,41.990246],[-75.338891,41.989059],[-75.338752,41.988707],[-75.338467,41.98822],[-75.338174,41.987855],[-75.337763,41.987455],[-75.337619,41.987249],[-75.337518,41.98683],[-75.337604,41.986708],[-75.337639,41.986284],[-75.337675,41.985837],[-75.337633,41.985425],[-75.337542,41.98504],[-75.337503,41.98483],[-75.337488,41.984612],[-75.337548,41.984273],[-75.337676,41.983878],[-75.337989,41.983123],[-75.338162,41.982763],[-75.338393,41.982353],[-75.338793,41.981708],[-75.338936,41.981415],[-75.338987,41.981315],[-75.339101,41.981092],[-75.339325,41.980697],[-75.339496,41.980395],[-75.339588,41.980173],[-75.339647,41.979925],[-75.339701,41.979559],[-75.339769,41.979067],[-75.339832,41.97868],[-75.339913,41.978375],[-75.339963,41.978159],[-75.340071,41.977865],[-75.340236,41.977547],[-75.340457,41.977214],[-75.34102,41.976495],[-75.341241,41.976293],[-75.341298,41.97623],[-75.34146,41.976049],[-75.341681,41.975732],[-75.34188,41.975359],[-75.341925,41.97522],[-75.341992,41.975014],[-75.342017,41.974916],[-75.342078,41.974645],[-75.34212,41.974319],[-75.342147,41.973999],[-75.342184,41.973777],[-75.342245,41.973517],[-75.342268,41.973305],[-75.342277,41.973278],[-75.342241,41.973077],[-75.342226,41.973059],[-75.342095,41.972798],[-75.34207,41.972751],[-75.341833,41.972446],[-75.341593,41.972224],[-75.3414,41.972116],[-75.341056,41.971951],[-75.340814,41.971799],[-75.340556,41.971645],[-75.340494,41.971608],[-75.340278,41.971499],[-75.339938,41.971378],[-75.339694,41.97129],[-75.339428,41.971141],[-75.338977,41.970786],[-75.338909,41.970751],[-75.338584,41.970582],[-75.338145,41.970426],[-75.337855,41.970376],[-75.337592,41.970387],[-75.337282,41.970462],[-75.337007,41.970598],[-75.336981,41.970616],[-75.336828,41.970719],[-75.336686,41.970814],[-75.336559,41.970882],[-75.336419,41.970912],[-75.336273,41.970909],[-75.336108,41.970856],[-75.335771,41.970703],[-75.335404,41.970542],[-75.335118,41.9704],[-75.334799,41.970262],[-75.334678,41.970218],[-75.334255,41.970066],[-75.33339,41.969798],[-75.332481,41.969517],[-75.331456,41.969231],[-75.330827,41.969035],[-75.329955,41.968806],[-75.329361,41.968672],[-75.329091,41.968585],[-75.328787,41.968456],[-75.328511,41.968315],[-75.328254,41.968154],[-75.327971,41.967951],[-75.32776,41.96775],[-75.32756,41.967529],[-75.327336,41.967192],[-75.327074,41.966692],[-75.326719,41.965986],[-75.326481,41.965548],[-75.326311,41.965239],[-75.326112,41.964977],[-75.325893,41.964776],[-75.325485,41.964503],[-75.325051,41.964216],[-75.324653,41.96395],[-75.32438,41.963721],[-75.324161,41.963499],[-75.323871,41.963235],[-75.323596,41.962955],[-75.323417,41.962772],[-75.323153,41.962529],[-75.322898,41.962307],[-75.322494,41.961959],[-75.322078,41.961673],[-75.321792,41.961492],[-75.321767,41.961476],[-75.321224,41.961207],[-75.320732,41.960987],[-75.320401,41.960864],[-75.320196,41.960765],[-75.319983,41.960625],[-75.319961,41.960608],[-75.319789,41.960479],[-75.31964,41.96032],[-75.319539,41.960114],[-75.319486,41.959842],[-75.319432,41.959583],[-75.319345,41.959243],[-75.319206,41.95884],[-75.319047,41.958484],[-75.318804,41.958072],[-75.318647,41.95781],[-75.318482,41.957581],[-75.31837,41.957433],[-75.31825,41.95724],[-75.318186,41.957022],[-75.318201,41.956846],[-75.318267,41.956584],[-75.318293,41.956372],[-75.318295,41.956173],[-75.318254,41.955695],[-75.318203,41.955118],[-75.318182,41.954718],[-75.318137,41.95441],[-75.318073,41.954171],[-75.318059,41.954119],[-75.317932,41.953879],[-75.317801,41.953747],[-75.317535,41.953586],[-75.317449,41.953547],[-75.31736,41.953507],[-75.316878,41.953289],[-75.316529,41.953149],[-75.316218,41.953032],[-75.315766,41.952893],[-75.315516,41.952777],[-75.315274,41.952638],[-75.3151,41.952505],[-75.31494,41.952326],[-75.314656,41.951992],[-75.314249,41.951471],[-75.31398,41.951157],[-75.313947,41.951118],[-75.31363,41.950821],[-75.31335,41.950552],[-75.312918,41.950206],[-75.31264,41.950038],[-75.312161,41.949809],[-75.311803,41.949615],[-75.311489,41.949419],[-75.311217,41.949252],[-75.310943,41.949111],[-75.310559,41.948979],[-75.310178,41.948901],[-75.309779,41.948852],[-75.309355,41.948788],[-75.309108,41.948754],[-75.308941,41.94875],[-75.308767,41.948765],[-75.308605,41.948808],[-75.308163,41.948895],[-75.307869,41.948963],[-75.307682,41.949019],[-75.307438,41.949102],[-75.307281,41.94915],[-75.307216,41.949152],[-75.307064,41.949164],[-75.306835,41.949158],[-75.306613,41.949139],[-75.306417,41.949089],[-75.306078,41.948916],[-75.305737,41.948761],[-75.305469,41.948653],[-75.305302,41.948586],[-75.304804,41.948451],[-75.304489,41.948416],[-75.304004,41.948328],[-75.303648,41.948248],[-75.303599,41.948236],[-75.303213,41.948144],[-75.30287,41.948059],[-75.302587,41.94802],[-75.302264,41.948029],[-75.301552,41.948076],[-75.301328,41.948113],[-75.301145,41.948201],[-75.30101,41.948328],[-75.300924,41.948469],[-75.300876,41.948611],[-75.300882,41.948739],[-75.300925,41.948902],[-75.300984,41.949029],[-75.301105,41.949267],[-75.301183,41.949472],[-75.301263,41.949787],[-75.301422,41.950335],[-75.301539,41.950632],[-75.30174,41.951665],[-75.301655,41.952276],[-75.301595,41.952819],[-75.301527,41.95288],[-75.301363,41.953173],[-75.30115,41.953394],[-75.300838,41.953637],[-75.300477,41.953846],[-75.300423,41.953868],[-75.299659,41.954147],[-75.299336,41.954246],[-75.298674,41.954422],[-75.298022,41.954584],[-75.29752,41.954693],[-75.297234,41.954715],[-75.297024,41.954724],[-75.296721,41.954713],[-75.29655,41.954699],[-75.296098,41.954667],[-75.295622,41.954671],[-75.29522,41.954672],[-75.294718,41.954665],[-75.29446,41.954642],[-75.293926,41.954528],[-75.293583,41.954447],[-75.293318,41.954355],[-75.292566,41.953874],[-75.292344,41.953686],[-75.291975,41.953309],[-75.291739,41.953018],[-75.291588,41.952752],[-75.291523,41.952596],[-75.291468,41.952452],[-75.291445,41.952375],[-75.291425,41.952308],[-75.291387,41.952184],[-75.291366,41.951939],[-75.291383,41.951653],[-75.291445,41.951336],[-75.291536,41.951056],[-75.291617,41.950878],[-75.291641,41.950792],[-75.291665,41.9506],[-75.291687,41.950353],[-75.291709,41.949925],[-75.291736,41.9494],[-75.291728,41.949136],[-75.291672,41.948788],[-75.291647,41.948635],[-75.291654,41.948456],[-75.29171,41.948143],[-75.291722,41.947991],[-75.291715,41.947686],[-75.291686,41.947307],[-75.291669,41.946994],[-75.291646,41.946804],[-75.291625,41.946655],[-75.291582,41.946478],[-75.291458,41.946153],[-75.291188,41.945616],[-75.291158,41.945555],[-75.291057,41.945281],[-75.291039,41.94516],[-75.291012,41.945049],[-75.290955,41.944928],[-75.290862,41.944764],[-75.290556,41.944379],[-75.290282,41.944092],[-75.290203,41.944008],[-75.289961,41.943757],[-75.28966,41.9434],[-75.289512,41.943212],[-75.289369,41.943084],[-75.289174,41.942854],[-75.289152,41.942834],[-75.289006,41.942698],[-75.288831,41.942588],[-75.288661,41.942515],[-75.288527,41.942466],[-75.28833,41.94243],[-75.287521,41.942374],[-75.287066,41.942316],[-75.28692,41.942298],[-75.286606,41.942245],[-75.286318,41.942174],[-75.286103,41.942133],[-75.285826,41.942099],[-75.285223,41.942035],[-75.28497,41.942016],[-75.284773,41.941989],[-75.284681,41.941962],[-75.284602,41.941943],[-75.284438,41.941848],[-75.284282,41.941724],[-75.284119,41.941555],[-75.283938,41.941366],[-75.283716,41.941186],[-75.28339,41.940962],[-75.28298,41.940709],[-75.28288,41.940656],[-75.282604,41.940506],[-75.282259,41.940314],[-75.282173,41.940248],[-75.282007,41.940129],[-75.281827,41.939987],[-75.281627,41.939872],[-75.281426,41.939803],[-75.280984,41.939708],[-75.280494,41.939598],[-75.280078,41.939479],[-75.279706,41.939346],[-75.279508,41.939249],[-75.279373,41.939176],[-75.279072,41.939014],[-75.278991,41.938957],[-75.278895,41.938876],[-75.278765,41.938721],[-75.278711,41.938531],[-75.278674,41.937888],[-75.27866,41.937292],[-75.2787,41.936808],[-75.278706,41.936744],[-75.278701,41.936536],[-75.278643,41.936272],[-75.278509,41.935918],[-75.277809,41.934667],[-75.277768,41.934601],[-75.277674,41.934422],[-75.277489,41.934151],[-75.277385,41.93397],[-75.277252,41.933722],[-75.277133,41.933443],[-75.277021,41.933154],[-75.27695,41.932894],[-75.276938,41.932571],[-75.27694,41.932467],[-75.276962,41.932262],[-75.277002,41.932017],[-75.277027,41.931709],[-75.277018,41.931455],[-75.276941,41.930885],[-75.276893,41.930529],[-75.276833,41.930149],[-75.276741,41.929344],[-75.276681,41.928664],[-75.276661,41.928216],[-75.276592,41.927582],[-75.276538,41.926921],[-75.276534,41.926876],[-75.276503,41.926687],[-75.276513,41.926526],[-75.276492,41.926248],[-75.276469,41.925507],[-75.276507,41.925],[-75.276574,41.924711],[-75.276634,41.924559],[-75.276677,41.92445],[-75.276799,41.924237],[-75.27686,41.924105],[-75.276878,41.923953],[-75.276854,41.923772],[-75.27681,41.923638],[-75.276803,41.923494],[-75.27683,41.923264],[-75.276831,41.923084],[-75.276802,41.922876],[-75.276723,41.922523],[-75.276635,41.922244],[-75.276544,41.922044],[-75.276488,41.921951],[-75.276416,41.921833],[-75.276335,41.921693],[-75.276262,41.921502],[-75.276174,41.921208],[-75.276041,41.920896],[-75.275869,41.920545],[-75.275631,41.920156],[-75.275616,41.92013],[-75.275428,41.91991],[-75.275202,41.919589],[-75.27497,41.91919],[-75.274775,41.918877],[-75.274589,41.918618],[-75.274342,41.918319],[-75.274013,41.918003],[-75.273856,41.917776],[-75.273695,41.917387],[-75.273522,41.917043],[-75.273299,41.916667],[-75.272955,41.916197],[-75.272511,41.915662],[-75.271956,41.915048],[-75.27163,41.914639],[-75.271249,41.914075],[-75.270883,41.913388],[-75.270487,41.912661],[-75.270067,41.912011],[-75.26963,41.911291],[-75.26925,41.910696],[-75.268893,41.91004],[-75.268664,41.909541],[-75.268491,41.909248],[-75.268266,41.908868],[-75.267985,41.908376],[-75.267736,41.907876],[-75.267606,41.907503],[-75.267486,41.907114],[-75.267361,41.906617],[-75.267278,41.906098],[-75.267213,41.905596],[-75.267182,41.905115],[-75.267208,41.904287],[-75.267249,41.9035],[-75.267298,41.903038],[-75.267359,41.902792],[-75.267474,41.902509],[-75.267718,41.902082],[-75.26777,41.90201],[-75.267775,41.901979],[-75.26784,41.901916],[-75.268001,41.901694],[-75.268349,41.90127],[-75.268908,41.900695],[-75.269574,41.900053],[-75.270324,41.899374],[-75.271208,41.898646],[-75.271413,41.898479],[-75.27214,41.897854],[-75.272442,41.897528],[-75.272678,41.897219],[-75.272777,41.897055],[-75.272871,41.896866],[-75.272975,41.896574],[-75.273037,41.896321],[-75.273057,41.896059],[-75.273014,41.895834],[-75.27293,41.895616],[-75.272846,41.895367],[-75.272783,41.895126],[-75.272688,41.894646],[-75.272641,41.894346],[-75.272572,41.893902],[-75.272462,41.893274],[-75.272434,41.893093],[-75.27233,41.892414],[-75.272199,41.891335],[-75.272181,41.891183],[-75.272041,41.889991],[-75.271871,41.889308],[-75.271786,41.888843],[-75.271687,41.888455],[-75.271587,41.888097],[-75.271485,41.887794],[-75.271362,41.887521],[-75.271319,41.887461],[-75.271228,41.887341],[-75.271185,41.88727],[-75.271018,41.887058],[-75.270757,41.886851],[-75.270412,41.886682],[-75.269964,41.886526],[-75.269226,41.886363],[-75.268377,41.886221],[-75.268351,41.88621],[-75.267636,41.88605],[-75.266869,41.885841],[-75.266419,41.885741],[-75.266132,41.885689],[-75.265998,41.885665],[-75.264912,41.885466],[-75.264468,41.885385],[-75.263949,41.88529],[-75.263654,41.885236],[-75.263524,41.885205],[-75.2631,41.885049],[-75.26266,41.884831],[-75.261647,41.884307],[-75.261151,41.884083],[-75.261136,41.884076],[-75.260625,41.883791],[-75.260609,41.88376],[-75.260444,41.883624],[-75.260167,41.88331],[-75.259894,41.882895],[-75.259585,41.882332],[-75.259279,41.881684],[-75.258791,41.880693],[-75.258596,41.880133],[-75.258385,41.879359],[-75.257566,41.877116],[-75.257532,41.877073],[-75.257462,41.87685],[-75.257422,41.876563],[-75.25741,41.876339],[-75.257461,41.876101],[-75.257573,41.875864],[-75.257758,41.875613],[-75.258039,41.87531],[-75.258285,41.875083],[-75.259052,41.874498],[-75.259624,41.874148],[-75.260129,41.873912],[-75.260816,41.873502],[-75.261684,41.872972],[-75.262258,41.872576],[-75.262707,41.872192],[-75.263211,41.871708],[-75.263386,41.871533],[-75.263716,41.871202],[-75.264074,41.870762],[-75.264229,41.870503],[-75.264301,41.870226],[-75.264315,41.869879],[-75.264297,41.869531],[-75.26421,41.869128],[-75.264051,41.868692],[-75.263868,41.868356],[-75.263603,41.86798],[-75.263182,41.867461],[-75.262973,41.867186],[-75.262857,41.866983],[-75.262723,41.866702],[-75.262618,41.866468],[-75.262493,41.866234],[-75.262131,41.865709],[-75.26203,41.865506],[-75.261829,41.865246],[-75.261592,41.864948],[-75.261023,41.864457],[-75.260414,41.863895],[-75.259709,41.863425],[-75.259258,41.863075],[-75.258971,41.862818],[-75.258719,41.862592],[-75.258318,41.862282],[-75.257964,41.862074],[-75.257586,41.861965],[-75.257113,41.861917],[-75.256607,41.861898],[-75.256079,41.861925],[-75.255521,41.862012],[-75.254749,41.862135],[-75.254261,41.862202],[-75.253755,41.862199],[-75.252735,41.862107],[-75.252102,41.862042],[-75.251861,41.862018],[-75.251469,41.862002],[-75.250983,41.862015],[-75.250536,41.86209],[-75.250003,41.862225],[-75.249479,41.86243],[-75.248795,41.862747],[-75.248106,41.863203],[-75.246977,41.864067],[-75.246226,41.86474],[-75.245607,41.865295],[-75.244921,41.865921],[-75.244496,41.866228],[-75.24404,41.86652],[-75.24338,41.866853],[-75.243347,41.866885],[-75.242404,41.867184],[-75.241871,41.867283],[-75.241458,41.867297],[-75.241149,41.86726],[-75.240916,41.867146],[-75.240735,41.867011],[-75.240507,41.866805],[-75.240336,41.866647],[-75.239893,41.866344],[-75.239287,41.865999],[-75.238933,41.865814],[-75.238661,41.865622],[-75.238473,41.865418],[-75.238257,41.865127],[-75.238068,41.864938],[-75.237796,41.864754],[-75.237292,41.86445],[-75.237104,41.864306],[-75.237031,41.864251],[-75.236762,41.86399],[-75.236516,41.863676],[-75.236334,41.863422],[-75.236057,41.863104],[-75.234567,41.861577],[-75.234388,41.861442],[-75.234233,41.86131],[-75.233451,41.860698],[-75.232583,41.860169],[-75.232161,41.8599],[-75.231614,41.859467],[-75.231145,41.859248],[-75.231009,41.859216],[-75.230658,41.859208],[-75.230516,41.859213],[-75.229676,41.859233],[-75.22921,41.859254],[-75.229021,41.859235],[-75.228902,41.859224],[-75.228699,41.859127],[-75.227989,41.858532],[-75.227585,41.858276],[-75.227181,41.858051],[-75.226919,41.857898],[-75.226604,41.857753],[-75.226227,41.857632],[-75.226178,41.85761],[-75.226153,41.857603],[-75.226049,41.857598],[-75.225703,41.857555],[-75.225363,41.85754],[-75.224965,41.857546],[-75.224482,41.857598],[-75.224086,41.85769],[-75.223795,41.857729],[-75.223525,41.85777],[-75.223337,41.857827],[-75.223168,41.857924],[-75.223017,41.858067],[-75.222832,41.858303],[-75.222681,41.858469],[-75.222262,41.858877],[-75.221623,41.859365],[-75.220971,41.85993],[-75.22018,41.860599],[-75.219791,41.860984],[-75.219578,41.861196],[-75.219091,41.861741],[-75.218708,41.862304],[-75.21828,41.862943],[-75.21814,41.86321],[-75.218061,41.863316],[-75.217955,41.863655],[-75.217785,41.863903],[-75.217507,41.86444],[-75.217209,41.864927],[-75.216806,41.865451],[-75.216525,41.865792],[-75.216415,41.865892],[-75.216051,41.866344],[-75.215778,41.866648],[-75.215411,41.867026],[-75.215026,41.867358],[-75.214783,41.867491],[-75.21468,41.867518],[-75.214014,41.867685],[-75.21376,41.867747],[-75.213646,41.867775],[-75.213029,41.86797],[-75.212074,41.868327],[-75.211318,41.868635],[-75.210571,41.868981],[-75.210508,41.869006],[-75.210041,41.869191],[-75.209571,41.869327],[-75.208071,41.869626],[-75.207321,41.869771],[-75.206469,41.869907],[-75.205578,41.869949],[-75.204639,41.869936],[-75.204092,41.869901],[-75.204004,41.869875],[-75.203735,41.869792],[-75.203289,41.869574],[-75.202719,41.869353],[-75.202269,41.86925],[-75.201795,41.869216],[-75.201415,41.869239],[-75.201018,41.869269],[-75.200532,41.869273],[-75.199831,41.869227],[-75.199172,41.869166],[-75.198649,41.869069],[-75.198005,41.868893],[-75.197332,41.868662],[-75.196844,41.868465],[-75.196102,41.868163],[-75.195412,41.867847],[-75.194906,41.867588],[-75.19453,41.867361],[-75.19424,41.867187],[-75.193445,41.866645],[-75.192839,41.866291],[-75.192346,41.865956],[-75.192117,41.865753],[-75.191818,41.865489],[-75.191449,41.865149],[-75.191163,41.864795],[-75.190933,41.864365],[-75.190705,41.86385],[-75.1904,41.863218],[-75.190179,41.862804],[-75.189944,41.862474],[-75.189598,41.86208],[-75.189139,41.861676],[-75.188471,41.86117],[-75.187558,41.860653],[-75.186786,41.860311],[-75.186071,41.860126],[-75.185731,41.86008],[-75.18536,41.860071],[-75.185048,41.860118],[-75.184536,41.860261],[-75.183944,41.860596],[-75.183345,41.8611],[-75.182731,41.861734],[-75.182188,41.862386],[-75.18203,41.862616],[-75.181706,41.863086],[-75.181297,41.863756],[-75.180825,41.864695],[-75.180514,41.865507],[-75.180231,41.866381],[-75.179903,41.867601],[-75.179721,41.868276],[-75.179549,41.868705],[-75.179303,41.869163],[-75.178773,41.870015],[-75.178357,41.870593],[-75.178034,41.870918],[-75.177586,41.871286],[-75.177233,41.871587],[-75.177006,41.871821],[-75.176746,41.872124],[-75.176553,41.872297],[-75.17632,41.872431],[-75.175829,41.872582],[-75.175299,41.872648],[-75.174871,41.872672],[-75.174576,41.872668],[-75.174091,41.872628],[-75.17327,41.872486],[-75.172462,41.872291],[-75.171513,41.871991],[-75.170841,41.871737],[-75.170691,41.871656],[-75.170567,41.871616],[-75.170439,41.871519],[-75.170143,41.871358],[-75.169763,41.871041],[-75.169626,41.870895],[-75.169317,41.870567],[-75.169268,41.870507],[-75.169138,41.87035],[-75.168864,41.870017],[-75.168619,41.869695],[-75.168426,41.869343],[-75.168278,41.86893],[-75.168177,41.868596],[-75.168089,41.868239],[-75.167952,41.867525],[-75.16792,41.867038],[-75.167944,41.866429],[-75.168082,41.865328],[-75.168166,41.864519],[-75.168359,41.863319],[-75.168398,41.862609],[-75.168462,41.861777],[-75.168574,41.860806],[-75.168605,41.860297],[-75.168578,41.859926],[-75.168514,41.859477],[-75.168328,41.858708],[-75.168057,41.857976],[-75.167484,41.856821],[-75.1673,41.856523],[-75.167092,41.856287],[-75.166844,41.856042],[-75.166596,41.855781],[-75.166399,41.855553],[-75.166224,41.855279],[-75.165947,41.854717],[-75.165803,41.854196],[-75.165676,41.853745],[-75.1655,41.853247],[-75.165229,41.852801],[-75.164817,41.852259],[-75.164524,41.851903],[-75.164383,41.851732],[-75.163967,41.851298],[-75.163486,41.850932],[-75.162881,41.850563],[-75.162292,41.85027],[-75.162101,41.850175],[-75.161147,41.849775],[-75.159751,41.849296],[-75.15873,41.848987],[-75.157657,41.8487],[-75.156816,41.848558],[-75.156209,41.84849],[-75.155384,41.848456],[-75.154682,41.848463],[-75.154049,41.848518],[-75.153271,41.848624],[-75.152614,41.848756],[-75.152092,41.848899],[-75.151506,41.849079],[-75.149953,41.849684],[-75.148293,41.850373],[-75.147063,41.850916],[-75.146295,41.851238],[-75.145604,41.85147],[-75.144957,41.85164],[-75.144746,41.851685],[-75.144102,41.851822],[-75.143093,41.851999],[-75.14205,41.852145],[-75.141442,41.852217],[-75.140976,41.852237],[-75.140563,41.852228],[-75.140235,41.852182],[-75.139878,41.852066],[-75.139566,41.851873],[-75.139286,41.851635],[-75.139,41.851297],[-75.138744,41.85099],[-75.138476,41.850729],[-75.137691,41.850209],[-75.136292,41.849312],[-75.135576,41.848895],[-75.134993,41.848503],[-75.134492,41.848121],[-75.133749,41.847579],[-75.133071,41.847],[-75.132734,41.846645],[-75.132351,41.846157],[-75.131995,41.845763],[-75.131714,41.845563],[-75.131371,41.845378],[-75.130993,41.845269],[-75.13048,41.845172],[-75.129822,41.845096],[-75.128906,41.845028],[-75.127605,41.845022],[-75.126921,41.845068],[-75.126225,41.84516],[-75.125402,41.845334],[-75.124839,41.845476],[-75.124233,41.845647],[-75.123533,41.845824],[-75.122669,41.845998],[-75.121765,41.846123],[-75.120906,41.846189],[-75.120119,41.846225],[-75.119374,41.846192],[-75.118647,41.846091],[-75.117971,41.845951],[-75.11735,41.845736],[-75.116597,41.845457],[-75.115961,41.84511],[-75.115326,41.844725],[-75.114985,41.844478],[-75.114748,41.844217],[-75.114515,41.843857],[-75.114303,41.843466],[-75.114118,41.843191],[-75.113911,41.842955],[-75.113702,41.842757],[-75.113548,41.842499],[-75.113407,41.842148],[-75.113334,41.841675],[-75.113258,41.840253],[-75.113206,41.838507],[-75.113166,41.837973],[-75.113089,41.837068],[-75.113097,41.83662],[-75.113147,41.836173],[-75.113224,41.835804],[-75.113297,41.835521],[-75.113562,41.834615],[-75.113845,41.833749],[-75.114079,41.832844],[-75.114403,41.831739],[-75.114532,41.831109],[-75.114653,41.830212],[-75.114723,41.829576],[-75.114814,41.829023],[-75.114939,41.828478],[-75.115054,41.827947],[-75.11507,41.827554],[-75.115018,41.827066],[-75.114873,41.826584],[-75.114511,41.825827],[-75.114372,41.825438],[-75.114217,41.82494],[-75.114034,41.82438],[-75.113648,41.823485],[-75.113504,41.823202],[-75.113279,41.822895],[-75.113047,41.822652],[-75.113021,41.822627],[-75.112679,41.822403],[-75.112313,41.822278],[-75.111843,41.82216],[-75.111617,41.82212],[-75.110767,41.821973],[-75.10967,41.821762],[-75.109087,41.821625],[-75.108333,41.821399],[-75.10688,41.820818],[-75.105963,41.820423],[-75.105833,41.820347],[-75.105768,41.820324],[-75.105476,41.820224],[-75.105184,41.820123],[-75.105044,41.820075],[-75.104903,41.820027],[-75.104596,41.819922],[-75.10429,41.819816],[-75.104235,41.819797],[-75.103985,41.819711],[-75.103888,41.819677],[-75.103817,41.819671],[-75.103391,41.819556],[-75.102898,41.819483],[-75.102476,41.81945],[-75.102096,41.819402],[-75.101748,41.819333],[-75.10138,41.819232],[-75.101014,41.819107],[-75.100567,41.818935],[-75.100123,41.818678],[-75.099651,41.818342],[-75.099194,41.817907],[-75.098441,41.817164],[-75.097684,41.81649],[-75.09688,41.815692],[-75.096345,41.815249],[-75.095204,41.81449],[-75.095157,41.814459],[-75.094702,41.814197],[-75.093281,41.813354],[-75.091975,41.812629],[-75.091865,41.812545],[-75.091596,41.81241],[-75.090906,41.812065],[-75.090801,41.811999],[-75.090789,41.811995],[-75.090689,41.811964],[-75.090577,41.811928],[-75.090344,41.811854],[-75.090111,41.811781],[-75.089972,41.811737],[-75.089882,41.811709],[-75.0895,41.811676],[-75.088768,41.811636],[-75.087716,41.811627],[-75.086041,41.811673],[-75.085575,41.811724],[-75.085527,41.81172],[-75.085015,41.811887],[-75.084959,41.811932],[-75.084736,41.812029],[-75.084176,41.812348],[-75.083486,41.812802],[-75.083041,41.813142],[-75.082836,41.813297],[-75.082079,41.813874],[-75.081579,41.814233],[-75.080914,41.81458],[-75.080231,41.814866],[-75.079364,41.815108],[-75.078771,41.815218],[-75.078065,41.81531],[-75.077331,41.815367],[-75.077164,41.815381],[-75.076379,41.815394],[-75.075533,41.815374],[-75.074762,41.815302],[-75.074362,41.815223],[-75.07382,41.815095],[-75.073353,41.814922],[-75.072918,41.814703],[-75.072607,41.814487],[-75.07225,41.814139],[-75.071979,41.813693],[-75.071763,41.813222],[-75.071645,41.81279],[-75.071583,41.812309],[-75.071545,41.811729],[-75.071511,41.811312],[-75.071534,41.810756],[-75.071593,41.810333],[-75.071719,41.80978],[-75.071828,41.809404],[-75.07192,41.809159],[-75.071993,41.808898],[-75.072042,41.808482],[-75.072121,41.807813],[-75.072194,41.807305],[-75.072345,41.806652],[-75.072517,41.806007],[-75.07273,41.805341],[-75.072942,41.80472],[-75.073262,41.803978],[-75.073517,41.803517],[-75.073821,41.802941],[-75.074214,41.802186],[-75.074639,41.801385],[-75.074958,41.800667],[-75.075314,41.80005],[-75.075654,41.799563],[-75.076098,41.799064],[-75.076677,41.798545],[-75.077236,41.798117],[-75.077987,41.797587],[-75.078473,41.797305],[-75.079072,41.797048],[-75.07973,41.796871],[-75.080116,41.7968],[-75.080624,41.796706],[-75.081413,41.796601],[-75.082128,41.796504],[-75.082664,41.796514],[-75.083671,41.796634],[-75.084203,41.796766],[-75.085514,41.797252],[-75.086044,41.797419],[-75.086686,41.797583],[-75.087334,41.797672],[-75.087941,41.797725],[-75.088499,41.797715],[-75.089203,41.797646],[-75.089868,41.797553],[-75.090534,41.797422],[-75.091265,41.797215],[-75.091956,41.796984],[-75.092344,41.796823],[-75.09264,41.796668],[-75.092885,41.796465],[-75.09309,41.796241],[-75.093099,41.796235],[-75.093134,41.796193],[-75.093511,41.795641],[-75.094052,41.794956],[-75.095234,41.793585],[-75.095786,41.792957],[-75.096238,41.792504],[-75.096777,41.792066],[-75.098366,41.790948],[-75.099964,41.789741],[-75.10054,41.789284],[-75.100876,41.78889],[-75.101337,41.788229],[-75.101728,41.787512],[-75.102,41.786908],[-75.102216,41.786442],[-75.102354,41.786075],[-75.102475,41.785653],[-75.102649,41.784923],[-75.102817,41.784116],[-75.102966,41.783502],[-75.103179,41.782827],[-75.103411,41.782223],[-75.103565,41.781732],[-75.103655,41.781371],[-75.103824,41.780711],[-75.10395,41.780158],[-75.104009,41.779727],[-75.10401,41.779434],[-75.103964,41.779198],[-75.103959,41.77917],[-75.103835,41.778786],[-75.103762,41.778463],[-75.103747,41.778061],[-75.103811,41.77702],[-75.103881,41.776056],[-75.103965,41.775765],[-75.104131,41.775498],[-75.104336,41.775295],[-75.104553,41.775029],[-75.104678,41.774739],[-75.104713,41.774392],[-75.104684,41.774106],[-75.104627,41.773808],[-75.104587,41.773728],[-75.104573,41.773607],[-75.104336,41.772701],[-75.103494,41.771246],[-75.103287,41.771041],[-75.103048,41.77074],[-75.102674,41.770299],[-75.102297,41.76993],[-75.101897,41.769617],[-75.101805,41.769571],[-75.101482,41.769414],[-75.101046,41.769234],[-75.100629,41.769094],[-75.100199,41.769022],[-75.099448,41.768974],[-75.098428,41.768927],[-75.097852,41.768883],[-75.097247,41.768792],[-75.096386,41.768664],[-75.095301,41.768461],[-75.094635,41.768372],[-75.093739,41.768309],[-75.092931,41.768369],[-75.092812,41.768369],[-75.091827,41.768546],[-75.091555,41.768594],[-75.091283,41.768643],[-75.090674,41.768752],[-75.090064,41.768862],[-75.089686,41.76893],[-75.089308,41.768998],[-75.08908,41.769039],[-75.089041,41.769048],[-75.087184,41.7694],[-75.086131,41.769677],[-75.086057,41.769708],[-75.085242,41.769973],[-75.084717,41.770177],[-75.084091,41.770348],[-75.083415,41.770471],[-75.082654,41.770662],[-75.081005,41.771133],[-75.07994,41.77144],[-75.079158,41.771615],[-75.078453,41.771707],[-75.077791,41.771761],[-75.077058,41.771775],[-75.076388,41.771751],[-75.075772,41.771675],[-75.07513,41.77149],[-75.074612,41.771278],[-75.074101,41.770918],[-75.073618,41.770382],[-75.073404,41.770011],[-75.07332,41.769865],[-75.073036,41.769233],[-75.072885,41.768962],[-75.072844,41.768897],[-75.072696,41.768724],[-75.072466,41.768556],[-75.072071,41.768392],[-75.07153,41.768249],[-75.070735,41.768014],[-75.070233,41.767818],[-75.070116,41.767769],[-75.069045,41.767448],[-75.068556,41.76733],[-75.067582,41.767191],[-75.066466,41.767089],[-75.065933,41.767024],[-75.065315,41.766867],[-75.06476,41.766695],[-75.064274,41.76643],[-75.063652,41.766034],[-75.063511,41.765937],[-75.062839,41.765533],[-75.062507,41.765367],[-75.062038,41.765181],[-75.061753,41.765066],[-75.061729,41.765059],[-75.061673,41.765035],[-75.061657,41.765026],[-75.061455,41.76493],[-75.061253,41.764807],[-75.061239,41.764798],[-75.061127,41.764684],[-75.061018,41.764507],[-75.060891,41.764235],[-75.0607,41.764008],[-75.060391,41.763787],[-75.060136,41.763567],[-75.059833,41.763195],[-75.059635,41.763002],[-75.059506,41.762792],[-75.059306,41.762466],[-75.059265,41.762399],[-75.059224,41.762332],[-75.059066,41.762074],[-75.058908,41.761817],[-75.058825,41.761681],[-75.058742,41.761545],[-75.058703,41.761482],[-75.058638,41.761265],[-75.057483,41.759375],[-75.057415,41.759259],[-75.057009,41.758563],[-75.056668,41.757849],[-75.056477,41.757346],[-75.056375,41.75701],[-75.056286,41.756654],[-75.056275,41.756611],[-75.056169,41.756363],[-75.056018,41.756161],[-75.055711,41.755924],[-75.055419,41.755676],[-75.05511,41.755355],[-75.054817,41.755024],[-75.054577,41.754677],[-75.054138,41.754029],[-75.053835,41.753534],[-75.053636,41.753154],[-75.053379,41.752714],[-75.053199,41.752433],[-75.053045,41.752072],[-75.052971,41.751801],[-75.052953,41.751214],[-75.053011,41.750352],[-75.053048,41.749718],[-75.053088,41.748768],[-75.05309,41.74826],[-75.052995,41.74707],[-75.052993,41.74705],[-75.052918,41.746489],[-75.052795,41.745637],[-75.052681,41.744834],[-75.052645,41.744413],[-75.052655,41.74393],[-75.052725,41.743527],[-75.05286,41.743071],[-75.053224,41.742215],[-75.053403,41.741744],[-75.053467,41.741547],[-75.053562,41.741104],[-75.053677,41.740586],[-75.053691,41.740518],[-75.053705,41.740449],[-75.053746,41.74024],[-75.053796,41.740005],[-75.05382,41.739896],[-75.053843,41.739787],[-75.053991,41.739092],[-75.054036,41.738947],[-75.054049,41.738903],[-75.054078,41.738775],[-75.05414,41.738536],[-75.054216,41.738254],[-75.05425,41.73813],[-75.054283,41.738005],[-75.05431,41.737906],[-75.054336,41.737807],[-75.054359,41.737723],[-75.054477,41.737285],[-75.05461,41.736921],[-75.054723,41.736495],[-75.054787,41.735989],[-75.054842,41.735436],[-75.054832,41.734904],[-75.054789,41.73442],[-75.054701,41.733997],[-75.054601,41.733558],[-75.054486,41.733057],[-75.054327,41.7323],[-75.054164,41.731385],[-75.05396,41.730095],[-75.053954,41.73008],[-75.053866,41.729203],[-75.053835,41.728896],[-75.053805,41.728474],[-75.053775,41.728038],[-75.053677,41.727354],[-75.053559,41.726876],[-75.053178,41.725622],[-75.052913,41.724617],[-75.052558,41.723483],[-75.052322,41.722796],[-75.052182,41.722356],[-75.052082,41.721966],[-75.052025,41.721544],[-75.052004,41.721029],[-75.051926,41.720385],[-75.051838,41.720012],[-75.051833,41.719929],[-75.051759,41.719756],[-75.051658,41.719523],[-75.051558,41.71929],[-75.051462,41.719067],[-75.051365,41.718844],[-75.051102,41.718407],[-75.051023,41.718275],[-75.050969,41.718198],[-75.050751,41.71786],[-75.050361,41.717312],[-75.050076,41.716782],[-75.049862,41.716325],[-75.049721,41.715917],[-75.049654,41.71548],[-75.049647,41.714901],[-75.049664,41.714227],[-75.049648,41.71387],[-75.049646,41.71364],[-75.049689,41.71338],[-75.04985,41.713074],[-75.050159,41.712699],[-75.050774,41.711994],[-75.050961,41.711808],[-75.051157,41.711686],[-75.051446,41.711598],[-75.051793,41.711529],[-75.052361,41.711492],[-75.052837,41.711517],[-75.052931,41.711521],[-75.053112,41.711529],[-75.05345,41.711581],[-75.05371,41.711619],[-75.053854,41.71164],[-75.054114,41.711695],[-75.054833,41.711836],[-75.056666,41.712307],[-75.057441,41.712499],[-75.058416,41.712712],[-75.059205,41.712818],[-75.05986,41.712849],[-75.061019,41.712914],[-75.061178,41.712943],[-75.06157,41.712945],[-75.063396,41.713066],[-75.064042,41.713058],[-75.064743,41.713003],[-75.065627,41.712873],[-75.066224,41.712768],[-75.066771,41.712598],[-75.067116,41.71244],[-75.067509,41.712148],[-75.06783,41.711798],[-75.068366,41.711121],[-75.068571,41.710785],[-75.068732,41.71048],[-75.06884,41.710165],[-75.068919,41.709802],[-75.068959,41.709335],[-75.068916,41.708843],[-75.068817,41.70842],[-75.06881,41.708398],[-75.068685,41.708029],[-75.068344,41.707339],[-75.067992,41.706641],[-75.067551,41.705798],[-75.067394,41.705569],[-75.067281,41.705404],[-75.06707,41.705153],[-75.066819,41.704926],[-75.066692,41.704819],[-75.066295,41.704582],[-75.065518,41.704055],[-75.065122,41.703813],[-75.063732,41.702967],[-75.062721,41.702234],[-75.061583,41.701336],[-75.060336,41.700341],[-75.059938,41.699986],[-75.059717,41.699694],[-75.059543,41.699381],[-75.059525,41.699325],[-75.059318,41.699056],[-75.059217,41.698979],[-75.058916,41.698706],[-75.058725,41.698477],[-75.058442,41.698067],[-75.058193,41.697743],[-75.057765,41.697208],[-75.057363,41.696636],[-75.057042,41.696094],[-75.056743,41.695704],[-75.056678,41.695593],[-75.056397,41.695217],[-75.056034,41.694637],[-75.055628,41.693878],[-75.05527,41.693187],[-75.05514,41.692964],[-75.054929,41.692603],[-75.054718,41.692242],[-75.054418,41.691729],[-75.054117,41.691216],[-75.05394,41.690913],[-75.053908,41.690846],[-75.053862,41.69075],[-75.053816,41.690654],[-75.05364,41.690287],[-75.053465,41.689919],[-75.05341,41.689803],[-75.053366,41.689742],[-75.053047,41.689197],[-75.052818,41.688685],[-75.052629,41.688118],[-75.052481,41.687459],[-75.052405,41.686885],[-75.052403,41.686269],[-75.052398,41.685873],[-75.052364,41.685479],[-75.052297,41.684999],[-75.052157,41.684452],[-75.051953,41.683941],[-75.051653,41.683353],[-75.051374,41.682831],[-75.051252,41.682472],[-75.05123,41.682387],[-75.051123,41.681963],[-75.051074,41.681382],[-75.051059,41.680809],[-75.051113,41.680398],[-75.051254,41.680026],[-75.051284,41.679989],[-75.051544,41.679667],[-75.052106,41.67909],[-75.052796,41.678441],[-75.053336,41.677995],[-75.053414,41.677944],[-75.05371,41.677749],[-75.053877,41.677639],[-75.053947,41.677593],[-75.053971,41.677577],[-75.053983,41.67757],[-75.054437,41.677271],[-75.055556,41.676534],[-75.056537,41.67598],[-75.05738,41.67555],[-75.057982,41.675217],[-75.05842,41.674908],[-75.058786,41.674514],[-75.059146,41.673998],[-75.059427,41.673545],[-75.059557,41.673117],[-75.059573,41.672752],[-75.059518,41.672263],[-75.059417,41.671689],[-75.059292,41.671192],[-75.059179,41.670793],[-75.059043,41.670453],[-75.058831,41.670138],[-75.058519,41.669822],[-75.05845,41.669694],[-75.058275,41.669565],[-75.058112,41.6694],[-75.057764,41.669036],[-75.057535,41.668852],[-75.05724,41.668723],[-75.057004,41.66868],[-75.056718,41.668655],[-75.055978,41.668713],[-75.055531,41.668736],[-75.055477,41.668738],[-75.055115,41.66872],[-75.054788,41.668645],[-75.054742,41.668639],[-75.054395,41.668437],[-75.054196,41.668277],[-75.053998,41.668082],[-75.053828,41.6678],[-75.053692,41.667459],[-75.053548,41.667025],[-75.053388,41.666665],[-75.053179,41.666267],[-75.052969,41.665906],[-75.052637,41.665486],[-75.051915,41.664803],[-75.051243,41.664141],[-75.050802,41.663624],[-75.050474,41.663101],[-75.050209,41.662542],[-75.049929,41.661767],[-75.049675,41.660983],[-75.049466,41.660285],[-75.04924,41.659408],[-75.049063,41.65857],[-75.048882,41.657816],[-75.048841,41.657299],[-75.048872,41.656869],[-75.048902,41.656438],[-75.048909,41.656153],[-75.048925,41.655296],[-75.048944,41.653946],[-75.049034,41.652693],[-75.04914,41.651636],[-75.049215,41.651038],[-75.049236,41.650542],[-75.049194,41.650063],[-75.049132,41.649701],[-75.049073,41.649357],[-75.048896,41.647919],[-75.048799,41.647542],[-75.048754,41.64743],[-75.048663,41.64722],[-75.048462,41.646934],[-75.048234,41.646704],[-75.047976,41.646438],[-75.047714,41.645936],[-75.04771,41.645859],[-75.047728,41.64567],[-75.047869,41.64528],[-75.048056,41.644985],[-75.048304,41.644728],[-75.048462,41.644544],[-75.048654,41.644191],[-75.048903,41.643655],[-75.049134,41.643116],[-75.04919,41.642987],[-75.049351,41.64241],[-75.049458,41.641953],[-75.049499,41.64157],[-75.049474,41.64125],[-75.049393,41.640817],[-75.049204,41.640251],[-75.049122,41.640011],[-75.049046,41.639786],[-75.04894,41.639392],[-75.048869,41.638987],[-75.048835,41.638321],[-75.048812,41.637673],[-75.048854,41.636653],[-75.048847,41.635922],[-75.048857,41.635378],[-75.048797,41.63474],[-75.048702,41.633716],[-75.048619,41.633021],[-75.04849,41.632502],[-75.048331,41.632133],[-75.048076,41.631649],[-75.047657,41.630759],[-75.047247,41.629961],[-75.046575,41.628699],[-75.046205,41.627997],[-75.045989,41.627467],[-75.045728,41.626897],[-75.045449,41.626064],[-75.045276,41.625708],[-75.044944,41.625346],[-75.044641,41.625109],[-75.044354,41.624885],[-75.044104,41.624563],[-75.044058,41.624474],[-75.043886,41.624129],[-75.043733,41.623705],[-75.043612,41.62333],[-75.043599,41.623254],[-75.043612,41.623116],[-75.043637,41.622836],[-75.043741,41.622625],[-75.043995,41.622193],[-75.044156,41.621908],[-75.044247,41.621644],[-75.044343,41.621322],[-75.044479,41.620757],[-75.044496,41.62052],[-75.044445,41.620281],[-75.044422,41.620233],[-75.044415,41.620192],[-75.044378,41.619978],[-75.044283,41.619573],[-75.044189,41.619121],[-75.044152,41.61853],[-75.044183,41.618071],[-75.044276,41.617652],[-75.044471,41.617178],[-75.044856,41.616625],[-75.045325,41.616158],[-75.045775,41.61586],[-75.046193,41.61571],[-75.046747,41.615629],[-75.047282,41.615657],[-75.047866,41.615749],[-75.048383,41.61593],[-75.049019,41.616254],[-75.049812,41.616704],[-75.051014,41.617548],[-75.051622,41.617908],[-75.05205,41.618162],[-75.052477,41.618366],[-75.0527,41.618438],[-75.052787,41.618466],[-75.053022,41.618523],[-75.053644,41.618575],[-75.054581,41.618587],[-75.055822,41.618494],[-75.056842,41.618293],[-75.058002,41.618039],[-75.058911,41.617808],[-75.059733,41.617564],[-75.060382,41.61728],[-75.060906,41.616983],[-75.061331,41.616693],[-75.061489,41.61649],[-75.061565,41.616164],[-75.061567,41.615808],[-75.061539,41.615282],[-75.061502,41.615121],[-75.061423,41.614774],[-75.061105,41.614017],[-75.060593,41.613105],[-75.060214,41.612609],[-75.060035,41.612387],[-75.059952,41.612284],[-75.059939,41.612268],[-75.059707,41.611704],[-75.059681,41.611604],[-75.0596,41.611451],[-75.059512,41.611149],[-75.059486,41.610877],[-75.059534,41.610634],[-75.05973,41.610423],[-75.060061,41.610262],[-75.060517,41.610123],[-75.061048,41.609976],[-75.061756,41.609737],[-75.061934,41.609678],[-75.062518,41.609467],[-75.062935,41.609345],[-75.063287,41.609297],[-75.0637,41.609279],[-75.064247,41.60932],[-75.06468,41.609433],[-75.065777,41.609786],[-75.066383,41.609922],[-75.067029,41.610031],[-75.067551,41.610124],[-75.067631,41.610133],[-75.067797,41.610151],[-75.068232,41.610228],[-75.06863,41.610265],[-75.069081,41.610238],[-75.069723,41.610122],[-75.070798,41.609797],[-75.07099,41.609725],[-75.071246,41.609628],[-75.071635,41.609482],[-75.072347,41.60918],[-75.073124,41.608824],[-75.073684,41.608584],[-75.074026,41.608412],[-75.074079,41.608386],[-75.074477,41.608133],[-75.074607,41.607929],[-75.074634,41.607885],[-75.074677,41.607819],[-75.074779,41.607563],[-75.074811,41.607298],[-75.074764,41.606912],[-75.074738,41.606797],[-75.07468,41.606535],[-75.074579,41.606271],[-75.074356,41.605919],[-75.073807,41.605297],[-75.073146,41.604672],[-75.072422,41.604071],[-75.071708,41.603514],[-75.070909,41.602922],[-75.070109,41.602304],[-75.0697,41.60201],[-75.069561,41.601882],[-75.069389,41.601723],[-75.068865,41.60129],[-75.067716,41.600257],[-75.067219,41.599707],[-75.067126,41.599596],[-75.066957,41.599436],[-75.065737,41.597784],[-75.065666,41.59768],[-75.065596,41.597577],[-75.06545,41.597362],[-75.065305,41.597146],[-75.065041,41.596808],[-75.063919,41.59541],[-75.063713,41.595133],[-75.063213,41.594463],[-75.06272,41.593807],[-75.062463,41.5935],[-75.062222,41.593269],[-75.06196,41.593075],[-75.061657,41.592842],[-75.061355,41.592567],[-75.061171,41.592309],[-75.060998,41.592025],[-75.060966,41.59197],[-75.060815,41.591675],[-75.060621,41.591398],[-75.060542,41.591323],[-75.060334,41.591125],[-75.060014,41.590821],[-75.058603,41.590093],[-75.058504,41.590042],[-75.058256,41.589914],[-75.058008,41.589786],[-75.057302,41.589422],[-75.056272,41.588996],[-75.055486,41.588749],[-75.055077,41.588674],[-75.054693,41.58859],[-75.054309,41.588515],[-75.053916,41.588365],[-75.053462,41.588167],[-75.052936,41.587902],[-75.05228,41.587484],[-75.051611,41.58699],[-75.050717,41.58622],[-75.050028,41.585736],[-75.049061,41.585095],[-75.047781,41.58415],[-75.047248,41.58369],[-75.047111,41.583541],[-75.046827,41.583233],[-75.046484,41.582777],[-75.046406,41.582639],[-75.04618,41.582241],[-75.046142,41.582143],[-75.046096,41.582055],[-75.045759,41.581291],[-75.045572,41.58068],[-75.045365,41.580185],[-75.045145,41.57968],[-75.044917,41.579035],[-75.044695,41.578242],[-75.044476,41.577375],[-75.044249,41.576347],[-75.044218,41.576189],[-75.044062,41.575384],[-75.043906,41.57471],[-75.043674,41.574253],[-75.043644,41.574193],[-75.04331,41.573706],[-75.042756,41.573033],[-75.042367,41.572512],[-75.042059,41.572069],[-75.041698,41.57146],[-75.040492,41.569696],[-75.039823,41.56911],[-75.039212,41.568576],[-75.037794,41.567606],[-75.037481,41.567437],[-75.037018,41.567148],[-75.035438,41.566258],[-75.035064,41.566048],[-75.033594,41.565246],[-75.03319,41.565077],[-75.032997,41.56505],[-75.032711,41.565002],[-75.032005,41.564921],[-75.031457,41.564813],[-75.031004,41.564791],[-75.030883,41.564798],[-75.030336,41.564829],[-75.029867,41.564839],[-75.029203,41.564791],[-75.028823,41.564725],[-75.028437,41.564611],[-75.028057,41.564347],[-75.027586,41.563872],[-75.02735,41.563565],[-75.027345,41.563549],[-75.026451,41.562012],[-75.024743,41.559519],[-75.024552,41.559239],[-75.023452,41.557919],[-75.022896,41.557044],[-75.02261,41.55665],[-75.022382,41.556389],[-75.021907,41.555999],[-75.021323,41.555512],[-75.02102,41.555202],[-75.020684,41.554816],[-75.02017,41.55417],[-75.019607,41.553466],[-75.019166,41.552869],[-75.018806,41.552444],[-75.01857,41.55207],[-75.018329,41.551506],[-75.017816,41.549923],[-75.017576,41.54935],[-75.017298,41.548776],[-75.016937,41.548067],[-75.016491,41.54729],[-75.01613,41.5466],[-75.016009,41.546172],[-75.015861,41.545203],[-75.015886,41.544617],[-75.015978,41.544213],[-75.0162,41.543745],[-75.016468,41.543354],[-75.017015,41.542922],[-75.017505,41.54265],[-75.017902,41.542508],[-75.01832,41.542452],[-75.019777,41.542279],[-75.019978,41.542255],[-75.020955,41.542089],[-75.021666,41.54195],[-75.022228,41.541764],[-75.022858,41.541467],[-75.023375,41.541148],[-75.024088,41.540673],[-75.024453,41.540379],[-75.024702,41.540139],[-75.024853,41.539849],[-75.024914,41.539595],[-75.024917,41.539236],[-75.024918,41.539217],[-75.02492,41.539189],[-75.02495,41.53876],[-75.025005,41.538339],[-75.02502,41.537971],[-75.025026,41.537937],[-75.024999,41.537601],[-75.024981,41.537554],[-75.024875,41.536936],[-75.02475,41.536299],[-75.024701,41.535674],[-75.02464,41.535019],[-75.02458,41.534757],[-75.024545,41.534601],[-75.024339,41.534104],[-75.024089,41.533748],[-75.023712,41.533436],[-75.023219,41.533179],[-75.022701,41.533011],[-75.022008,41.532885],[-75.021877,41.532866],[-75.021222,41.532773],[-75.020509,41.53263],[-75.020359,41.5326],[-75.019458,41.532465],[-75.018301,41.532358],[-75.017978,41.532348],[-75.017399,41.532322],[-75.017098,41.532286],[-75.016799,41.532203],[-75.01666,41.532125],[-75.01643,41.531996],[-75.0159,41.531737],[-75.014901,41.531241],[-75.014054,41.5307],[-75.013328,41.530295],[-75.012352,41.529865],[-75.011141,41.529326],[-75.010858,41.529173],[-75.010295,41.528869],[-75.010247,41.528843],[-75.010094,41.528752],[-75.009396,41.528291],[-75.008828,41.52797],[-75.008694,41.527895],[-75.008019,41.527482],[-75.007518,41.52713],[-75.007173,41.526835],[-75.007041,41.526744],[-75.006556,41.526285],[-75.005401,41.525191],[-75.005091,41.524953],[-75.004598,41.524695],[-75.004145,41.52441],[-75.003598,41.523933],[-75.003214,41.523489],[-75.002744,41.522702],[-75.002352,41.522084],[-75.002161,41.521816],[-75.001538,41.520979],[-75.001482,41.520904],[-75.001425,41.520828],[-75.001299,41.520658],[-75.001241,41.520454],[-75.001134,41.52026],[-75.000932,41.519688],[-75.000794,41.51907],[-75.000751,41.518605],[-75.000829,41.51803],[-75.000944,41.517645],[-75.000958,41.517601],[-75.001274,41.516972],[-75.001859,41.515926],[-75.002286,41.515074],[-75.002297,41.515057],[-75.00241,41.514871],[-75.002523,41.514685],[-75.002594,41.514568],[-75.002622,41.5145],[-75.002712,41.514225],[-75.002905,41.513539],[-75.003033,41.513182],[-75.003241,41.512724],[-75.003492,41.512137],[-75.00367,41.511816],[-75.003717,41.51159],[-75.003734,41.511196],[-75.003778,41.510759],[-75.00387,41.510355],[-75.003905,41.510119],[-75.003894,41.509797],[-75.003684,41.508515],[-75.00358,41.508285],[-75.003326,41.508043],[-75.003043,41.507894],[-75.002557,41.507779],[-75.002207,41.507709],[-75.001907,41.50765],[-75.001543,41.50756],[-75.001306,41.507502],[-75.000994,41.507443],[-75.000735,41.507394],[-75.000257,41.507383],[-74.999882,41.507415],[-74.999827,41.50742],[-74.999332,41.507531],[-74.998515,41.507777],[-74.99631,41.508414],[-74.994939,41.508694],[-74.993797,41.508894],[-74.992912,41.508995],[-74.991953,41.509029],[-74.990987,41.508968],[-74.989819,41.508902],[-74.988697,41.508932],[-74.988006,41.508887],[-74.987493,41.508827],[-74.986971,41.508673],[-74.986426,41.508452],[-74.985909,41.508165],[-74.985445,41.507842],[-74.985033,41.507472],[-74.984612,41.507008],[-74.984242,41.506517],[-74.983952,41.505952],[-74.983736,41.505471],[-74.983641,41.505263],[-74.983459,41.504619],[-74.983393,41.504122],[-74.983261,41.503258],[-74.983168,41.502773],[-74.983,41.502277],[-74.982818,41.501837],[-74.982678,41.5016],[-74.982611,41.50139],[-74.98256,41.501084],[-74.982436,41.500089],[-74.982382,41.499661],[-74.982338,41.499196],[-74.982273,41.498948],[-74.982272,41.498693],[-74.982467,41.497667],[-74.982587,41.496619],[-74.98267,41.496139],[-74.982818,41.495613],[-74.983136,41.494939],[-74.983638,41.493807],[-74.984016,41.492907],[-74.984502,41.491831],[-74.984807,41.491167],[-74.984981,41.490641],[-74.985177,41.48988],[-74.985322,41.489136],[-74.985381,41.488343],[-74.985495,41.487526],[-74.985557,41.487239],[-74.985631,41.486891],[-74.985667,41.486367],[-74.985647,41.485873],[-74.985549,41.485274],[-74.985398,41.484653],[-74.985098,41.483977],[-74.985066,41.483918],[-74.985006,41.483711],[-74.985004,41.483687],[-74.984977,41.483603],[-74.984858,41.483199],[-74.984718,41.482939],[-74.984472,41.482627],[-74.984447,41.482595],[-74.984328,41.482446],[-74.984071,41.482069],[-74.983787,41.481651],[-74.983515,41.481294],[-74.983203,41.480916],[-74.982882,41.480582],[-74.982823,41.480516],[-74.982478,41.480261],[-74.982117,41.480047],[-74.981806,41.479957],[-74.981328,41.479875],[-74.980543,41.479741],[-74.97981,41.4796],[-74.978972,41.47941],[-74.978319,41.479323],[-74.977784,41.479274],[-74.977347,41.479253],[-74.976515,41.479181],[-74.975878,41.479053],[-74.97497,41.478846],[-74.972805,41.478248],[-74.971992,41.478074],[-74.970864,41.477872],[-74.969369,41.47763],[-74.968813,41.477504],[-74.967926,41.477224],[-74.966986,41.477045],[-74.966276,41.476972],[-74.965947,41.47694],[-74.965104,41.476859],[-74.963194,41.47673],[-74.960376,41.476703],[-74.959802,41.476669],[-74.958983,41.476608],[-74.958232,41.476589],[-74.957435,41.476652],[-74.956704,41.476779],[-74.956053,41.476969],[-74.955684,41.477102],[-74.955377,41.477185],[-74.953991,41.477797],[-74.953688,41.478001],[-74.951765,41.478974],[-74.951391,41.479144],[-74.95089,41.479414],[-74.949967,41.479793],[-74.949883,41.479828],[-74.948994,41.480186],[-74.948082,41.480633],[-74.947787,41.480859],[-74.94755,41.481073],[-74.947241,41.481424],[-74.94722,41.481454],[-74.947069,41.481739],[-74.946993,41.48184],[-74.94675,41.482278],[-74.946545,41.482592],[-74.946313,41.482885],[-74.946043,41.483095],[-74.945653,41.48327],[-74.945042,41.483461],[-74.944393,41.48359],[-74.943939,41.483651],[-74.943417,41.483689],[-74.942871,41.483655],[-74.941848,41.483579],[-74.941377,41.483515],[-74.940473,41.483391],[-74.939819,41.483334],[-74.939131,41.483309],[-74.938958,41.483303],[-74.937959,41.483309],[-74.936963,41.483223],[-74.935262,41.482996],[-74.934823,41.482916],[-74.934733,41.482888],[-74.934654,41.48288],[-74.934521,41.48285],[-74.934284,41.482818],[-74.933655,41.482711],[-74.933127,41.482585],[-74.932767,41.482452],[-74.932587,41.482331],[-74.932314,41.482153],[-74.931791,41.481812],[-74.931037,41.481333],[-74.930199,41.480742],[-74.930121,41.480678],[-74.929991,41.480617],[-74.929893,41.48055],[-74.929216,41.48007],[-74.928323,41.479354],[-74.928289,41.479277],[-74.927835,41.478959],[-74.926837,41.478335],[-74.926051,41.477936],[-74.924988,41.477456],[-74.924094,41.477146],[-74.923553,41.477025],[-74.923368,41.477003],[-74.922837,41.47694],[-74.921631,41.476929],[-74.921032,41.477002],[-74.919867,41.477093],[-74.919621,41.477104],[-74.919397,41.477114],[-74.919325,41.477122],[-74.918487,41.477194],[-74.917968,41.477181],[-74.91741,41.477105],[-74.91673,41.476996],[-74.914627,41.476494],[-74.914606,41.476489],[-74.914058,41.476385],[-74.913696,41.476288],[-74.913037,41.476025],[-74.912784,41.475864],[-74.912752,41.475833],[-74.912534,41.475621],[-74.912469,41.475558],[-74.912006,41.475176],[-74.911623,41.474858],[-74.911424,41.474719],[-74.911095,41.474555],[-74.911036,41.474524],[-74.910609,41.474267],[-74.910211,41.473969],[-74.909883,41.473652],[-74.909545,41.473243],[-74.909426,41.472989],[-74.909332,41.472785],[-74.909183,41.472444],[-74.909115,41.472267],[-74.908905,41.471601],[-74.908788,41.471146],[-74.908761,41.470826],[-74.908752,41.470414],[-74.908739,41.470074],[-74.908698,41.469765],[-74.908621,41.469341],[-74.908502,41.468926],[-74.908319,41.468418],[-74.908144,41.468043],[-74.908127,41.468001],[-74.908021,41.467731],[-74.907966,41.467412],[-74.907983,41.46702],[-74.908016,41.466804],[-74.908105,41.466511],[-74.908134,41.466024],[-74.908165,41.465678],[-74.908135,41.465483],[-74.908134,41.46545],[-74.908121,41.464801],[-74.908122,41.46474],[-74.908105,41.464648],[-74.907941,41.463857],[-74.907701,41.463278],[-74.907568,41.462957],[-74.907457,41.462768],[-74.907319,41.462487],[-74.9072,41.462073],[-74.907056,41.461627],[-74.906854,41.461231],[-74.906555,41.460884],[-74.906145,41.460605],[-74.905871,41.460466],[-74.905308,41.460206],[-74.904874,41.460053],[-74.904709,41.460028],[-74.904126,41.459875],[-74.904041,41.459854],[-74.903172,41.459699],[-74.902479,41.459579],[-74.90092,41.459252],[-74.900553,41.459179],[-74.900109,41.459067],[-74.898694,41.45882],[-74.897297,41.458676],[-74.896306,41.458526],[-74.895985,41.458441],[-74.895392,41.458323],[-74.89477,41.458153],[-74.893963,41.457835],[-74.892942,41.457408],[-74.892311,41.457125],[-74.891548,41.456746],[-74.891201,41.456552],[-74.890817,41.456265],[-74.890526,41.456042],[-74.89031,41.455817],[-74.890171,41.455566],[-74.890029,41.455206],[-74.889832,41.454399],[-74.889676,41.453929],[-74.889586,41.453743],[-74.889353,41.453145],[-74.889337,41.453043],[-74.889252,41.452656],[-74.889152,41.451799],[-74.8891,41.451438],[-74.88914,41.451151],[-74.889158,41.45108],[-74.889296,41.450788],[-74.889706,41.450307],[-74.889723,41.450296],[-74.889938,41.4501],[-74.890855,41.449485],[-74.891613,41.449031],[-74.892584,41.448363],[-74.892714,41.448261],[-74.893402,41.44775],[-74.894199,41.446997],[-74.894847,41.446211],[-74.894857,41.446199],[-74.895138,41.445702],[-74.895409,41.445153],[-74.89561,41.444613],[-74.895942,41.443602],[-74.896121,41.442938],[-74.896274,41.442572],[-74.896317,41.442447],[-74.89636,41.442356],[-74.896401,41.442187],[-74.8964,41.442124],[-74.89644,41.441917],[-74.896474,41.441434],[-74.896429,41.440919],[-74.896269,41.440493],[-74.896224,41.440415],[-74.896028,41.440075],[-74.895662,41.439696],[-74.895413,41.439531],[-74.89513,41.439343],[-74.894309,41.439045],[-74.894094,41.439003],[-74.893915,41.438938],[-74.892627,41.438625],[-74.891703,41.438474],[-74.890901,41.438343],[-74.890177,41.438186],[-74.889987,41.438179],[-74.889602,41.438136],[-74.889012,41.438173],[-74.888157,41.438327],[-74.887678,41.438481],[-74.887654,41.438486],[-74.886991,41.438719],[-74.886341,41.438878],[-74.88572,41.438996],[-74.88418,41.439195],[-74.881609,41.439481],[-74.879723,41.439763],[-74.87939,41.439804],[-74.87909,41.43986],[-74.878435,41.439984],[-74.878305,41.440008],[-74.876723,41.440346],[-74.876564,41.440401],[-74.875924,41.440623],[-74.874135,41.441156],[-74.872575,41.44152],[-74.872511,41.441542],[-74.871994,41.441659],[-74.87141,41.441839],[-74.870864,41.442114],[-74.87015,41.442497],[-74.86962,41.442721],[-74.868084,41.443114],[-74.866878,41.44349],[-74.86647,41.443592],[-74.866193,41.443629],[-74.865874,41.443731],[-74.864869,41.44396],[-74.864523,41.444079],[-74.864111,41.444182],[-74.863144,41.444395],[-74.862238,41.444465],[-74.861002,41.444444],[-74.858812,41.444296],[-74.858131,41.444228],[-74.857655,41.444164],[-74.85714,41.444048],[-74.85656,41.443879],[-74.856082,41.443807],[-74.855744,41.443756],[-74.855433,41.443687],[-74.854974,41.443531],[-74.854395,41.443341],[-74.853911,41.443154],[-74.853043,41.44268],[-74.852483,41.442331],[-74.851066,41.441449],[-74.850105,41.440916],[-74.848551,41.440015],[-74.847871,41.439627],[-74.847433,41.439318],[-74.847067,41.438949],[-74.846612,41.438413],[-74.846074,41.437895],[-74.845756,41.437671],[-74.845337,41.437415],[-74.844585,41.436874],[-74.844196,41.436591],[-74.843597,41.436093],[-74.842999,41.435687],[-74.842117,41.435233],[-74.841692,41.435031],[-74.841434,41.434907],[-74.840803,41.434523],[-74.839641,41.433699],[-74.838903,41.433073],[-74.838072,41.432358],[-74.837797,41.432119],[-74.837479,41.431905],[-74.836877,41.431592],[-74.835859,41.431103],[-74.83557,41.43101],[-74.835395,41.43096],[-74.83522,41.430898],[-74.834848,41.430779],[-74.833873,41.430569],[-74.832772,41.430407],[-74.832034,41.430399],[-74.830333,41.43052],[-74.830027,41.430571],[-74.829258,41.430699],[-74.828205,41.430981],[-74.827345,41.431268],[-74.82686,41.4314],[-74.826343,41.431654],[-74.825944,41.431994],[-74.82537,41.432597],[-74.825275,41.432709],[-74.824879,41.433181],[-74.824462,41.433942],[-74.823912,41.435214],[-74.823584,41.435813],[-74.823176,41.436369],[-74.822586,41.437022],[-74.821948,41.437531],[-74.820959,41.438231],[-74.819821,41.43919],[-74.819658,41.439325],[-74.818884,41.439948],[-74.818332,41.440317],[-74.817997,41.440513],[-74.817132,41.440929],[-74.816997,41.440996],[-74.816168,41.44137],[-74.815806,41.44152],[-74.814409,41.442118],[-74.81363,41.442407],[-74.81249,41.44281],[-74.811726,41.443007],[-74.811507,41.443063],[-74.810602,41.443122],[-74.809428,41.443071],[-74.808244,41.442928],[-74.808199,41.442919],[-74.807485,41.442775],[-74.806634,41.442526],[-74.806032,41.442284],[-74.805657,41.442109],[-74.805585,41.442054],[-74.805275,41.441921],[-74.80516,41.441861],[-74.804432,41.441307],[-74.803211,41.440186],[-74.802328,41.439443],[-74.801681,41.438922],[-74.801405,41.438678],[-74.801134,41.438311],[-74.800653,41.437465],[-74.80042,41.436873],[-74.800255,41.436282],[-74.800201,41.435674],[-74.80017,41.434243],[-74.800097,41.433438],[-74.799988,41.432853],[-74.7997,41.431926],[-74.799258,41.430814],[-74.79878,41.429896],[-74.798169,41.428903],[-74.79776,41.428255],[-74.797471,41.427702],[-74.796927,41.426422],[-74.796725,41.426057],[-74.796229,41.425231],[-74.795714,41.424529],[-74.795111,41.423744],[-74.795093,41.423721],[-74.794547,41.42311],[-74.794232,41.422859],[-74.793937,41.422709],[-74.793858,41.422679],[-74.793567,41.42258],[-74.793438,41.422516],[-74.793117,41.422364],[-74.792592,41.422175],[-74.79193,41.422004],[-74.791486,41.421838],[-74.79085,41.421688],[-74.790171,41.421599],[-74.789518,41.42151],[-74.789099,41.421417],[-74.788743,41.421418],[-74.788288,41.421499],[-74.786202,41.422009],[-74.785965,41.422067],[-74.783877,41.422568],[-74.783855,41.422573],[-74.783159,41.422725],[-74.782715,41.422857],[-74.782338,41.423033],[-74.781948,41.423299],[-74.781815,41.42339],[-74.781256,41.423753],[-74.780621,41.424079],[-74.780048,41.424358],[-74.778819,41.424913],[-74.777776,41.425307],[-74.77707,41.425495],[-74.776652,41.425558],[-74.775789,41.425688],[-74.775251,41.425757],[-74.774837,41.425869],[-74.77435,41.426063],[-74.773992,41.426175],[-74.773564,41.426267],[-74.772709,41.42635],[-74.772053,41.426333],[-74.771209,41.426249],[-74.770504,41.426118],[-74.769895,41.425901],[-74.769818,41.425873],[-74.769106,41.425588],[-74.768706,41.425351],[-74.768266,41.425113],[-74.767877,41.424938],[-74.765939,41.42426],[-74.765137,41.424014],[-74.764928,41.423954],[-74.763703,41.423621],[-74.763153,41.423523],[-74.762403,41.423336],[-74.761562,41.423191],[-74.760847,41.423161],[-74.759835,41.423166],[-74.759066,41.423228],[-74.758767,41.423281],[-74.758589,41.423295],[-74.757928,41.423445],[-74.757734,41.423518],[-74.757352,41.423626],[-74.75635,41.424001],[-74.755398,41.424481],[-74.754608,41.424891],[-74.754473,41.424961],[-74.754184,41.425149],[-74.753396,41.425776],[-74.752527,41.426536],[-74.752238,41.426804],[-74.751772,41.4272],[-74.751376,41.427529],[-74.750938,41.427865],[-74.750682,41.427993],[-74.750429,41.428113],[-74.750329,41.428161],[-74.749966,41.428307],[-74.74961,41.42845],[-74.749481,41.428499],[-74.74862,41.428869],[-74.746511,41.429713],[-74.744778,41.430384],[-74.743811,41.430693],[-74.743102,41.430904],[-74.742152,41.431082],[-74.741458,41.431162],[-74.740995,41.431158],[-74.740935,41.431169],[-74.740884,41.431158],[-74.740749,41.431156],[-74.740003,41.431079],[-74.739489,41.431012],[-74.739074,41.430903],[-74.738734,41.430789],[-74.738458,41.43065],[-74.738352,41.430596],[-74.737925,41.430347],[-74.737564,41.430078],[-74.737205,41.429774],[-74.736984,41.429522],[-74.736938,41.429442],[-74.73682,41.429238],[-74.736627,41.428973],[-74.735898,41.428041],[-74.735522,41.427474],[-74.735418,41.427325],[-74.735133,41.426808],[-74.734948,41.426376],[-74.73481,41.425923],[-74.734722,41.425402],[-74.734659,41.424965],[-74.734621,41.424571],[-74.734613,41.424136],[-74.734642,41.423509],[-74.734666,41.423001],[-74.734746,41.422477],[-74.734865,41.421912],[-74.735019,41.421411],[-74.735202,41.420944],[-74.735438,41.420474],[-74.735682,41.42002],[-74.735855,41.419703],[-74.736212,41.419025],[-74.736604,41.418191],[-74.736964,41.417218],[-74.737254,41.416426],[-74.737361,41.416113],[-74.737523,41.415655],[-74.737672,41.415259],[-74.737867,41.414864],[-74.738183,41.414276],[-74.738468,41.413764],[-74.738679,41.413433],[-74.738962,41.41316],[-74.739292,41.412955],[-74.739442,41.412864],[-74.740029,41.412451],[-74.740443,41.412168],[-74.740726,41.411901],[-74.740916,41.411633],[-74.74096,41.41153],[-74.741071,41.411286],[-74.741244,41.410786],[-74.741433,41.410124],[-74.741602,41.409515],[-74.741681,41.40915],[-74.741737,41.408785],[-74.741732,41.408477],[-74.741735,41.408217],[-74.741759,41.407902],[-74.741778,41.407278],[-74.741765,41.406962],[-74.741712,41.406694],[-74.74163,41.406456],[-74.741619,41.406424],[-74.741572,41.406298],[-74.741501,41.406029],[-74.741385,41.405697],[-74.741221,41.405433],[-74.740898,41.405018],[-74.740781,41.404867],[-74.74005,41.403929],[-74.739548,41.403306],[-74.73917,41.402805],[-74.738901,41.402377],[-74.738548,41.40175],[-74.73819,41.401229],[-74.737435,41.40022],[-74.73706,41.399664],[-74.736814,41.399327],[-74.736322,41.398683],[-74.736032,41.398364],[-74.736012,41.398338],[-74.735661,41.398069],[-74.735161,41.397737],[-74.734573,41.39741],[-74.73401,41.397195],[-74.733326,41.39697],[-74.732749,41.396751],[-74.732182,41.396528],[-74.731065,41.396069],[-74.729625,41.395575],[-74.729495,41.395523],[-74.72903,41.395339],[-74.728616,41.39523],[-74.728125,41.395154],[-74.727596,41.395105],[-74.726668,41.395025],[-74.725785,41.394981],[-74.724904,41.394971],[-74.723362,41.394959],[-74.722777,41.394929],[-74.722219,41.394875],[-74.722122,41.394866],[-74.720939,41.394769],[-74.720128,41.394665],[-74.719482,41.394536],[-74.718806,41.394334],[-74.718092,41.394049],[-74.717381,41.393707],[-74.716937,41.393436],[-74.71636,41.393028],[-74.71584,41.39258],[-74.715181,41.391931],[-74.714326,41.391081],[-74.713705,41.390405],[-74.713318,41.389947],[-74.712853,41.389295],[-74.712523,41.388767],[-74.71231,41.388348],[-74.712157,41.387908],[-74.71202,41.387227],[-74.711906,41.386605],[-74.711781,41.386096],[-74.711611,41.385505],[-74.711109,41.384106],[-74.710971,41.383721],[-74.71086,41.383531],[-74.71057,41.382887],[-74.710114,41.381879],[-74.709599,41.380932],[-74.709254,41.38032],[-74.708906,41.379784],[-74.708477,41.379205],[-74.707998,41.378687],[-74.707308,41.378101],[-74.706641,41.377606],[-74.705903,41.377068],[-74.704927,41.37641],[-74.703774,41.375566],[-74.703015,41.375055],[-74.702236,41.374579],[-74.69986,41.373169],[-74.698322,41.372399],[-74.697145,41.371737],[-74.696433,41.371346],[-74.695469,41.370854],[-74.694714,41.370466],[-74.694106,41.370113],[-74.6938,41.369873],[-74.693498,41.369571],[-74.693234,41.369234],[-74.692978,41.368932],[-74.692451,41.368441],[-74.692001,41.368041],[-74.691807,41.36787],[-74.691381,41.367431],[-74.691002,41.366979],[-74.690676,41.366564],[-74.69053,41.366358],[-74.690334,41.366028],[-74.690032,41.365237],[-74.690001,41.365066],[-74.689968,41.364784],[-74.689915,41.364516],[-74.689786,41.364099],[-74.689685,41.363654],[-74.689609,41.363098],[-74.689598,41.363011],[-74.689563,41.362697],[-74.689579,41.36234],[-74.689618,41.362123],[-74.689729,41.361827],[-74.689756,41.361755],[-74.689954,41.361501],[-74.690265,41.361229],[-74.691154,41.360544],[-74.69147,41.360363],[-74.691727,41.360236],[-74.692415,41.359862],[-74.693305,41.359352],[-74.693977,41.358942],[-74.694456,41.358632],[-74.694963,41.358248],[-74.695222,41.358],[-74.695352,41.357863],[-74.695409,41.357805],[-74.695438,41.357774],[-74.695465,41.357744],[-74.695501,41.357705],[-74.695524,41.35768],[-74.695549,41.357652],[-74.695582,41.357615],[-74.694809,41.357282],[-74.694477,41.357144],[-74.693895,41.356878],[-74.69188,41.355989],[-74.690918,41.355551],[-74.688874,41.354598],[-74.687757,41.354078],[-74.686908,41.353684],[-74.685585,41.353083],[-74.685355,41.352978],[-74.684145,41.352424],[-74.680022,41.350555],[-74.677494,41.349407],[-74.675542,41.34852],[-74.674904,41.348229],[-74.674564,41.348071],[-74.674109,41.347864],[-74.673928,41.34778],[-74.670813,41.34637],[-74.66696,41.344608],[-74.661474,41.342101],[-74.660135,41.341489],[-74.659683,41.341282],[-74.658567,41.340772],[-74.654367,41.338852],[-74.653507,41.338455],[-74.651192,41.337386],[-74.649342,41.336533],[-74.648488,41.336137],[-74.646175,41.335069],[-74.64409,41.334106],[-74.642884,41.333549],[-74.641736,41.333019],[-74.641584,41.332949],[-74.640763,41.332574],[-74.640412,41.332414],[-74.639789,41.33213],[-74.637605,41.331137],[-74.63491,41.329924],[-74.633233,41.32917],[-74.632542,41.328859],[-74.631328,41.328312],[-74.630975,41.328153],[-74.629745,41.32759],[-74.625865,41.325824],[-74.624769,41.325324],[-74.623439,41.324718],[-74.619984,41.323142],[-74.619238,41.322799],[-74.617591,41.32205],[-74.61652,41.321564],[-74.610906,41.319004],[-74.609242,41.318246],[-74.608809,41.318049],[-74.608164,41.317755],[-74.607648,41.317527],[-74.606905,41.317189],[-74.59966,41.313902],[-74.597261,41.312808],[-74.596671,41.312535],[-74.592655,41.310703],[-74.589972,41.309483],[-74.586632,41.307968],[-74.584972,41.307218],[-74.582771,41.306226],[-74.581893,41.305831],[-74.581495,41.305649],[-74.580609,41.305252],[-74.580166,41.305058],[-74.579231,41.304621],[-74.577224,41.303727],[-74.575368,41.30289],[-74.573301,41.301958],[-74.571699,41.301233],[-74.569204,41.300099],[-74.564116,41.297774],[-74.562463,41.29701],[-74.562369,41.296972],[-74.562287,41.296942],[-74.562198,41.296895],[-74.561608,41.296629],[-74.560932,41.296331],[-74.560209,41.295999],[-74.557633,41.29483],[-74.556655,41.294379],[-74.556378,41.29426],[-74.553929,41.293148],[-74.551856,41.292211],[-74.547726,41.290331],[-74.546015,41.289551],[-74.539838,41.286741],[-74.537627,41.285708],[-74.536846,41.285345],[-74.536692,41.285273],[-74.536655,41.285255],[-74.536484,41.285175],[-74.533273,41.283661],[-74.529463,41.281867],[-74.526305,41.280381],[-74.525489,41.279997],[-74.525371,41.279941],[-74.525257,41.279897],[-74.522511,41.278595],[-74.518208,41.276544],[-74.511186,41.273264],[-74.507516,41.271537],[-74.5068,41.271186],[-74.505795,41.270692],[-74.503176,41.269393],[-74.500475,41.26805],[-74.499989,41.267809],[-74.499682,41.267657],[-74.493599,41.264635],[-74.491265,41.263477],[-74.47761,41.25739],[-74.47695,41.257105],[-74.474069,41.255811],[-74.473091,41.255382],[-74.470794,41.254351],[-74.470213,41.254095],[-74.468419,41.253271],[-74.466667,41.252467],[-74.465079,41.25174],[-74.463317,41.250933],[-74.457864,41.248435],[-74.455271,41.247193],[-74.450203,41.244774],[-74.448225,41.243805],[-74.439653,41.239691],[-74.438712,41.239244],[-74.438084,41.238936],[-74.432717,41.236342],[-74.42945,41.234757],[-74.428754,41.234423],[-74.427176,41.233648],[-74.425756,41.23295],[-74.424688,41.232423],[-74.423295,41.23174],[-74.422601,41.231399],[-74.42007,41.230151],[-74.418821,41.229518],[-74.41337,41.226809],[-74.411555,41.225906],[-74.409905,41.225086],[-74.406086,41.223187],[-74.40426,41.222279],[-74.4021,41.221204],[-74.400595,41.220456],[-74.400339,41.22033],[-74.399985,41.220153],[-74.398664,41.219499],[-74.397111,41.21873],[-74.396924,41.218635],[-74.396703,41.218513],[-74.396593,41.218457],[-74.395594,41.21795],[-74.390238,41.215137],[-74.38644,41.213142],[-74.38518,41.21248],[-74.383058,41.211366],[-74.382581,41.211115],[-74.38195,41.210784],[-74.378815,41.209145],[-74.374434,41.206853],[-74.371043,41.205085],[-74.367512,41.203249],[-74.366596,41.202771],[-74.365969,41.20245],[-74.362103,41.200431],[-74.356435,41.197653],[-74.355794,41.197338],[-74.35523,41.197057],[-74.353035,41.195986],[-74.352434,41.195688],[-74.34941,41.194213],[-74.346418,41.192742],[-74.344929,41.192059],[-74.343323,41.191312],[-74.342644,41.190998],[-74.334688,41.187322],[-74.334053,41.187028],[-74.332171,41.186162],[-74.331773,41.185974],[-74.331301,41.185758],[-74.330677,41.185465],[-74.326411,41.183615],[-74.322346,41.181796],[-74.321848,41.181567],[-74.320343,41.180908],[-74.319698,41.18062],[-74.319018,41.180323],[-74.318647,41.180159],[-74.316792,41.17934],[-74.315172,41.178625],[-74.314834,41.178476],[-74.304752,41.174019],[-74.302181,41.172882],[-74.301926,41.172769],[-74.299913,41.171879],[-74.287661,41.166537],[-74.281533,41.163873],[-74.280667,41.163494],[-74.279833,41.163129],[-74.279679,41.163063],[-74.279573,41.163015],[-74.269107,41.158608],[-74.267019,41.157729],[-74.260511,41.154709],[-74.255605,41.152433],[-74.252482,41.150983],[-74.250739,41.150176],[-74.249442,41.149611],[-74.247214,41.14864],[-74.245369,41.147837],[-74.244118,41.147303],[-74.243177,41.146876],[-74.242642,41.146654],[-74.242271,41.146486],[-74.239596,41.145321],[-74.237485,41.144401],[-74.235808,41.14367],[-74.234905,41.143277],[-74.234419,41.143071],[-74.23429,41.143016],[-74.233042,41.142493],[-74.231656,41.14192],[-74.228171,41.140449],[-74.227986,41.140371],[-74.227875,41.140323],[-74.227705,41.140251],[-74.227098,41.139993],[-74.227068,41.13998],[-74.227039,41.139967],[-74.227015,41.139957],[-74.226985,41.139944],[-74.226611,41.139785],[-74.223257,41.138357],[-74.222625,41.138088],[-74.222504,41.138037],[-74.222336,41.137965],[-74.222039,41.137839],[-74.218369,41.136277],[-74.217768,41.136025],[-74.21678,41.135697],[-74.215625,41.135315],[-74.215503,41.135273],[-74.215392,41.135236],[-74.215164,41.13516],[-74.214976,41.135098],[-74.214373,41.134898],[-74.213813,41.134712],[-74.212702,41.134346],[-74.211226,41.133722],[-74.206275,41.13162],[-74.195322,41.126937],[-74.195266,41.126912],[-74.194735,41.126678],[-74.19128,41.125201],[-74.188103,41.123847],[-74.184945,41.122497],[-74.183174,41.12174],[-74.182358,41.121392],[-74.169758,41.116006],[-74.16814,41.115315],[-74.1629,41.113016],[-74.162687,41.112923],[-74.162498,41.112841],[-74.162459,41.112822],[-74.16178,41.112525],[-74.160969,41.112168],[-74.159118,41.111356],[-74.158954,41.111284],[-74.158378,41.111031],[-74.15834,41.111015],[-74.158292,41.110993],[-74.158209,41.110957],[-74.157109,41.110475],[-74.157,41.110427],[-74.156298,41.110119],[-74.156166,41.11006],[-74.1555,41.109768],[-74.155484,41.109762],[-74.155174,41.109625],[-74.154654,41.109397],[-74.153674,41.108966],[-74.153405,41.108849],[-74.152729,41.108552],[-74.1526,41.108496],[-74.152171,41.108307],[-74.152013,41.108238],[-74.15174,41.108118],[-74.15132,41.107931],[-74.150335,41.107492],[-74.150205,41.107433],[-74.149906,41.107303],[-74.148497,41.106683],[-74.147788,41.106371],[-74.147671,41.106319],[-74.14743,41.106213],[-74.147306,41.106158],[-74.147268,41.106142],[-74.147254,41.106136],[-74.147104,41.106069],[-74.146868,41.105965],[-74.146675,41.10588],[-74.145711,41.105455],[-74.143672,41.104556],[-74.142349,41.10397],[-74.142098,41.103862],[-74.13174,41.099296],[-74.129898,41.098483],[-74.129499,41.098307],[-74.129424,41.098274],[-74.129161,41.098158],[-74.12725,41.097319],[-74.120773,41.094437],[-74.114284,41.091568],[-74.11238,41.090742],[-74.112289,41.090704],[-74.103983,41.08706],[-74.098245,41.084548],[-74.09677,41.083905],[-74.096648,41.083851],[-74.096333,41.08371],[-74.095779,41.083462],[-74.095473,41.083324],[-74.094165,41.082737],[-74.094088,41.082702],[-74.093058,41.08224],[-74.092361,41.081936],[-74.092331,41.081914],[-74.091218,41.081419],[-74.090468,41.081086],[-74.086734,41.079424],[-74.086207,41.07919],[-74.084284,41.078334],[-74.084053,41.078231],[-74.083775,41.078108],[-74.083761,41.078101],[-74.081707,41.077187],[-74.081669,41.077171],[-74.081638,41.077157],[-74.081576,41.077129],[-74.080029,41.076441],[-74.079012,41.075988],[-74.075069,41.074234],[-74.074829,41.074127],[-74.074247,41.073868],[-74.073862,41.073697],[-74.07358,41.073572],[-74.073521,41.073545],[-74.072476,41.07308],[-74.07183,41.072793],[-74.071104,41.07247],[-74.068974,41.071521],[-74.067893,41.071039],[-74.067806,41.071002],[-74.061583,41.068235],[-74.060967,41.067961],[-74.059521,41.067319],[-74.058651,41.066931],[-74.058199,41.06673],[-74.057219,41.066292],[-74.056808,41.066111],[-74.056676,41.066053],[-74.052046,41.063997],[-74.051987,41.063968],[-74.051245,41.06364],[-74.051226,41.063631],[-74.051167,41.063605],[-74.050853,41.063466],[-74.050731,41.063412],[-74.046838,41.061688],[-74.046141,41.061379],[-74.046098,41.06136],[-74.04457,41.060683],[-74.044496,41.060651],[-74.043991,41.060427],[-74.04304,41.060006],[-74.04091,41.059062],[-74.040508,41.058884],[-74.037445,41.057527],[-74.037296,41.057461],[-74.037137,41.057391],[-74.036513,41.057113],[-74.035864,41.056827],[-74.034587,41.056258],[-74.033586,41.055812],[-74.033542,41.055793],[-74.033459,41.055756],[-74.033363,41.055713],[-74.033331,41.055699],[-74.033282,41.055677],[-74.033234,41.055656],[-74.032246,41.055216],[-74.031863,41.055045],[-74.031844,41.055037],[-74.031384,41.054832],[-74.031366,41.054824],[-74.029242,41.053879],[-74.025817,41.052354],[-74.025789,41.052341],[-74.025485,41.052206],[-74.025444,41.052188],[-74.025391,41.052164],[-74.024994,41.051987],[-74.02457,41.051798],[-74.024544,41.051787],[-74.024298,41.051678],[-74.023683,41.051406],[-74.023398,41.051279],[-74.022824,41.051025],[-74.02251,41.050885],[-74.022467,41.050866],[-74.02237,41.050823],[-74.019803,41.049686],[-74.019385,41.049505],[-74.019307,41.049466],[-74.018331,41.049034],[-74.018249,41.048997],[-74.018158,41.048957],[-74.017305,41.048579],[-74.015743,41.047886],[-74.015577,41.047813],[-74.014717,41.047432],[-74.014564,41.047361],[-74.014423,41.047299],[-74.013491,41.046894],[-74.013477,41.046889],[-74.013284,41.046804],[-74.013226,41.046771],[-74.012702,41.046538],[-74.01255,41.046471],[-74.011984,41.04622],[-74.011658,41.046076],[-74.004884,41.043072],[-74.004363,41.042841],[-74.001681,41.041652],[-73.99982,41.040827],[-73.999571,41.040716],[-73.999301,41.040596],[-73.997163,41.039645],[-73.99375,41.038128],[-73.993529,41.038029],[-73.992889,41.037744],[-73.992734,41.037675],[-73.992683,41.037652],[-73.992652,41.037639],[-73.992465,41.037556],[-73.992378,41.037508],[-73.992105,41.037387],[-73.977283,41.030805],[-73.976532,41.030467],[-73.975141,41.029848],[-73.974419,41.029526],[-73.972569,41.028703],[-73.970503,41.027783],[-73.969716,41.027433],[-73.967046,41.02624],[-73.966976,41.026209],[-73.966828,41.026143],[-73.966563,41.026025],[-73.966491,41.025992],[-73.965999,41.025773],[-73.965503,41.025551],[-73.964815,41.025244],[-73.963587,41.024695],[-73.963188,41.024517],[-73.959881,41.02304],[-73.959129,41.022704],[-73.959032,41.02266],[-73.958962,41.022628],[-73.958809,41.022559],[-73.958247,41.022307],[-73.95594,41.021275],[-73.955295,41.020985],[-73.95504,41.02087],[-73.954869,41.020794],[-73.954855,41.020788],[-73.95482,41.020773],[-73.9547,41.020721],[-73.953979,41.020407],[-73.953015,41.019987],[-73.952976,41.019971],[-73.952875,41.019926],[-73.952506,41.019766],[-73.952329,41.019688],[-73.951893,41.019491],[-73.951859,41.019476],[-73.951634,41.019375],[-73.950423,41.01883],[-73.950376,41.018809],[-73.950134,41.0187],[-73.94929,41.01832],[-73.949189,41.018274],[-73.948383,41.017912],[-73.947901,41.017695],[-73.946897,41.017244],[-73.94688,41.017235],[-73.946839,41.017217],[-73.946751,41.017177],[-73.946333,41.01699],[-73.945606,41.016664],[-73.94509,41.016429],[-73.944932,41.016358],[-73.944493,41.016161],[-73.944261,41.016056],[-73.9442,41.016029],[-73.941339,41.014741],[-73.941091,41.014633],[-73.93905,41.013708],[-73.938873,41.013628],[-73.938681,41.013542],[-73.938346,41.013391],[-73.937047,41.012804],[-73.936982,41.012775],[-73.936461,41.01254],[-73.934035,41.011445],[-73.932818,41.010896],[-73.931976,41.010516],[-73.931036,41.010092],[-73.930205,41.009717],[-73.929515,41.009403],[-73.929418,41.009361],[-73.928112,41.008766],[-73.92806,41.008743],[-73.927669,41.008567],[-73.925173,41.007427],[-73.923377,41.006609],[-73.923227,41.006541],[-73.922015,41.005996],[-73.921785,41.005893],[-73.921111,41.005589],[-73.920603,41.005361],[-73.920239,41.005199],[-73.919882,41.005038],[-73.918493,41.004412],[-73.911862,41.00143],[-73.911732,41.001372],[-73.911662,41.001343],[-73.911346,41.001196],[-73.906717,40.999124],[-73.90499,40.998352],[-73.902716,40.997335],[-73.902683,40.997334],[-73.902513,40.997331],[-73.90245,40.99733],[-73.899447,40.997277],[-73.89406,40.997181],[-73.893985,40.99718],[-73.893629,40.997173],[-73.895972,40.982928],[-73.896145,40.981881],[-73.898688,40.974865],[-73.898704,40.974821],[-73.89874,40.974722],[-73.904144,40.95981],[-73.904736,40.958175],[-73.904771,40.958081],[-73.904929,40.957643],[-73.907107,40.951633],[-73.907136,40.951552],[-73.907179,40.951433],[-73.908464,40.947888],[-73.909113,40.945902],[-73.909151,40.945769],[-73.910369,40.941518],[-73.912058,40.935626],[-73.912097,40.935493],[-73.914254,40.927968],[-73.915462,40.924903],[-73.91761,40.919499],[-73.917713,40.91924],[-73.918244,40.9179],[-73.918318,40.917713],[-73.918348,40.917638],[-73.919211,40.915457],[-73.919432,40.9149],[-73.919935,40.913631],[-73.919947,40.9136],[-73.920969,40.911021],[-73.921242,40.910331],[-73.922468,40.907244],[-73.923308,40.90507],[-73.923843,40.903683],[-73.924236,40.902744],[-73.924954,40.901026],[-73.925666,40.899159],[-73.925923,40.898485],[-73.92655,40.896887],[-73.92712,40.895504],[-73.927243,40.895206],[-73.928295,40.89257],[-73.929188,40.890316],[-73.929429,40.8897],[-73.929456,40.88963],[-73.929822,40.88869],[-73.93173,40.885586],[-73.932574,40.884218],[-73.933653,40.882471],[-73.933809,40.882222],[-73.933789,40.882215],[-73.933908,40.88202],[-73.938119,40.875142],[-73.938178,40.875046],[-73.938355,40.874757],[-73.93891,40.87385],[-73.938947,40.873791],[-73.942954,40.867245],[-73.943043,40.8671],[-73.945784,40.862623],[-73.945841,40.862528],[-73.945886,40.862456],[-73.948293,40.858525],[-73.948337,40.858454],[-73.948823,40.857659],[-73.952398,40.85182],[-73.952487,40.851674],[-73.952566,40.851545],[-73.95283,40.851114],[-73.953989,40.848476],[-73.954195,40.848011],[-73.954313,40.84774],[-73.955662,40.844669],[-73.955728,40.844518],[-73.957797,40.839809],[-73.957832,40.839729],[-73.95802,40.8393],[-73.958706,40.83774],[-73.958825,40.83747],[-73.960087,40.834595],[-73.960137,40.834482],[-73.961212,40.832035],[-73.961264,40.831918],[-73.96133,40.831767],[-73.961647,40.831044],[-73.961681,40.830969],[-73.962464,40.829185],[-73.962586,40.828909],[-73.962655,40.82875],[-73.963578,40.82665],[-73.963788,40.826363],[-73.963816,40.826324],[-73.965021,40.824674],[-73.965139,40.824512],[-73.965171,40.824468],[-73.965593,40.823891],[-73.96572,40.823717],[-73.965901,40.823469],[-73.965982,40.823358],[-73.966471,40.822688],[-73.966564,40.822561],[-73.967804,40.820862],[-73.967866,40.820779],[-73.967895,40.820739],[-73.970694,40.816905],[-73.971124,40.816316],[-73.971153,40.816277],[-73.971617,40.815641],[-73.973488,40.813079],[-73.975086,40.81089],[-73.977173,40.808033],[-73.978865,40.805715],[-73.979095,40.8054],[-73.980635,40.803291],[-73.982517,40.800714],[-73.982656,40.800524],[-73.984363,40.798187],[-73.98474,40.79767],[-73.984905,40.797444],[-73.986257,40.795593],[-73.986278,40.795564],[-73.988151,40.792999],[-73.99001,40.790453],[-73.991373,40.788587],[-73.991691,40.788151],[-73.992999,40.786361],[-73.99394,40.785071],[-73.994846,40.783831],[-73.99577,40.782566],[-73.995869,40.782431],[-73.997409,40.780321],[-73.997808,40.779775],[-73.998641,40.778633],[-73.999638,40.777268],[-74.000448,40.77616],[-74.000913,40.775522],[-74.001619,40.774556],[-74.002303,40.773618],[-74.002954,40.772727],[-74.003422,40.772086],[-74.004087,40.771176],[-74.004654,40.770399],[-74.005372,40.769416],[-74.00617,40.768323],[-74.006584,40.767756],[-74.008604,40.764989],[-74.009526,40.763727],[-74.009885,40.763234],[-74.010047,40.763014],[-74.010137,40.76289],[-74.010236,40.762755],[-74.011106,40.761564],[-74.01201,40.760326],[-74.012953,40.759034],[-74.01403,40.757559],[-74.01425,40.756664],[-74.015014,40.753514],[-74.015506,40.751491],[-74.016014,40.749404],[-74.016607,40.74697],[-74.017284,40.744188],[-74.017345,40.743937],[-74.017399,40.743714],[-74.017888,40.741704],[-74.018137,40.740675],[-74.0184,40.739602],[-74.019185,40.736374],[-74.019322,40.735815],[-74.019428,40.735377],[-74.019608,40.734638],[-74.020063,40.732767],[-74.020388,40.731433],[-74.02064,40.730399],[-74.020969,40.729045],[-74.021001,40.728913],[-74.021021,40.728838],[-74.021312,40.727632],[-74.021333,40.727551],[-74.021353,40.72747],[-74.021833,40.725495],[-74.021863,40.725371],[-74.021891,40.725259],[-74.022004,40.724791],[-74.02229,40.723618],[-74.0227,40.721931],[-74.02302,40.720619],[-74.023067,40.720422],[-74.023638,40.718077],[-74.023982,40.715847],[-74.024132,40.714851],[-74.024272,40.713948],[-74.024398,40.713119],[-74.02468,40.711277],[-74.024953,40.709482],[-74.025128,40.708351],[-74.025295,40.70727],[-74.025677,40.704772],[-74.026154,40.701657],[-74.026391,40.700111],[-74.033554,40.688265],[-74.035444,40.685133],[-74.035791,40.684558],[-74.037462,40.681792],[-74.04277,40.673004],[-74.043452,40.671875],[-74.04352,40.671762],[-74.04585,40.667903],[-74.045972,40.667702],[-74.047333,40.665448],[-74.04769,40.664857],[-74.047957,40.664415],[-74.048249,40.663931],[-74.048977,40.662726],[-74.049632,40.661642],[-74.049989,40.661051],[-74.050666,40.65993],[-74.050736,40.659815],[-74.051287,40.658901],[-74.051725,40.658176],[-74.053047,40.655988],[-74.05323,40.655665],[-74.053485,40.655211],[-74.054199,40.654079],[-74.054424,40.653704],[-74.054519,40.653544],[-74.054598,40.653412],[-74.055356,40.652143],[-74.05575,40.651484],[-74.055775,40.651484],[-74.069781,40.651497],[-74.071662,40.651504],[-74.072558,40.6515],[-74.086987,40.651514],[-74.090616,40.64958],[-74.091128,40.649309],[-74.093443,40.648073],[-74.094191,40.648073],[-74.100241,40.648072],[-74.103929,40.648072],[-74.105039,40.648072],[-74.106144,40.648072],[-74.109849,40.648072],[-74.119295,40.644618],[-74.120961,40.644009],[-74.121644,40.643762],[-74.123445,40.6431],[-74.125461,40.642363],[-74.126019,40.642159],[-74.128078,40.642616],[-74.130223,40.643093],[-74.131816,40.643446],[-74.132922,40.643692],[-74.134272,40.643467],[-74.13584,40.643207],[-74.136201,40.643147],[-74.136541,40.64309],[-74.141796,40.642216],[-74.142004,40.642182],[-74.142238,40.642143],[-74.143111,40.641998],[-74.149096,40.642703],[-74.157944,40.643746],[-74.158108,40.643765],[-74.159905,40.643977],[-74.161211,40.644131],[-74.161329,40.644145],[-74.161429,40.644156],[-74.161537,40.644165],[-74.162126,40.644239],[-74.170624,40.645238],[-74.177374,40.646033],[-74.177598,40.646059],[-74.181652,40.646536],[-74.185643,40.64605],[-74.185691,40.646018],[-74.186987,40.645118],[-74.187758,40.644583],[-74.189218,40.643569],[-74.191432,40.642033],[-74.195244,40.638603],[-74.196205,40.637742],[-74.196249,40.637697],[-74.197395,40.635964],[-74.197417,40.635929],[-74.197449,40.635882],[-74.198166,40.634795],[-74.200178,40.633278],[-74.20067,40.632908],[-74.202402,40.6316],[-74.20233,40.629915],[-74.202283,40.628789],[-74.20271,40.627643],[-74.20346,40.625632],[-74.203619,40.625206],[-74.203927,40.624378],[-74.202547,40.617388],[-74.202427,40.616778],[-74.202573,40.616529],[-74.203891,40.614284],[-74.204835,40.60607],[-74.203685,40.604824],[-74.202368,40.603397],[-74.199591,40.60039],[-74.199591,40.597854],[-74.200305,40.596927],[-74.202463,40.594126],[-74.203293,40.59305],[-74.203607,40.592643],[-74.204246,40.591816],[-74.204879,40.590994],[-74.207244,40.587923],[-74.207385,40.58723],[-74.208926,40.579698],[-74.209097,40.578861],[-74.209546,40.576674],[-74.210146,40.573732],[-74.210669,40.572175],[-74.211886,40.568552],[-74.212032,40.568119],[-74.214577,40.560541],[-74.216497,40.558596],[-74.218005,40.557066],[-74.227414,40.558556],[-74.228308,40.558698],[-74.231417,40.55919],[-74.232136,40.558751],[-74.239137,40.55448],[-74.239642,40.554174],[-74.247486,40.549385],[-74.247529,40.549278],[-74.248984,40.5456],[-74.249194,40.54507],[-74.250286,40.542308],[-74.249939,40.540568],[-74.249737,40.539559],[-74.247463,40.528179],[-74.246836,40.52504],[-74.246784,40.524779],[-74.246085,40.521283],[-74.246029,40.521003],[-74.246022,40.520966],[-74.253019,40.516377],[-74.25405,40.5157],[-74.254097,40.515669],[-74.254762,40.514525],[-74.255712,40.512889],[-74.256289,40.511895],[-74.256986,40.510696],[-74.257235,40.510267],[-74.258131,40.508725],[-74.258171,40.508171],[-74.258188,40.507927],[-74.258292,40.506502],[-74.258315,40.506186],[-74.258394,40.505087],[-74.258561,40.50279],[-74.258578,40.502553],[-74.258598,40.502289],[-74.258706,40.500797],[-74.258756,40.500111],[-74.258845,40.498883],[-74.258138,40.497397],[-74.257119,40.495253],[-74.256292,40.493514],[-74.256136,40.493191],[-74.253637,40.487928],[-74.253302,40.487223],[-74.253145,40.486894],[-74.253038,40.486668],[-74.249949,40.485544],[-74.248972,40.485189],[-74.24667,40.484351],[-74.243813,40.483309],[-74.240984,40.482282],[-74.237958,40.48118],[-74.235292,40.48021],[-74.22952,40.47811],[-74.228198,40.477629],[-74.227765,40.477471],[-74.225333,40.476586],[-74.218543,40.477755],[-74.216804,40.478054],[-74.206444,40.479826],[-74.200004,40.480946],[-74.176333,40.48502],[-74.162208,40.487452],[-74.158822,40.488031],[-74.137061,40.49178],[-74.130579,40.492896],[-74.102548,40.497721],[-74.098036,40.498497],[-74.094683,40.499075],[-74.092729,40.499414],[-74.091913,40.499551],[-74.091265,40.499671],[-74.085621,40.500635],[-74.083244,40.501045],[-74.069722,40.503377],[-74.05673,40.505607],[-74.043781,40.507836],[-74.04228,40.508093],[-74.013523,40.513014],[-73.977875,40.519103],[-73.947795,40.508398],[-73.902141,40.492129],[-73.889646,40.486519],[-73.886653,40.489802],[-73.886544,40.489937],[-73.882273,40.495218],[-73.88184,40.495698],[-73.876779,40.501135],[-73.87003,40.502494],[-73.86061,40.508394],[-73.854844,40.512008],[-73.837817,40.518461],[-73.829876,40.521472],[-73.826159,40.522882],[-73.81892,40.524513],[-73.804243,40.527823],[-73.792856,40.53039],[-73.78397,40.532395],[-73.776982,40.53302],[-73.772965,40.533379],[-73.768782,40.533755],[-73.749168,40.534004],[-73.706095,40.53455],[-73.702055,40.534548],[-73.628312,40.53452],[-73.624575,40.534519],[-73.574878,40.530647],[-73.552675,40.528917],[-73.550081,40.5285],[-73.529331,40.525161],[-73.517845,40.523314],[-73.512379,40.522826],[-73.501044,40.521813],[-73.500948,40.521804],[-73.486497,40.520513],[-73.484947,40.520929],[-73.470981,40.524672],[-73.465598,40.526115],[-73.441216,40.531717],[-73.425311,40.534273],[-73.406385,40.537318],[-73.37852,40.545721],[-73.343689,40.554124],[-73.326273,40.556924],[-73.312341,40.554123],[-73.291442,40.551322],[-73.274026,40.551322],[-73.264525,40.555705],[-73.249643,40.562573],[-73.249563,40.562573],[-73.124559,40.598374],[-73.120209,40.599415],[-73.112092,40.601359],[-73.103346,40.603404],[-73.095302,40.605281],[-73.08515,40.607021],[-73.079129,40.608361],[-73.072008,40.609766],[-73.064094,40.611675],[-73.059346,40.61288],[-73.054158,40.614185],[-73.051125,40.614888],[-73.045453,40.616292],[-73.038988,40.617897],[-73.032085,40.619536],[-73.025707,40.621644],[-73.014045,40.625095],[-73.014005,40.625107],[-72.874543,40.675027],[-72.849118,40.681604],[-72.828608,40.686909],[-72.807645,40.693936],[-72.782442,40.702385],[-72.749545,40.713413],[-72.728423,40.718847],[-72.692656,40.72805],[-72.62454,40.745575],[-72.608855,40.750107],[-72.588199,40.75619],[-72.541706,40.769918],[-72.499493,40.782384],[-72.456508,40.795003],[-72.396532,40.812611],[-72.37453,40.818603],[-72.321627,40.83899],[-72.264543,40.860987],[-72.249526,40.866773],[-72.225964,40.875108],[-72.208589,40.881318],[-72.194876,40.88622],[-72.124534,40.911365],[-72.114111,40.915077],[-72.050884,40.937597],[-71.999517,40.956027],[-71.979668,40.963949],[-71.970136,40.967754],[-71.932752,40.98196],[-71.931699,40.982505],[-71.927471,40.983316],[-71.919624,40.985524],[-71.910048,40.987905],[-71.902546,40.989679],[-71.899908,40.990504],[-71.896836,40.990633],[-71.890842,40.991428],[-71.884776,40.992277],[-71.880976,40.99346],[-71.876435,40.994727],[-71.874511,40.995464],[-71.87424,40.995607],[-71.872592,40.996075],[-71.87014,40.996979],[-71.86801,40.998255],[-71.866085,40.999181],[-71.865281,40.99959],[-71.86462,41.00011],[-71.837089,41.0109],[-71.808164,41.02782],[-71.79414,41.036985],[-71.782749,41.055315],[-71.777492,41.0673],[-71.777492,41.07717],[-71.778138,41.081327],[-71.779245,41.08845],[-71.780705,41.092758],[-71.781873,41.096205],[-71.790636,41.101845],[-71.790637,41.125109],[-71.790973,41.184109],[-71.791152,41.184289],[-71.809385,41.203243],[-71.854463,41.250108],[-71.858426,41.253626],[-71.858514,41.253705],[-71.874514,41.270694],[-71.879848,41.276254],[-71.907259,41.304491],[-71.909668,41.305132],[-71.916896,41.307055],[-71.919306,41.307696],[-71.923379,41.308779],[-71.929452,41.310395],[-71.935678,41.309097],[-71.939805,41.308237],[-71.947673,41.306597],[-71.956747,41.304707],[-71.961244,41.30377],[-71.971279,41.301679],[-71.97369,41.301177],[-71.976419,41.300608],[-71.979148,41.30004],[-71.986562,41.298495],[-71.999487,41.295802],[-71.999518,41.295794],[-72.007766,41.29362],[-72.008689,41.293376],[-72.016013,41.291446],[-72.0174,41.29108],[-72.019215,41.290602],[-72.021425,41.2896],[-72.022732,41.289008],[-72.028197,41.28653],[-72.044593,41.279099],[-72.050059,41.276622],[-72.050479,41.276431],[-72.05174,41.275859],[-72.052161,41.275669],[-72.052744,41.275404],[-72.054494,41.274611],[-72.055078,41.274347],[-72.057478,41.273259],[-72.064679,41.269995],[-72.06708,41.268908],[-72.068779,41.268138],[-72.070019,41.267575],[-72.070478,41.267368],[-72.076127,41.264808],[-72.078836,41.263579],[-72.081776,41.262248],[-72.081793,41.262244],[-72.081848,41.262232],[-72.081866,41.262229],[-72.082056,41.26219],[-72.08263,41.262073],[-72.082821,41.262035],[-72.084141,41.261767],[-72.085461,41.261499],[-72.087369,41.261111],[-72.095511,41.259458],[-72.101013,41.25834],[-72.105561,41.257416],[-72.10629,41.257267],[-72.108477,41.256823],[-72.109207,41.256675],[-72.115672,41.25536],[-72.135069,41.251419],[-72.141535,41.250106],[-72.143738,41.249706],[-72.150347,41.248507],[-72.152551,41.248108],[-72.159013,41.246936],[-72.178401,41.243424],[-72.184864,41.242253],[-72.185083,41.242212],[-72.185743,41.242093],[-72.185963,41.242054],[-72.186052,41.242037],[-72.186322,41.241989],[-72.186412,41.241973],[-72.193208,41.240742],[-72.195301,41.240363],[-72.204189,41.238752],[-72.212291,41.237285],[-72.213597,41.237048],[-72.220394,41.235816],[-72.226021,41.234796],[-72.242902,41.231738],[-72.24853,41.230719],[-72.248734,41.230681],[-72.249349,41.230571],[-72.249554,41.230534],[-72.265934,41.227429],[-72.315073,41.218116],[-72.331454,41.215012],[-72.331481,41.215007],[-72.34449,41.212541],[-72.38352,41.205144],[-72.39653,41.202679],[-72.397693,41.202458],[-72.401181,41.201797],[-72.402345,41.201577],[-72.405515,41.200976],[-72.415024,41.199173],[-72.418195,41.198573],[-72.418893,41.19844],[-72.42099,41.198043],[-72.421689,41.197911],[-72.431244,41.1961],[-72.459909,41.190666],[-72.469465,41.188856],[-72.470855,41.188592],[-72.475028,41.187801],[-72.47642,41.187538],[-72.486716,41.185586],[-72.517605,41.179732],[-72.527902,41.177782],[-72.551564,41.173246],[-72.551817,41.173197],[-72.575226,41.168711],[-72.611353,41.161786],[-72.623563,41.159445],[-72.647479,41.154862],[-72.656182,41.153193],[-72.682293,41.148188],[-72.690997,41.146521],[-72.691741,41.146378],[-72.693973,41.14595],[-72.694718,41.145808],[-72.702938,41.14423],[-72.727597,41.139496],[-72.735818,41.137919],[-72.738533,41.137397],[-72.746678,41.135833],[-72.749394,41.135313],[-72.75852,41.133578],[-72.785898,41.128375],[-72.795025,41.126642],[-72.796643,41.126334],[-72.801497,41.125412],[-72.803116,41.125105],[-72.803369,41.125056],[-72.803621,41.125007],[-72.808058,41.124148],[-72.815725,41.122666],[-72.822886,41.121281],[-72.827829,41.120326],[-72.831458,41.119624],[-72.842346,41.117517],[-72.845976,41.116816],[-72.846634,41.116688],[-72.848607,41.116307],[-72.849266,41.11618],[-72.851429,41.115761],[-72.857918,41.114506],[-72.860082,41.114088],[-72.860607,41.113986],[-72.862183,41.113681],[-72.862709,41.11358],[-72.862908,41.113541],[-72.863508,41.113425],[-72.863708,41.113387],[-72.867486,41.112656],[-72.878823,41.110463],[-72.882602,41.109733],[-72.883393,41.109579],[-72.885769,41.109119],[-72.886561,41.108967],[-72.891303,41.108049],[-72.905532,41.105297],[-72.910275,41.104381],[-72.924081,41.101711],[-72.9655,41.0937],[-72.979307,41.091031],[-72.983355,41.090248],[-72.995499,41.087898],[-72.999548,41.087116],[-73.004543,41.085892],[-73.019529,41.082221],[-73.024525,41.080998],[-73.030009,41.079654],[-73.046464,41.075623],[-73.051949,41.07428],[-73.065201,41.071033],[-73.104958,41.061293],[-73.118211,41.058047],[-73.124057,41.056614],[-73.141595,41.052317],[-73.147442,41.050886],[-73.149792,41.05031],[-73.156845,41.048582],[-73.159196,41.048007],[-73.162323,41.047241],[-73.171704,41.044942],[-73.174831,41.044177],[-73.175366,41.044046],[-73.176971,41.043653],[-73.177506,41.043522],[-73.177651,41.043486],[-73.178087,41.043379],[-73.178233,41.043344],[-73.179281,41.043087],[-73.182428,41.042316],[-73.183477,41.04206],[-73.191086,41.04015],[-73.202036,41.037404],[-73.213915,41.034423],[-73.220595,41.032747],[-73.22106,41.03263],[-73.221525,41.032514],[-73.22304,41.032133],[-73.227589,41.030992],[-73.229105,41.030612],[-73.229643,41.030507],[-73.231259,41.030195],[-73.231798,41.030091],[-73.233081,41.029772],[-73.23693,41.028819],[-73.238214,41.028502],[-73.238841,41.028356],[-73.240726,41.02792],[-73.241354,41.027775],[-73.242597,41.027486],[-73.246329,41.026622],[-73.247573,41.026334],[-73.247969,41.026241],[-73.249161,41.025965],[-73.249558,41.025874],[-73.254725,41.024924],[-73.261289,41.023719],[-73.270226,41.022077],[-73.27302,41.021564],[-73.274207,41.021346],[-73.275393,41.021128],[-73.278595,41.020479],[-73.288204,41.018536],[-73.291407,41.017888],[-73.292438,41.017679],[-73.295533,41.017053],[-73.296565,41.016845],[-73.296598,41.016838],[-73.31219,41.013683],[-73.358968,41.004222],[-73.374561,41.001068],[-73.375283,41.000875],[-73.37745,41.000297],[-73.378173,41.000105],[-73.37902,40.999943],[-73.381561,40.999461],[-73.382409,40.999301],[-73.382686,40.999248],[-73.383517,40.99909],[-73.383795,40.999038],[-73.384953,40.998818],[-73.38843,40.998159],[-73.389589,40.99794],[-73.398055,40.996155],[-73.423453,40.990801],[-73.43192,40.989017],[-73.432474,40.988899],[-73.434136,40.988549],[-73.434691,40.988433],[-73.436218,40.98811],[-73.440802,40.987145],[-73.44233,40.986823],[-73.445156,40.986226],[-73.453634,40.984439],[-73.456461,40.983844],[-73.464381,40.982174],[-73.488141,40.977166],[-73.496062,40.975497],[-73.499566,40.974753],[-73.50026,40.974609],[-73.512866,40.971995],[-73.517068,40.971124],[-73.519207,40.970679],[-73.525627,40.969348],[-73.527767,40.968905],[-73.531052,40.968215],[-73.540907,40.966147],[-73.544193,40.965458],[-73.546089,40.965059],[-73.551779,40.963866],[-73.553676,40.963468],[-73.555113,40.963166],[-73.559426,40.962261],[-73.560864,40.96196],[-73.56114,40.961901],[-73.561972,40.961727],[-73.562249,40.961669],[-73.563851,40.961332],[-73.56866,40.960323],[-73.570263,40.959987],[-73.573698,40.959266],[-73.584003,40.957104],[-73.587439,40.956384],[-73.590074,40.95583],[-73.59067,40.955706],[-73.597977,40.954149],[-73.600611,40.953588],[-73.601562,40.953382],[-73.602513,40.953175],[-73.603064,40.953055],[-73.608338,40.951909],[-73.610428,40.951468],[-73.612886,40.950951],[-73.612897,40.95096],[-73.64621,40.976437],[-73.648021,40.977822],[-73.649833,40.979207],[-73.656369,40.984209],[-73.65638,40.984216],[-73.656413,40.984241],[-73.656424,40.984251],[-73.6567,40.984462],[-73.656772,40.984517],[-73.656914,40.984683],[-73.657391,40.985242],[-73.657616,40.985507],[-73.659381,40.987576],[-73.659672,40.987917],[-73.659532,40.988114],[-73.659475,40.988196],[-73.659292,40.988458],[-73.658912,40.988999],[-73.658883,40.989031],[-73.658777,40.989138],[-73.658631,40.989265],[-73.6578,40.990246],[-73.657229,40.990922],[-73.657973,40.992005],[-73.659033,40.993259],[-73.659043,40.993271],[-73.659107,40.993346],[-73.659487,40.993983],[-73.659586,40.994148],[-73.65964,40.994347],[-73.659649,40.99446],[-73.659583,40.994917],[-73.659517,40.995376],[-73.659508,40.995441],[-73.659495,40.995533],[-73.659384,40.99652],[-73.65931,40.997179],[-73.659417,40.997557],[-73.659728,40.998658],[-73.659737,40.99869],[-73.65994,40.999409],[-73.660058,40.999824],[-73.660135,41.000094],[-73.660211,41.000365],[-73.660242,41.000434],[-73.660269,41.000492],[-73.660175,41.000629],[-73.660133,41.000693],[-73.659692,41.00152],[-73.658556,41.004026],[-73.658083,41.004755],[-73.658021,41.004878],[-73.65796,41.005002],[-73.657917,41.005087],[-73.657875,41.005172],[-73.657782,41.005344],[-73.657691,41.005517],[-73.657215,41.006412],[-73.656847,41.007218],[-73.656066,41.008931],[-73.655277,41.011735],[-73.655242,41.01186],[-73.655256,41.012254],[-73.655321,41.012345],[-73.655414,41.012453],[-73.655651,41.012686],[-73.656118,41.013143],[-73.656205,41.013299],[-73.656294,41.013454],[-73.656868,41.014473],[-73.656902,41.014533],[-73.657373,41.015105],[-73.657873,41.015805],[-73.65814,41.016105],[-73.65819,41.016162],[-73.65868,41.016714],[-73.658773,41.016838],[-73.658993,41.017186],[-73.659079,41.017276],[-73.659448,41.017659],[-73.659564,41.017762],[-73.660261,41.018378],[-73.660294,41.018407],[-73.66031,41.018421],[-73.660455,41.01855],[-73.661717,41.019661],[-73.661736,41.019678],[-73.661848,41.019777],[-73.662673,41.020505],[-73.66274,41.020566],[-73.662757,41.020581],[-73.663511,41.021555],[-73.663523,41.021573],[-73.663605,41.021673],[-73.663859,41.021951],[-73.664075,41.022195],[-73.664149,41.022265],[-73.66418,41.022294],[-73.664673,41.023005],[-73.665178,41.023629],[-73.66519,41.023643],[-73.665241,41.023705],[-73.665258,41.023725],[-73.665607,41.024152],[-73.666422,41.025152],[-73.66654,41.025296],[-73.666716,41.02551],[-73.666783,41.025592],[-73.669173,41.028505],[-73.669728,41.029338],[-73.669773,41.029405],[-73.670276,41.029956],[-73.670378,41.030067],[-73.670382,41.03008],[-73.670512,41.030496],[-73.67059,41.030793],[-73.670607,41.030838],[-73.670633,41.030876],[-73.670688,41.030958],[-73.670975,41.031385],[-73.671024,41.031459],[-73.671055,41.031506],[-73.671075,41.031535],[-73.671351,41.03186],[-73.671412,41.031933],[-73.671833,41.032429],[-73.671928,41.032542],[-73.672552,41.033282],[-73.672719,41.03348],[-73.673098,41.033919],[-73.673708,41.034645],[-73.674518,41.035634],[-73.674805,41.035949],[-73.674923,41.036093],[-73.674991,41.036176],[-73.675104,41.036314],[-73.675124,41.036339],[-73.675192,41.036415],[-73.675226,41.036453],[-73.675312,41.036549],[-73.675331,41.036569],[-73.675346,41.036584],[-73.675397,41.036638],[-73.675488,41.036732],[-73.675502,41.036747],[-73.675547,41.036793],[-73.675576,41.036821],[-73.6756,41.036844],[-73.675652,41.036903],[-73.675744,41.03701],[-73.675919,41.037314],[-73.676089,41.037513],[-73.676186,41.037626],[-73.676234,41.037685],[-73.676486,41.03799],[-73.67658,41.038105],[-73.677058,41.03866],[-73.677445,41.03911],[-73.677464,41.039132],[-73.678538,41.040379],[-73.678563,41.040408],[-73.678777,41.040741],[-73.678905,41.04091],[-73.679276,41.041392],[-73.679513,41.041658],[-73.679755,41.041931],[-73.679772,41.041952],[-73.681846,41.043977],[-73.682474,41.044705],[-73.682948,41.045311],[-73.682961,41.045322],[-73.685719,41.048847],[-73.686766,41.050183],[-73.686834,41.05027],[-73.686902,41.050357],[-73.686956,41.050426],[-73.68701,41.050495],[-73.687174,41.050705],[-73.687891,41.051537],[-73.688419,41.052032],[-73.688851,41.052545],[-73.68953,41.053526],[-73.689827,41.053908],[-73.690718,41.055055],[-73.691015,41.055438],[-73.691252,41.055738],[-73.691482,41.05603],[-73.692347,41.057151],[-73.692866,41.057719],[-73.693041,41.057933],[-73.693153,41.058069],[-73.693491,41.058481],[-73.693953,41.059012],[-73.694207,41.059339],[-73.694682,41.059798],[-73.696174,41.061604],[-73.696253,41.061701],[-73.696416,41.0619],[-73.696484,41.061984],[-73.701556,41.068196],[-73.705074,41.072503],[-73.705566,41.073133],[-73.705706,41.073313],[-73.706305,41.074079],[-73.710394,41.079311],[-73.711537,41.080773],[-73.711614,41.080872],[-73.711847,41.081169],[-73.711925,41.081269],[-73.713797,41.083643],[-73.715149,41.085395],[-73.715451,41.085781],[-73.715479,41.085818],[-73.715811,41.086242],[-73.717064,41.087799],[-73.71768,41.088723],[-73.717738,41.088811],[-73.717876,41.089004],[-73.717971,41.089123],[-73.718676,41.090004],[-73.71884,41.090155],[-73.719355,41.090631],[-73.719401,41.090673],[-73.720577,41.091758],[-73.721019,41.092165],[-73.721219,41.092369],[-73.721667,41.092787],[-73.721727,41.092845],[-73.72211,41.093211],[-73.722711,41.093784],[-73.723383,41.094445],[-73.723472,41.094571],[-73.723617,41.094777],[-73.724778,41.096473],[-73.724796,41.096499],[-73.724961,41.096741],[-73.725143,41.097006],[-73.725335,41.097286],[-73.726173,41.098509],[-73.726213,41.098567],[-73.726516,41.098981],[-73.726822,41.0994],[-73.726846,41.099433],[-73.727776,41.100704],[-73.713766,41.107252],[-73.71365,41.107299],[-73.713551,41.107342],[-73.713404,41.107411],[-73.712961,41.107617],[-73.712273,41.107908],[-73.712226,41.107928],[-73.706022,41.110842],[-73.705901,41.110898],[-73.705871,41.110912],[-73.705815,41.110938],[-73.705675,41.111004],[-73.705535,41.111069],[-73.70362,41.111803],[-73.703543,41.111833],[-73.703446,41.111883],[-73.7033,41.111957],[-73.703154,41.112031],[-73.702841,41.112191],[-73.702734,41.11225],[-73.700704,41.113385],[-73.700004,41.113668],[-73.696054,41.115264],[-73.695959,41.115312],[-73.695006,41.115781],[-73.689475,41.118504],[-73.689266,41.118602],[-73.686075,41.120104],[-73.679023,41.123428],[-73.676775,41.124504],[-73.676418,41.124675],[-73.669935,41.127651],[-73.669806,41.12771],[-73.669688,41.127765],[-73.668027,41.128527],[-73.667805,41.128636],[-73.667213,41.128921],[-73.665932,41.129526],[-73.665908,41.129551],[-73.665832,41.129587],[-73.665648,41.129677],[-73.664974,41.130004],[-73.66177,41.131411],[-73.661608,41.131482],[-73.661122,41.131694],[-73.660961,41.131766],[-73.660874,41.131804],[-73.660574,41.132004],[-73.656137,41.133975],[-73.656123,41.13398],[-73.656085,41.133997],[-73.656072,41.134003],[-73.655971,41.134038],[-73.655634,41.13415],[-73.655474,41.134204],[-73.655437,41.134224],[-73.655354,41.13427],[-73.654374,41.134804],[-73.651674,41.136104],[-73.651582,41.136145],[-73.644209,41.139448],[-73.644075,41.139509],[-73.639673,41.141504],[-73.637766,41.142319],[-73.637749,41.142326],[-73.637724,41.142345],[-73.637354,41.142639],[-73.636015,41.143237],[-73.635637,41.143294],[-73.635502,41.143356],[-73.635015,41.143556],[-73.63486,41.14362],[-73.63475,41.14366],[-73.634737,41.143685],[-73.634716,41.143686],[-73.634649,41.143697],[-73.634457,41.143768],[-73.633931,41.144],[-73.633859,41.144026],[-73.633828,41.144038],[-73.633701,41.144085],[-73.633528,41.14417],[-73.632329,41.144761],[-73.630211,41.1458],[-73.629487,41.146118],[-73.629282,41.146218],[-73.629061,41.146318],[-73.628797,41.146437],[-73.628269,41.146671],[-73.626686,41.147375],[-73.626159,41.147611],[-73.625764,41.147786],[-73.624582,41.148313],[-73.624572,41.148318],[-73.624352,41.148267],[-73.624175,41.148362],[-73.62249,41.149125],[-73.62209,41.149307],[-73.617435,41.151415],[-73.61575,41.152179],[-73.615473,41.152302],[-73.614644,41.15267],[-73.614444,41.15276],[-73.614368,41.152794],[-73.614207,41.15287],[-73.614046,41.152945],[-73.614012,41.152961],[-73.61396,41.152985],[-73.613684,41.153114],[-73.61362,41.153145],[-73.613513,41.153192],[-73.612375,41.153701],[-73.608962,41.155228],[-73.608533,41.155421],[-73.607825,41.155739],[-73.607787,41.155755],[-73.607676,41.155805],[-73.607639,41.155822],[-73.607216,41.156011],[-73.606179,41.156476],[-73.605948,41.156578],[-73.605526,41.156768],[-73.604459,41.157245],[-73.601257,41.158679],[-73.600191,41.159157],[-73.599876,41.159318],[-73.599772,41.159371],[-73.598518,41.160014],[-73.598335,41.160108],[-73.598153,41.160206],[-73.598099,41.160229],[-73.597895,41.160333],[-73.597284,41.160647],[-73.597246,41.160667],[-73.597111,41.160794],[-73.597099,41.160795],[-73.597089,41.160814],[-73.597023,41.160875],[-73.597002,41.160896],[-73.595967,41.161318],[-73.592863,41.162586],[-73.591829,41.16301],[-73.590694,41.163523],[-73.589322,41.164144],[-73.588411,41.164554],[-73.587288,41.165062],[-73.586154,41.165576],[-73.586087,41.165606],[-73.58602,41.165637],[-73.58588,41.1657],[-73.585813,41.16573],[-73.585613,41.165821],[-73.585242,41.165989],[-73.584751,41.16621],[-73.584712,41.166228],[-73.58455,41.166302],[-73.58421,41.166456],[-73.580543,41.168115],[-73.579141,41.16875],[-73.579057,41.168787],[-73.578805,41.1689],[-73.578722,41.168938],[-73.57736,41.169562],[-73.573277,41.171434],[-73.571916,41.172059],[-73.570876,41.172536],[-73.570765,41.172586],[-73.567313,41.174169],[-73.566163,41.174698],[-73.565881,41.174808],[-73.565036,41.17514],[-73.564943,41.175177],[-73.56476,41.175263],[-73.564479,41.175393],[-73.563637,41.175785],[-73.563357,41.175917],[-73.562395,41.176365],[-73.559509,41.177712],[-73.558548,41.178161],[-73.558371,41.178243],[-73.557842,41.17849],[-73.557666,41.178573],[-73.556108,41.1793],[-73.556028,41.179337],[-73.555955,41.179371],[-73.555489,41.179588],[-73.555375,41.179642],[-73.55526,41.179695],[-73.55516,41.179742],[-73.55506,41.179789],[-73.554875,41.179874],[-73.554784,41.179917],[-73.554712,41.17995],[-73.55401,41.180279],[-73.553891,41.180334],[-73.553773,41.180389],[-73.551469,41.181466],[-73.548999,41.182576],[-73.540051,41.186603],[-73.540013,41.186614],[-73.535997,41.188443],[-73.535885,41.188497],[-73.529108,41.191682],[-73.52629,41.193008],[-73.52603,41.193118],[-73.525304,41.193423],[-73.524841,41.193619],[-73.524543,41.193783],[-73.524261,41.19394],[-73.523771,41.194106],[-73.523751,41.194111],[-73.523676,41.194145],[-73.523343,41.194297],[-73.523083,41.194421],[-73.522564,41.1947],[-73.522524,41.194721],[-73.522338,41.194823],[-73.521598,41.195153],[-73.521165,41.195347],[-73.520981,41.195428],[-73.517069,41.197333],[-73.516928,41.197401],[-73.516787,41.19747],[-73.51418,41.19874],[-73.513994,41.198862],[-73.513864,41.198908],[-73.512804,41.199383],[-73.512628,41.199454],[-73.511731,41.199819],[-73.511705,41.199847],[-73.511609,41.199888],[-73.511577,41.199888],[-73.51015,41.200511],[-73.509175,41.200938],[-73.503959,41.20332],[-73.495902,41.206789],[-73.495566,41.206933],[-73.495453,41.206982],[-73.495003,41.207176],[-73.494614,41.207344],[-73.49456,41.207366],[-73.494225,41.207512],[-73.493963,41.207624],[-73.491729,41.208585],[-73.488413,41.210014],[-73.487475,41.210557],[-73.486838,41.210923],[-73.485344,41.211551],[-73.48511,41.21166],[-73.485003,41.211708],[-73.484899,41.211756],[-73.482696,41.21278],[-73.483926,41.21432],[-73.486328,41.217329],[-73.487978,41.219395],[-73.488541,41.220084],[-73.491408,41.223596],[-73.496453,41.229781],[-73.498891,41.232771],[-73.501013,41.235371],[-73.501234,41.235643],[-73.501401,41.235847],[-73.501474,41.235938],[-73.5017,41.236214],[-73.501765,41.236294],[-73.502533,41.237236],[-73.502637,41.237363],[-73.50266,41.237397],[-73.503404,41.238316],[-73.504375,41.239513],[-73.50499,41.240272],[-73.506492,41.242125],[-73.508323,41.244384],[-73.509863,41.246284],[-73.509963,41.246407],[-73.510549,41.247132],[-73.512309,41.24931],[-73.512896,41.250036],[-73.512906,41.250049],[-73.512938,41.250089],[-73.512949,41.250103],[-73.517457,41.255463],[-73.517465,41.255473],[-73.517497,41.255516],[-73.51751,41.255534],[-73.523419,41.262692],[-73.523663,41.262978],[-73.523746,41.263079],[-73.524764,41.264234],[-73.525209,41.264738],[-73.525231,41.264772],[-73.525298,41.26484],[-73.525713,41.265356],[-73.526284,41.26607],[-73.526317,41.266109],[-73.528555,41.268757],[-73.536678,41.278368],[-73.536704,41.278399],[-73.536883,41.278612],[-73.538388,41.280393],[-73.540598,41.283007],[-73.540718,41.283152],[-73.543556,41.286585],[-73.548115,41.292103],[-73.548846,41.292977],[-73.550963,41.295429],[-73.54988,41.30153],[-73.549867,41.301775],[-73.54986,41.301914],[-73.549688,41.305398],[-73.549603,41.307117],[-73.549481,41.316754],[-73.549294,41.319589],[-73.549089,41.325142],[-73.548974,41.3263],[-73.548627,41.329809],[-73.54861,41.32999],[-73.548239,41.333413],[-73.548237,41.333467],[-73.548143,41.334447],[-73.54805,41.335384],[-73.547905,41.336548],[-73.547124,41.342844],[-73.54709,41.343125],[-73.54692,41.344949],[-73.546283,41.351829],[-73.54621,41.352614],[-73.545971,41.354851],[-73.545969,41.354864],[-73.54565,41.357846],[-73.545294,41.361524],[-73.545259,41.361879],[-73.545156,41.362946],[-73.545122,41.363302],[-73.545043,41.363918],[-73.544807,41.365766],[-73.544729,41.366383],[-73.544708,41.366548],[-73.544533,41.367919],[-73.543946,41.372528],[-73.543751,41.374065],[-73.543745,41.374109],[-73.543728,41.374244],[-73.543723,41.374289],[-73.54366,41.374783],[-73.54362,41.375102],[-73.543472,41.376266],[-73.543426,41.37663],[-73.543417,41.376762],[-73.543265,41.379177],[-73.54281,41.386426],[-73.542659,41.388842],[-73.542658,41.388872],[-73.542645,41.38904],[-73.542629,41.389258],[-73.542623,41.389403],[-73.542623,41.389422],[-73.542602,41.38947],[-73.542572,41.389752],[-73.542563,41.390198],[-73.542587,41.390258],[-73.542573,41.390451],[-73.542568,41.390534],[-73.542561,41.390643],[-73.542537,41.390998],[-73.54247,41.392602],[-73.542363,41.393864],[-73.54152,41.403807],[-73.54147,41.404402],[-73.541341,41.405241],[-73.541329,41.405323],[-73.541145,41.406293],[-73.54112,41.40639],[-73.541103,41.406482],[-73.540469,41.411532],[-73.540447,41.411708],[-73.540424,41.411883],[-73.540411,41.411988],[-73.540087,41.414547],[-73.540076,41.414642],[-73.539945,41.415675],[-73.539751,41.417207],[-73.538888,41.424036],[-73.538744,41.42512],[-73.538528,41.426745],[-73.538384,41.427839],[-73.538405,41.42785],[-73.538129,41.430033],[-73.538067,41.430519],[-73.537889,41.431893],[-73.537743,41.433263],[-73.537732,41.433369],[-73.537674,41.433913],[-73.537633,41.434309],[-73.53751,41.435501],[-73.53747,41.435898],[-73.537262,41.437918],[-73.537094,41.439714],[-73.537027,41.440495],[-73.536814,41.442835],[-73.536733,41.443614],[-73.536584,41.444928],[-73.536407,41.446074],[-73.536335,41.44664],[-73.536288,41.447221],[-73.536106,41.449643],[-73.536065,41.450198],[-73.536056,41.45067],[-73.536047,41.450986],[-73.536037,41.451346],[-73.536001,41.452811],[-73.535987,41.453068],[-73.535977,41.453285],[-73.535893,41.455043],[-73.535872,41.455464],[-73.535868,41.455526],[-73.535863,41.455633],[-73.535843,41.455839],[-73.535837,41.456078],[-73.535823,41.456279],[-73.535799,41.456634],[-73.535791,41.456757],[-73.535784,41.456877],[-73.53577,41.457167],[-73.535732,41.457746],[-73.535607,41.459595],[-73.535569,41.460532],[-73.535409,41.462072],[-73.535355,41.462822],[-73.535305,41.463121],[-73.535287,41.463408],[-73.53527,41.463502],[-73.53527,41.464102],[-73.535266,41.46412],[-73.535252,41.464361],[-73.535222,41.464533],[-73.535209,41.464585],[-73.535171,41.465002],[-73.535129,41.465514],[-73.53507,41.466202],[-73.53507,41.466235],[-73.535073,41.466869],[-73.53505,41.467052],[-73.53497,41.467702],[-73.53497,41.467815],[-73.53497,41.468113],[-73.53497,41.468403],[-73.534903,41.469005],[-73.53487,41.469302],[-73.534857,41.469462],[-73.534808,41.470104],[-73.534752,41.470671],[-73.53467,41.471456],[-73.534616,41.472244],[-73.53457,41.472902],[-73.534533,41.473305],[-73.534368,41.475366],[-73.534322,41.475689],[-73.534291,41.475906],[-73.534202,41.476587],[-73.53412,41.477249],[-73.534073,41.477684],[-73.534061,41.477797],[-73.534045,41.477957],[-73.533976,41.478953],[-73.533966,41.479119],[-73.533956,41.479263],[-73.533953,41.479387],[-73.533948,41.480123],[-73.533858,41.481763],[-73.533654,41.484552],[-73.533251,41.490079],[-73.533223,41.490471],[-73.533186,41.491012],[-73.532877,41.495186],[-73.532736,41.49711],[-73.532693,41.497659],[-73.532619,41.498588],[-73.532607,41.498737],[-73.532603,41.498788],[-73.53257,41.499224],[-73.532563,41.499311],[-73.532505,41.500069],[-73.532452,41.500519],[-73.531778,41.50805],[-73.531778,41.508076],[-73.531129,41.515327],[-73.530959,41.517233],[-73.530905,41.517837],[-73.530743,41.519649],[-73.530714,41.519968],[-73.530689,41.520253],[-73.530609,41.521151],[-73.530569,41.521604],[-73.530535,41.521987],[-73.530367,41.523848],[-73.530287,41.524747],[-73.530284,41.524766],[-73.530279,41.524826],[-73.530278,41.524846],[-73.530235,41.525317],[-73.53011,41.52673],[-73.530068,41.527202],[-73.529455,41.53406],[-73.52945,41.534118],[-73.529445,41.534176],[-73.529314,41.535637],[-73.529229,41.536256],[-73.528962,41.538166],[-73.528951,41.538233],[-73.527693,41.549959],[-73.527425,41.554134],[-73.527406,41.55436],[-73.526098,41.568549],[-73.526002,41.571926],[-73.525995,41.572128],[-73.524752,41.584054],[-73.523866,41.592683],[-73.522325,41.60784],[-73.521479,41.616233],[-73.521459,41.616429],[-73.521436,41.61662],[-73.521042,41.619781],[-73.521039,41.619837],[-73.521019,41.620269],[-73.520972,41.621241],[-73.520833,41.624157],[-73.520788,41.625101],[-73.520786,41.62513],[-73.520634,41.628301],[-73.520179,41.637815],[-73.520074,41.640018],[-73.520028,41.640987],[-73.520025,41.64103],[-73.520019,41.641161],[-73.520018,41.641205],[-73.519963,41.641882],[-73.519801,41.643917],[-73.519747,41.644595],[-73.519653,41.645842],[-73.519375,41.649586],[-73.519283,41.650834],[-73.518146,41.666133],[-73.518122,41.666369],[-73.518098,41.666614],[-73.518081,41.666731],[-73.518072,41.66679],[-73.518065,41.666851],[-73.518012,41.66758],[-73.517831,41.670128],[-73.517771,41.670978],[-73.517768,41.671014],[-73.517762,41.671125],[-73.51776,41.671162],[-73.517564,41.674447],[-73.51698,41.684303],[-73.516786,41.687589],[-73.51674,41.688014],[-73.516606,41.689291],[-73.516562,41.689717],[-73.516452,41.691032],[-73.516126,41.694977],[-73.516059,41.695783],[-73.516018,41.696293],[-73.515429,41.702213],[-73.515068,41.705845],[-73.51429,41.713669],[-73.514211,41.714544],[-73.513889,41.718139],[-73.513723,41.719982],[-73.513191,41.725909],[-73.512972,41.728523],[-73.512708,41.731693],[-73.512318,41.736366],[-73.512115,41.738803],[-73.5121,41.738981],[-73.512059,41.739428],[-73.511937,41.740769],[-73.511931,41.740846],[-73.511922,41.740949],[-73.511908,41.741217],[-73.511839,41.742558],[-73.511633,41.746584],[-73.511565,41.747926],[-73.511514,41.748908],[-73.511454,41.750101],[-73.511364,41.751854],[-73.511314,41.752837],[-73.511303,41.752953],[-73.511273,41.7533],[-73.511263,41.753417],[-73.51125,41.753573],[-73.511199,41.754484],[-73.511021,41.757688],[-73.510962,41.758757],[-73.510417,41.764777],[-73.509616,41.773628],[-73.508781,41.782838],[-73.508482,41.786149],[-73.508178,41.788853],[-73.508116,41.789523],[-73.507931,41.791532],[-73.50787,41.792203],[-73.507713,41.793916],[-73.507462,41.796667],[-73.507241,41.799058],[-73.507089,41.800709],[-73.507084,41.800772],[-73.505882,41.814543],[-73.505246,41.82183],[-73.50525,41.821858],[-73.505258,41.822],[-73.505303,41.823936],[-73.505313,41.823948],[-73.505288,41.824052],[-73.505284,41.824103],[-73.505271,41.824146],[-73.505257,41.824423],[-73.505255,41.824439],[-73.504308,41.834121],[-73.501938,41.858339],[-73.501954,41.858472],[-73.501985,41.858725],[-73.501793,41.860493],[-73.501137,41.866558],[-73.501021,41.86764],[-73.500945,41.868341],[-73.500918,41.86858],[-73.500782,41.869805],[-73.500373,41.873482],[-73.500238,41.874708],[-73.500161,41.875392],[-73.499933,41.877446],[-73.499905,41.877701],[-73.499892,41.877856],[-73.499864,41.878132],[-73.499785,41.878887],[-73.49955,41.881152],[-73.499473,41.881909],[-73.499445,41.882156],[-73.499364,41.882904],[-73.499337,41.883153],[-73.499184,41.884548],[-73.498726,41.888735],[-73.498574,41.890131],[-73.498572,41.890147],[-73.498518,41.890621],[-73.498358,41.892043],[-73.498305,41.892518],[-73.498296,41.892657],[-73.49732,41.906535],[-73.497317,41.906577],[-73.497054,41.911041],[-73.497057,41.91108],[-73.497058,41.9111],[-73.497057,41.911176],[-73.496756,41.918164],[-73.496679,41.91996],[-73.496602,41.921757],[-73.4966,41.921806],[-73.496593,41.92183],[-73.49653,41.92239],[-73.496527,41.922417],[-73.496008,41.927865],[-73.494592,41.942731],[-73.494451,41.94421],[-73.494448,41.944248],[-73.493938,41.9496],[-73.493931,41.949659],[-73.493926,41.949696],[-73.49385,41.950257],[-73.493626,41.951941],[-73.493551,41.952503],[-73.493528,41.952671],[-73.49347,41.953119],[-73.493462,41.953175],[-73.49344,41.953344],[-73.493433,41.9535],[-73.493427,41.953642],[-73.493416,41.953885],[-73.493412,41.95397],[-73.493405,41.954127],[-73.493399,41.954237],[-73.493396,41.954309],[-73.493388,41.954491],[-73.493384,41.954568],[-73.493381,41.954628],[-73.493393,41.954677],[-73.493382,41.954769],[-73.493314,41.955375],[-73.49308,41.957472],[-73.493002,41.958172],[-73.492998,41.958201],[-73.492989,41.958296],[-73.492988,41.958321],[-73.492976,41.958533],[-73.492964,41.958666],[-73.492874,41.959702],[-73.492845,41.960048],[-73.492835,41.960151],[-73.492722,41.961462],[-73.492558,41.963375],[-73.492356,41.965706],[-73.492242,41.967021],[-73.492236,41.967103],[-73.492227,41.967187],[-73.492224,41.967349],[-73.491676,41.974226],[-73.491503,41.976395],[-73.491115,41.981276],[-73.490641,41.987224],[-73.490422,41.989974],[-73.489616,42.000101],[-73.489518,42.002414],[-73.489472,42.003506],[-73.489127,42.01167],[-73.488873,42.017452],[-73.48886,42.017704],[-73.488823,42.018461],[-73.488811,42.018714],[-73.488784,42.019271],[-73.488704,42.020945],[-73.488682,42.021408],[-73.488684,42.021467],[-73.488682,42.021504],[-73.488669,42.021763],[-73.488631,42.022541],[-73.488621,42.022759],[-73.488614,42.0228],[-73.488543,42.024251],[-73.488333,42.028606],[-73.488263,42.030058],[-73.488073,42.033975],[-73.487617,42.043417],[-73.487504,42.045729],[-73.487489,42.046041],[-73.487473,42.046391],[-73.487332,42.04929],[-73.48732,42.049534],[-73.493623,42.049596],[-73.493801,42.049599],[-73.497019,42.049633],[-73.499566,42.057946],[-73.503024,42.069278],[-73.503144,42.06967],[-73.503166,42.069742],[-73.505635,42.077742],[-73.508049,42.0856],[-73.508211,42.086143],[-73.507769,42.087366],[-73.507253,42.088742],[-73.499564,42.109999],[-73.4991,42.111157],[-73.497585,42.115314],[-73.497278,42.116167],[-73.494026,42.125099],[-73.49369,42.126004],[-73.493128,42.127652],[-73.49312,42.127675],[-73.492932,42.128177],[-73.49027,42.13546],[-73.489682,42.137077],[-73.489672,42.137104],[-73.488962,42.13906],[-73.488823,42.139443],[-73.486883,42.14487],[-73.486181,42.146838],[-73.484054,42.1527],[-73.483417,42.154457],[-73.483233,42.154941],[-73.482335,42.157323],[-73.480115,42.163413],[-73.479495,42.165116],[-73.479463,42.165205],[-73.478985,42.166517],[-73.478174,42.168701],[-73.477947,42.169309],[-73.47785,42.169571],[-73.477199,42.171327],[-73.476857,42.17225],[-73.476674,42.172741],[-73.476641,42.17283],[-73.476167,42.174104],[-73.475869,42.174908],[-73.474982,42.1773],[-73.470679,42.189078],[-73.470263,42.1902],[-73.470249,42.190238],[-73.465953,42.20186],[-73.463475,42.208585],[-73.463457,42.208634],[-73.46302,42.209824],[-73.460217,42.217536],[-73.460207,42.217563],[-73.460173,42.217659],[-73.459525,42.219422],[-73.456538,42.227562],[-73.455842,42.229461],[-73.455501,42.230395],[-73.455471,42.230479],[-73.455442,42.230558],[-73.455358,42.230787],[-73.454457,42.233253],[-73.454434,42.233316],[-73.454413,42.233372],[-73.454405,42.233395],[-73.45439,42.233436],[-73.454371,42.233488],[-73.453802,42.235042],[-73.453774,42.235124],[-73.453731,42.235242],[-73.453688,42.235356],[-73.450975,42.242788],[-73.450232,42.244802],[-73.450219,42.244836],[-73.449507,42.246763],[-73.449498,42.246788],[-73.449476,42.246847],[-73.448276,42.250097],[-73.447722,42.251594],[-73.447616,42.25188],[-73.443117,42.264027],[-73.440787,42.270382],[-73.437386,42.279658],[-73.437336,42.279794],[-73.437319,42.279838],[-73.436534,42.281967],[-73.434166,42.288393],[-73.431707,42.295067],[-73.431616,42.295315],[-73.431306,42.296156],[-73.429584,42.300831],[-73.419171,42.329095],[-73.419169,42.329111],[-73.41889,42.329864],[-73.418706,42.330367],[-73.418539,42.330822],[-73.418379,42.331261],[-73.416443,42.336546],[-73.416404,42.336646],[-73.414345,42.342271],[-73.414267,42.342478],[-73.413875,42.343539],[-73.412236,42.348008],[-73.412161,42.348203],[-73.411785,42.349235],[-73.41154,42.349892],[-73.411435,42.350185],[-73.411257,42.350657],[-73.410896,42.351638],[-73.410856,42.351755],[-73.409319,42.355897],[-73.406391,42.363866],[-73.406161,42.364491],[-73.406123,42.364594],[-73.405741,42.365631],[-73.405627,42.365942],[-73.405444,42.366434],[-73.405398,42.366557],[-73.403093,42.372755],[-73.403088,42.372768],[-73.403064,42.372832],[-73.402843,42.373426],[-73.402222,42.375094],[-73.401899,42.375933],[-73.401879,42.375984],[-73.400762,42.379038],[-73.39808,42.386332],[-73.39677,42.389895],[-73.391668,42.403774],[-73.390018,42.408221],[-73.389704,42.409089],[-73.388783,42.41159],[-73.385773,42.419772],[-73.383915,42.424819],[-73.383662,42.425506],[-73.383602,42.425672],[-73.383303,42.426481],[-73.382709,42.42809],[-73.382206,42.42945],[-73.379457,42.436892],[-73.378832,42.438578],[-73.378596,42.439232],[-73.375336,42.448069],[-73.374586,42.450038],[-73.374515,42.450276],[-73.369817,42.462999],[-73.369423,42.464055],[-73.369022,42.465139],[-73.365004,42.476022],[-73.364628,42.477052],[-73.363524,42.480045],[-73.362813,42.481957],[-73.362351,42.483195],[-73.362112,42.483802],[-73.359311,42.491426],[-73.35864,42.493256],[-73.357144,42.497289],[-73.35676,42.498323],[-73.356338,42.499439],[-73.35424,42.505132],[-73.35243,42.510026],[-73.352011,42.511153],[-73.351851,42.511612],[-73.347203,42.524146],[-73.344017,42.532751],[-73.342952,42.535775],[-73.342672,42.53653],[-73.342661,42.53656],[-73.341632,42.539332],[-73.3416,42.539419],[-73.341287,42.540264],[-73.329073,42.573194],[-73.329035,42.573294],[-73.328246,42.5754],[-73.328206,42.575507],[-73.328166,42.575614],[-73.328127,42.575718],[-73.328108,42.575769],[-73.328093,42.575809],[-73.328086,42.575827],[-73.328079,42.575845],[-73.327678,42.576915],[-73.325347,42.583134],[-73.325313,42.583226],[-73.325035,42.583972],[-73.322705,42.590218],[-73.322698,42.59024],[-73.321056,42.594691],[-73.317776,42.603534],[-73.316965,42.60571],[-73.316222,42.607638],[-73.316204,42.607683],[-73.316177,42.607754],[-73.315015,42.610915],[-73.314834,42.611407],[-73.314752,42.611632],[-73.314741,42.611662],[-73.314698,42.611779],[-73.314612,42.612012],[-73.314534,42.612224],[-73.312512,42.617724],[-73.310117,42.624297],[-73.309829,42.62509],[-73.308334,42.629073],[-73.306985,42.632655],[-73.306883,42.632926],[-73.30505,42.637797],[-73.294056,42.667345],[-73.283444,42.695869],[-73.281409,42.701403],[-73.280968,42.702515],[-73.280788,42.702992],[-73.2787,42.708606],[-73.277318,42.712311],[-73.274004,42.721202],[-73.273273,42.723163],[-73.272977,42.723956],[-73.265832,42.74313],[-73.265357,42.744403],[-73.264828,42.74586],[-73.265067,42.745864],[-73.276422,42.746028],[-73.281558,42.766149],[-73.28586,42.782558],[-73.287363,42.788272],[-73.28948,42.796346],[-73.290945,42.801929],[-73.289306,42.804106],[-73.286344,42.808072],[-73.286548,42.809493],[-73.286309,42.809963],[-73.286273,42.810026],[-73.286169,42.810203],[-73.285857,42.810739],[-73.285408,42.811375],[-73.285315,42.811506],[-73.285263,42.811578],[-73.285195,42.811676],[-73.285115,42.81179],[-73.284761,42.81233],[-73.28456,42.812672],[-73.283696,42.813865],[-73.284101,42.814444],[-73.28414,42.814524],[-73.284223,42.814694],[-73.284329,42.81491],[-73.284993,42.816248],[-73.285323,42.81687],[-73.285575,42.817354],[-73.285647,42.817492],[-73.286052,42.818271],[-73.287064,42.820149],[-73.286628,42.823161],[-73.286271,42.82631],[-73.285389,42.834102],[-73.284312,42.834963],[-73.278674,42.833419],[-73.278321,42.8374],[-73.278307,42.837567],[-73.277657,42.852949],[-73.277646,42.853218],[-73.27744,42.858078],[-73.277071,42.866835],[-73.277075,42.866923],[-73.277123,42.868015],[-73.276982,42.87122],[-73.276861,42.873966],[-73.276857,42.874022],[-73.276749,42.875084],[-73.275998,42.892706],[-73.275812,42.897118],[-73.275805,42.897258],[-73.275837,42.897655],[-73.275962,42.901234],[-73.275961,42.901261],[-73.275702,42.906503],[-73.275427,42.9148],[-73.275386,42.916026],[-73.275142,42.923089],[-73.274773,42.933867],[-73.274744,42.934426],[-73.274743,42.934442],[-73.274579,42.937603],[-73.274576,42.937668],[-73.274571,42.937763],[-73.27457,42.937793],[-73.274533,42.938531],[-73.274528,42.938628],[-73.274485,42.939856],[-73.274463,42.940466],[-73.274406,42.942128],[-73.274405,42.94216],[-73.274402,42.942231],[-73.2744,42.942303],[-73.274394,42.942494],[-73.274295,42.943661],[-73.274245,42.945792],[-73.2742,42.947747],[-73.274171,42.949037],[-73.273881,42.952907],[-73.273704,42.955762],[-73.273641,42.956791],[-73.273629,42.957157],[-73.273516,42.960161],[-73.273477,42.961419],[-73.273475,42.961534],[-73.27343,42.961939],[-73.273304,42.963084],[-73.273262,42.963444],[-73.27327,42.963672],[-73.273326,42.964791],[-73.27276,42.975504],[-73.272696,42.977259],[-73.272516,42.9821],[-73.271894,42.99437],[-73.271868,42.994982],[-73.271864,42.995047],[-73.27186,42.995113],[-73.271847,42.995476],[-73.27184,42.995626],[-73.271839,42.995642],[-73.271428,43.000092],[-73.270826,43.015156],[-73.270704,43.017574],[-73.270076,43.030051],[-73.270042,43.030725],[-73.269778,43.035985],[-73.269028,43.046817],[-73.268899,43.048669],[-73.268777,43.050475],[-73.268744,43.050949],[-73.268052,43.060773],[-73.266775,43.079494],[-73.266751,43.079843],[-73.266681,43.080814],[-73.266445,43.084094],[-73.266224,43.087167],[-73.266172,43.087886],[-73.266171,43.087916],[-73.266169,43.087947],[-73.266165,43.088007],[-73.266131,43.088478],[-73.265596,43.095935],[-73.265045,43.106109],[-73.265042,43.106163],[-73.265032,43.106246],[-73.26503,43.10641],[-73.265026,43.106444],[-73.264914,43.108608],[-73.264547,43.115439],[-73.26445,43.116539],[-73.264407,43.117091],[-73.264118,43.122401],[-73.264063,43.123404],[-73.263952,43.12509],[-73.263308,43.137396],[-73.26244,43.153997],[-73.262439,43.154032],[-73.262276,43.157167],[-73.261632,43.169508],[-73.260597,43.189316],[-73.260557,43.190084],[-73.260542,43.190377],[-73.260326,43.194493],[-73.260094,43.198901],[-73.260071,43.199337],[-73.260048,43.199773],[-73.260042,43.199892],[-73.260036,43.200011],[-73.259708,43.206383],[-73.259652,43.20743],[-73.25916,43.216857],[-73.258803,43.227433],[-73.258802,43.227471],[-73.258736,43.229422],[-73.258724,43.229901],[-73.258722,43.22996],[-73.258698,43.230564],[-73.257614,43.245197],[-73.257092,43.25254],[-73.256476,43.260102],[-73.256465,43.260548],[-73.256347,43.265359],[-73.256346,43.265382],[-73.256129,43.270222],[-73.256113,43.270503],[-73.255791,43.277573],[-73.255751,43.279066],[-73.255735,43.279685],[-73.255718,43.280305],[-73.25567,43.282108],[-73.255622,43.283911],[-73.255588,43.285212],[-73.255533,43.288102],[-73.255396,43.292754],[-73.255239,43.298043],[-73.255132,43.302149],[-73.254878,43.308154],[-73.254698,43.31325],[-73.254647,43.314395],[-73.254642,43.314508],[-73.254634,43.314684],[-73.254628,43.314826],[-73.254505,43.317625],[-73.254344,43.321781],[-73.254288,43.323162],[-73.254294,43.323178],[-73.254224,43.325057],[-73.254136,43.328103],[-73.254044,43.330182],[-73.254019,43.332341],[-73.25392,43.335572],[-73.253762,43.340708],[-73.253758,43.340796],[-73.253399,43.350878],[-73.25334,43.352027],[-73.253324,43.352305],[-73.253307,43.352686],[-73.253289,43.353009],[-73.253232,43.354218],[-73.253224,43.354325],[-73.253086,43.354723],[-73.25318,43.355207],[-73.253305,43.355843],[-73.253179,43.357718],[-73.253214,43.358029],[-73.253273,43.358564],[-73.253304,43.361217],[-73.253147,43.362749],[-73.252834,43.363503],[-73.252676,43.370295],[-73.252584,43.371007],[-73.252354,43.373003],[-73.252259,43.375081],[-73.252138,43.378107],[-73.25213,43.378324],[-73.252129,43.37835],[-73.25167,43.38993],[-73.251472,43.394379],[-73.251466,43.394546],[-73.251313,43.39793],[-73.251308,43.39804],[-73.251232,43.399739],[-73.251223,43.399974],[-73.251092,43.402922],[-73.251064,43.403539],[-73.251025,43.404463],[-73.251022,43.404521],[-73.25102,43.404585],[-73.251013,43.404742],[-73.251009,43.404807],[-73.251007,43.404871],[-73.250953,43.406156],[-73.250918,43.407006],[-73.250852,43.408615],[-73.250848,43.408712],[-73.250423,43.41902],[-73.250148,43.425722],[-73.250011,43.42957],[-73.250007,43.429678],[-73.249999,43.42988],[-73.249999,43.429902],[-73.249839,43.434399],[-73.249779,43.436088],[-73.249695,43.43811],[-73.249683,43.438319],[-73.249615,43.439928],[-73.249553,43.439937],[-73.249553,43.442898],[-73.249399,43.44616],[-73.249043,43.455434],[-73.24876,43.461821],[-73.248759,43.46186],[-73.248756,43.461927],[-73.24874,43.462305],[-73.24874,43.462329],[-73.248467,43.468889],[-73.248461,43.469038],[-73.248397,43.470643],[-73.247794,43.491881],[-73.247777,43.492455],[-73.247766,43.492826],[-73.247671,43.495332],[-73.247493,43.500078],[-73.247254,43.504992],[-73.247168,43.506751],[-73.247149,43.507133],[-73.24713,43.50751],[-73.247112,43.507903],[-73.247111,43.508053],[-73.247067,43.514222],[-73.247066,43.514326],[-73.247064,43.514621],[-73.247062,43.514929],[-73.246717,43.515341],[-73.246749,43.515547],[-73.247817,43.515798],[-73.248009,43.515955],[-73.248069,43.516003],[-73.248038,43.516369],[-73.246845,43.517261],[-73.246721,43.518885],[-73.246941,43.519091],[-73.247632,43.51925],[-73.247633,43.519753],[-73.247539,43.519959],[-73.247602,43.520531],[-73.247351,43.520828],[-73.246597,43.521217],[-73.246503,43.521469],[-73.247007,43.522132],[-73.247171,43.522509],[-73.247196,43.522566],[-73.247299,43.522664],[-73.247605,43.522955],[-73.247699,43.523183],[-73.247528,43.523463],[-73.246821,43.524624],[-73.246821,43.524793],[-73.246821,43.525287],[-73.246916,43.525401],[-73.246867,43.525603],[-73.246822,43.52579],[-73.246527,43.526026],[-73.246489,43.526055],[-73.245441,43.526866],[-73.244876,43.527163],[-73.243902,43.527438],[-73.243368,43.527736],[-73.242771,43.52833],[-73.242332,43.528651],[-73.241893,43.529428],[-73.242679,43.530114],[-73.242648,43.530731],[-73.242366,43.531189],[-73.241455,43.532058],[-73.241392,43.532355],[-73.241487,43.53263],[-73.24199,43.532995],[-73.242179,43.533498],[-73.242588,43.533772],[-73.242745,43.534],[-73.242736,43.534032],[-73.242726,43.534067],[-73.242659,43.534309],[-73.242538,43.53439],[-73.242239,43.534407],[-73.241994,43.534351],[-73.241861,43.534336],[-73.241718,43.534408],[-73.241608,43.534554],[-73.241575,43.534723],[-73.241576,43.53486],[-73.24158,43.534969],[-73.241589,43.53498],[-73.241615,43.535004],[-73.241628,43.535015],[-73.241711,43.535085],[-73.241834,43.535085],[-73.241884,43.535049],[-73.242044,43.534934],[-73.242231,43.534882],[-73.242305,43.534862],[-73.242371,43.534844],[-73.242445,43.534824],[-73.242486,43.534813],[-73.242738,43.534787],[-73.24284,43.534777],[-73.242881,43.534815],[-73.243532,43.535417],[-73.24369,43.535806],[-73.243816,43.53688],[-73.244194,43.537818],[-73.244195,43.538367],[-73.244415,43.538824],[-73.244919,43.539258],[-73.245453,43.539509],[-73.245638,43.539558],[-73.246396,43.53976],[-73.246711,43.540355],[-73.246491,43.540652],[-73.24646,43.540972],[-73.246555,43.541132],[-73.246587,43.541864],[-73.247814,43.542823],[-73.249555,43.543073],[-73.250064,43.543394],[-73.250134,43.543438],[-73.250102,43.543758],[-73.249968,43.544261],[-73.249937,43.544878],[-73.249555,43.545074],[-73.249158,43.545292],[-73.248753,43.545144],[-73.248224,43.54495],[-73.247816,43.545064],[-73.247816,43.54543],[-73.248194,43.545796],[-73.248634,43.54591],[-73.249174,43.545978],[-73.249555,43.546114],[-73.249629,43.546119],[-73.249857,43.546136],[-73.249555,43.546446],[-73.24919,43.546664],[-73.249254,43.547213],[-73.249555,43.547235],[-73.25003,43.547531],[-73.250029,43.547942],[-73.249555,43.548286],[-73.24927,43.54847],[-73.249207,43.548905],[-73.249555,43.549155],[-73.249966,43.549383],[-73.249926,43.549733],[-73.249997,43.549863],[-73.250315,43.550229],[-73.250409,43.550435],[-73.25022,43.550801],[-73.249555,43.550916],[-73.24914,43.550979],[-73.248811,43.551055],[-73.248699,43.551125],[-73.248608,43.551215],[-73.248671,43.551512],[-73.249161,43.551763],[-73.249162,43.552198],[-73.248986,43.552426],[-73.248564,43.552546],[-73.248421,43.552587],[-73.248452,43.552884],[-73.248767,43.553158],[-73.248642,43.553867],[-73.249003,43.554056],[-73.249555,43.554346],[-73.251442,43.555397],[-73.254491,43.555605],[-73.254422,43.556102],[-73.254409,43.556198],[-73.254396,43.556291],[-73.254316,43.556329],[-73.254207,43.556382],[-73.254168,43.556384],[-73.252604,43.55645],[-73.252603,43.556861],[-73.252949,43.557365],[-73.253451,43.557891],[-73.253828,43.55844],[-73.255273,43.559584],[-73.255556,43.559904],[-73.255586,43.560956],[-73.255711,43.561436],[-73.255931,43.561894],[-73.256811,43.56226],[-73.256867,43.562308],[-73.257157,43.562557],[-73.258351,43.563061],[-73.258382,43.563518],[-73.258162,43.56393],[-73.258193,43.564296],[-73.258632,43.564959],[-73.259053,43.56525],[-73.259095,43.565279],[-73.259452,43.565527],[-73.260016,43.565919],[-73.260236,43.566216],[-73.260405,43.566326],[-73.260726,43.566535],[-73.26074,43.566544],[-73.26075,43.566531],[-73.260916,43.56633],[-73.261072,43.566097],[-73.26115,43.565797],[-73.261814,43.565557],[-73.262079,43.56571],[-73.2619,43.566152],[-73.262075,43.566724],[-73.262299,43.567025],[-73.262351,43.567094],[-73.262352,43.567126],[-73.262354,43.567168],[-73.262355,43.567221],[-73.262359,43.567287],[-73.26254,43.567374],[-73.262812,43.567482],[-73.262922,43.567618],[-73.263098,43.567683],[-73.263194,43.567696],[-73.263225,43.5677],[-73.263258,43.567705],[-73.26333,43.567716],[-73.263411,43.567682],[-73.263507,43.567724],[-73.263684,43.567547],[-73.263722,43.567538],[-73.263986,43.567596],[-73.264009,43.567601],[-73.264135,43.567661],[-73.264354,43.567796],[-73.264603,43.568204],[-73.264573,43.568642],[-73.264101,43.568893],[-73.264164,43.569145],[-73.26605,43.569694],[-73.26649,43.569877],[-73.266648,43.569786],[-73.26668,43.569169],[-73.266846,43.569063],[-73.266931,43.569009],[-73.267529,43.569009],[-73.267937,43.569146],[-73.267913,43.569228],[-73.267835,43.56949],[-73.267817,43.569502],[-73.2677,43.569576],[-73.267515,43.569692],[-73.26754,43.56999],[-73.268013,43.569927],[-73.26827,43.569678],[-73.268559,43.5697],[-73.268616,43.569704],[-73.268989,43.569938],[-73.269297,43.570285],[-73.269291,43.570515],[-73.268348,43.570457],[-73.268154,43.57073],[-73.267952,43.57075],[-73.267798,43.570766],[-73.267524,43.570793],[-73.267459,43.570882],[-73.267532,43.571088],[-73.267549,43.571135],[-73.268361,43.571304],[-73.268453,43.571443],[-73.268355,43.571601],[-73.267533,43.57182],[-73.267529,43.571981],[-73.267933,43.572259],[-73.268297,43.572194],[-73.268439,43.572165],[-73.269324,43.571988],[-73.269701,43.571779],[-73.270239,43.571824],[-73.271188,43.572074],[-73.271664,43.572442],[-73.272298,43.572578],[-73.273754,43.572666],[-73.275339,43.573054],[-73.275752,43.573282],[-73.27632,43.573419],[-73.27651,43.573558],[-73.27642,43.574339],[-73.27655,43.574477],[-73.276617,43.574473],[-73.277368,43.574432],[-73.277808,43.574638],[-73.278186,43.574546],[-73.278752,43.574066],[-73.279124,43.574087],[-73.279161,43.574089],[-73.27918,43.574103],[-73.279412,43.574272],[-73.279727,43.57425],[-73.280293,43.573564],[-73.280859,43.573587],[-73.281041,43.574078],[-73.281079,43.574181],[-73.28111,43.574982],[-73.280953,43.575416],[-73.281078,43.576559],[-73.281297,43.577588],[-73.281675,43.577954],[-73.282052,43.578137],[-73.283593,43.578092],[-73.283907,43.578321],[-73.28419,43.578755],[-73.284913,43.579281],[-73.285826,43.578939],[-73.287901,43.57871],[-73.28916,43.578345],[-73.289702,43.577862],[-73.289772,43.5778],[-73.289852,43.577728],[-73.290041,43.577682],[-73.29111,43.577865],[-73.291739,43.578528],[-73.292022,43.578597],[-73.294129,43.578483],[-73.294475,43.578323],[-73.294286,43.577797],[-73.294507,43.577157],[-73.294947,43.576837],[-73.295293,43.576791],[-73.295333,43.576825],[-73.295726,43.577155],[-73.295758,43.577795],[-73.295669,43.578642],[-73.295985,43.578899],[-73.297043,43.579151],[-73.297325,43.579382],[-73.297259,43.5797],[-73.295227,43.581733],[-73.294226,43.582451],[-73.293216,43.58358],[-73.292333,43.584276],[-73.29211,43.584553],[-73.292112,43.584894],[-73.292364,43.585146],[-73.29287,43.58537],[-73.29419,43.585786],[-73.295273,43.586469],[-73.295288,43.58648],[-73.295574,43.586692],[-73.296711,43.587123],[-73.296945,43.587323],[-73.296911,43.587681],[-73.29591,43.588659],[-73.295812,43.588886],[-73.295206,43.589947],[-73.29384,43.591987],[-73.293281,43.592556],[-73.292842,43.593765],[-73.292803,43.593871],[-73.292789,43.594337],[-73.292609,43.59455],[-73.292359,43.595761],[-73.292448,43.596003],[-73.292472,43.59605],[-73.292763,43.596612],[-73.29268,43.597097],[-73.292056,43.598178],[-73.291136,43.599039],[-73.29102,43.599244],[-73.291162,43.599887],[-73.292159,43.600576],[-73.292647,43.601349],[-73.292699,43.601964],[-73.292217,43.602564],[-73.292389,43.602927],[-73.292485,43.603131],[-73.292705,43.603314],[-73.293083,43.603863],[-73.293712,43.604366],[-73.293743,43.605212],[-73.295001,43.606058],[-73.295284,43.606858],[-73.296417,43.607613],[-73.296637,43.608208],[-73.2967,43.608642],[-73.296857,43.608779],[-73.297455,43.609054],[-73.297864,43.609443],[-73.298021,43.610037],[-73.298304,43.61022],[-73.299877,43.610403],[-73.300129,43.610586],[-73.300286,43.610815],[-73.300884,43.610746],[-73.301231,43.610243],[-73.301482,43.609626],[-73.301608,43.609512],[-73.302112,43.609397],[-73.302471,43.609485],[-73.302489,43.609489],[-73.302773,43.609786],[-73.302772,43.610084],[-73.302426,43.610472],[-73.302426,43.611318],[-73.302237,43.611798],[-73.300978,43.61317],[-73.300852,43.613467],[-73.301198,43.615091],[-73.301178,43.615388],[-73.301172,43.61548],[-73.301135,43.616028],[-73.301009,43.61644],[-73.300442,43.61708],[-73.300316,43.617332],[-73.300379,43.617812],[-73.300851,43.618406],[-73.30207,43.619344],[-73.302456,43.619641],[-73.302896,43.620304],[-73.302991,43.620533],[-73.302959,43.621013],[-73.302109,43.623039],[-73.302104,43.623052],[-73.302077,43.623117],[-73.302078,43.623645],[-73.302078,43.623847],[-73.302078,43.624374],[-73.302348,43.625075],[-73.302554,43.625718],[-73.304127,43.627067],[-73.304734,43.627395],[-73.305199,43.627646],[-73.305229,43.627662],[-73.30558,43.62779],[-73.306013,43.62814],[-73.306232,43.628258],[-73.306441,43.628342],[-73.306744,43.62841],[-73.307024,43.628355],[-73.307233,43.628249],[-73.307472,43.628009],[-73.307535,43.627767],[-73.307725,43.627454],[-73.307736,43.627445],[-73.308276,43.626869],[-73.30844,43.626628],[-73.309492,43.625075],[-73.309826,43.624696],[-73.31023,43.624238],[-73.310608,43.624124],[-73.311174,43.624101],[-73.311484,43.624165],[-73.311835,43.624238],[-73.312811,43.624612],[-73.312968,43.624715],[-73.312969,43.624725],[-73.312977,43.62478],[-73.313018,43.625075],[-73.31313,43.625521],[-73.314798,43.626153],[-73.315522,43.626564],[-73.316781,43.626793],[-73.317316,43.62709],[-73.317568,43.627365],[-73.317694,43.628439],[-73.317851,43.628508],[-73.317878,43.628508],[-73.318323,43.628508],[-73.319299,43.627662],[-73.319929,43.627342],[-73.320716,43.627273],[-73.322321,43.627547],[-73.323895,43.627639],[-73.324493,43.627524],[-73.325682,43.626659],[-73.32594,43.626472],[-73.326538,43.626175],[-73.327703,43.625923],[-73.328077,43.625925],[-73.328141,43.625926],[-73.330693,43.625946],[-73.331291,43.626083],[-73.331669,43.626517],[-73.332079,43.62718],[-73.333086,43.627775],[-73.333684,43.628026],[-73.334188,43.628003],[-73.334314,43.627889],[-73.334314,43.627431],[-73.334219,43.627294],[-73.334219,43.626928],[-73.336202,43.626653],[-73.337366,43.626333],[-73.337807,43.626104],[-73.338027,43.625451],[-73.338153,43.625382],[-73.338828,43.625075],[-73.340069,43.624656],[-73.340561,43.624648],[-73.340792,43.624645],[-73.341579,43.624748],[-73.341755,43.625075],[-73.341961,43.625473],[-73.342182,43.62608],[-73.342434,43.626332],[-73.342843,43.626515],[-73.34345,43.626448],[-73.344102,43.626377],[-73.344511,43.626286],[-73.345172,43.625874],[-73.346083,43.625075],[-73.346993,43.624165],[-73.347276,43.623593],[-73.347622,43.622519],[-73.348219,43.621718],[-73.348754,43.621467],[-73.348994,43.621474],[-73.349497,43.621506],[-73.349986,43.621642],[-73.350474,43.621891],[-73.351233,43.622511],[-73.351796,43.623304],[-73.351975,43.623493],[-73.352072,43.623595],[-73.352611,43.624094],[-73.353241,43.625185],[-73.353639,43.625936],[-73.353908,43.62614],[-73.354271,43.626199],[-73.354704,43.626253],[-73.356086,43.626061],[-73.356184,43.626049],[-73.357292,43.625915],[-73.358456,43.625425],[-73.358595,43.625075],[-73.359112,43.624608],[-73.359742,43.624481],[-73.363739,43.623931],[-73.365564,43.62345],[-73.366539,43.623472],[-73.367169,43.623632],[-73.368272,43.624595],[-73.368901,43.62472],[-73.370813,43.624759],[-73.371105,43.624765],[-73.371891,43.624499],[-73.3723,43.624087],[-73.372457,43.623675],[-73.372488,43.622761],[-73.371637,43.621412],[-73.370377,43.620361],[-73.369872,43.619721],[-73.369841,43.619401],[-73.369935,43.619103],[-73.371098,43.618119],[-73.372953,43.616015],[-73.374457,43.614771],[-73.374559,43.614687],[-73.375596,43.61336],[-73.376038,43.612606],[-73.376038,43.612126],[-73.375755,43.611805],[-73.374751,43.611076],[-73.374639,43.610995],[-73.374559,43.610937],[-73.374378,43.610898],[-73.374243,43.610869],[-73.374227,43.610206],[-73.374559,43.610182],[-73.374614,43.61014],[-73.37492,43.609907],[-73.375073,43.609763],[-73.375285,43.609564],[-73.37604,43.609313],[-73.376355,43.609108],[-73.376387,43.608833],[-73.376104,43.608673],[-73.374558,43.608159],[-73.374067,43.607988],[-73.373164,43.607257],[-73.372376,43.606023],[-73.372349,43.605495],[-73.372344,43.605383],[-73.37247,43.604857],[-73.372909,43.603896],[-73.373444,43.603301],[-73.374558,43.602374],[-73.374776,43.602223],[-73.374921,43.602122],[-73.375485,43.601712],[-73.375724,43.601533],[-73.376295,43.601123],[-73.376673,43.6008],[-73.377095,43.600559],[-73.377396,43.60043],[-73.377637,43.600237],[-73.377749,43.600076],[-73.377749,43.599665],[-73.377584,43.599469],[-73.37723,43.598971],[-73.377195,43.598824],[-73.377214,43.598581],[-73.377371,43.598407],[-73.378778,43.598161],[-73.379506,43.597953],[-73.379854,43.597944],[-73.380272,43.597914],[-73.380781,43.598238],[-73.381101,43.598416],[-73.381351,43.598514],[-73.38145,43.59851],[-73.381602,43.598497],[-73.382187,43.598274],[-73.383491,43.597375],[-73.383598,43.596984],[-73.383541,43.596809],[-73.383469,43.596703],[-73.382729,43.595459],[-73.382628,43.595038],[-73.382579,43.594504],[-73.38245,43.594168],[-73.382282,43.593871],[-73.382074,43.593594],[-73.381886,43.593297],[-73.381716,43.592972],[-73.381774,43.592496],[-73.381911,43.59225],[-73.382,43.592034],[-73.382139,43.591833],[-73.382415,43.591586],[-73.382968,43.591396],[-73.383519,43.591317],[-73.384091,43.591424],[-73.385352,43.591508],[-73.385834,43.591435],[-73.386283,43.591261],[-73.386627,43.591028],[-73.386902,43.590779],[-73.386969,43.590417],[-73.38704,43.589472],[-73.386793,43.588969],[-73.386254,43.58842],[-73.385154,43.587711],[-73.384321,43.587343],[-73.382931,43.587085],[-73.38262,43.586874],[-73.382466,43.586587],[-73.382426,43.586071],[-73.382617,43.585634],[-73.38306,43.58523],[-73.383427,43.584737],[-73.383923,43.584378],[-73.38456,43.583914],[-73.384723,43.583786],[-73.385055,43.583454],[-73.385144,43.583372],[-73.385252,43.583272],[-73.385252,43.58304],[-73.385109,43.582464],[-73.384898,43.582064],[-73.384497,43.581562],[-73.383415,43.580559],[-73.382712,43.579205],[-73.382763,43.578785],[-73.382862,43.578574],[-73.383127,43.577697],[-73.383286,43.577209],[-73.383362,43.577058],[-73.383538,43.576727],[-73.383889,43.576073],[-73.38434,43.575407],[-73.384936,43.575123],[-73.386127,43.574808],[-73.387312,43.574677],[-73.387981,43.574706],[-73.388829,43.574726],[-73.389289,43.57475],[-73.389742,43.574692],[-73.390067,43.574538],[-73.390795,43.574192],[-73.391428,43.573619],[-73.391892,43.572958],[-73.391932,43.572732],[-73.391914,43.572543],[-73.391794,43.572188],[-73.391667,43.571911],[-73.391532,43.571618],[-73.391382,43.57118],[-73.391345,43.57086],[-73.391448,43.570463],[-73.39158,43.570257],[-73.391674,43.570129],[-73.391769,43.570066],[-73.392006,43.569908],[-73.392477,43.569773],[-73.393121,43.56961],[-73.393975,43.569604],[-73.394887,43.569719],[-73.39517,43.569628],[-73.395391,43.569079],[-73.395423,43.568599],[-73.395769,43.568096],[-73.396209,43.567959],[-73.397121,43.567913],[-73.397546,43.567981],[-73.397664,43.568],[-73.398127,43.568074],[-73.399919,43.568829],[-73.400297,43.568898],[-73.400771,43.56903],[-73.402152,43.569555],[-73.403053,43.570232],[-73.403636,43.570306],[-73.403912,43.57034],[-73.404588,43.570727],[-73.404764,43.570827],[-73.405631,43.571188],[-73.407404,43.572287],[-73.408058,43.572871],[-73.408716,43.573246],[-73.411574,43.574874],[-73.411935,43.57508],[-73.416855,43.577682],[-73.416966,43.57774],[-73.417165,43.577923],[-73.417892,43.578592],[-73.418201,43.578913],[-73.41832,43.579037],[-73.418632,43.579362],[-73.418847,43.579677],[-73.419314,43.580364],[-73.419507,43.58057],[-73.420376,43.581495],[-73.420385,43.581504],[-73.42216,43.582139],[-73.423911,43.582465],[-73.424935,43.582658],[-73.426665,43.582984],[-73.4267,43.583002],[-73.428638,43.584003],[-73.42978,43.585283],[-73.430949,43.587045],[-73.43123,43.588294],[-73.430997,43.589138],[-73.430326,43.590541],[-73.429709,43.591508],[-73.429677,43.591559],[-73.429457,43.591903],[-73.428282,43.593419],[-73.426883,43.595224],[-73.424978,43.598784],[-73.424741,43.599042],[-73.422422,43.601566],[-73.421617,43.603032],[-73.421719,43.60449],[-73.422156,43.606521],[-73.422372,43.607103],[-73.423072,43.608991],[-73.423313,43.609641],[-73.423817,43.610999],[-73.423844,43.611458],[-73.423793,43.6119],[-73.423746,43.612163],[-73.42371,43.612366],[-73.423666,43.612426],[-73.420529,43.616751],[-73.418664,43.619322],[-73.418489,43.619589],[-73.418052,43.620254],[-73.417829,43.620595],[-73.417721,43.621341],[-73.41767,43.621696],[-73.417772,43.622235],[-73.417824,43.62251],[-73.418321,43.623334],[-73.418691,43.623742],[-73.419899,43.625074],[-73.422543,43.628235],[-73.423506,43.629398],[-73.424558,43.630529],[-73.424868,43.630892],[-73.425493,43.631611],[-73.425521,43.631643],[-73.426583,43.632774],[-73.426915,43.633153],[-73.427911,43.634437],[-73.427989,43.634623],[-73.428077,43.634857],[-73.428287,43.635261],[-73.42842,43.635462],[-73.428497,43.635705],[-73.428585,43.635922],[-73.428618,43.636084],[-73.428596,43.636388],[-73.428584,43.636552],[-73.428506,43.636826],[-73.428038,43.637906],[-73.427882,43.638245],[-73.427715,43.638584],[-73.427648,43.638842],[-73.427547,43.639084],[-73.427335,43.639535],[-73.427235,43.639833],[-73.427046,43.640293],[-73.426956,43.640535],[-73.426912,43.64068],[-73.426867,43.640914],[-73.426833,43.641156],[-73.4268,43.641338],[-73.426777,43.641462],[-73.42671,43.641672],[-73.426631,43.642108],[-73.426464,43.642608],[-73.426297,43.642817],[-73.426248,43.642886],[-73.42603,43.643196],[-73.425607,43.643736],[-73.425218,43.6443],[-73.424862,43.644671],[-73.424595,43.644913],[-73.424306,43.645162],[-73.424028,43.645412],[-73.42354,43.645686],[-73.42314,43.645903],[-73.42254,43.646144],[-73.421607,43.646587],[-73.420808,43.646917],[-73.420645,43.646981],[-73.42013,43.647182],[-73.419775,43.647343],[-73.419386,43.647496],[-73.419019,43.647697],[-73.418764,43.64789],[-73.418575,43.64806],[-73.418397,43.648293],[-73.415983,43.651706],[-73.415848,43.651896],[-73.415681,43.652227],[-73.415514,43.65246],[-73.415413,43.652734],[-73.415324,43.653009],[-73.415268,43.653243],[-73.41519,43.653476],[-73.4152,43.653686],[-73.415189,43.653936],[-73.415233,43.654243],[-73.415276,43.65459],[-73.415264,43.65488],[-73.415219,43.655332],[-73.415152,43.655598],[-73.41514,43.655888],[-73.415106,43.656227],[-73.415117,43.656437],[-73.415094,43.656719],[-73.415027,43.65692],[-73.414547,43.658218],[-73.414313,43.658629],[-73.414023,43.659121],[-73.413875,43.659388],[-73.413678,43.659742],[-73.413169,43.660347],[-73.41281,43.660773],[-73.412109,43.661668],[-73.411942,43.66199],[-73.41144,43.663127],[-73.411283,43.663546],[-73.410982,43.664159],[-73.410804,43.664481],[-73.41018,43.66569],[-73.409735,43.666569],[-73.409445,43.666851],[-73.40881,43.668117],[-73.408598,43.66848],[-73.408342,43.668996],[-73.408063,43.669447],[-73.407996,43.669745],[-73.407928,43.670084],[-73.407945,43.670573],[-73.407949,43.670697],[-73.407947,43.671722],[-73.407924,43.671876],[-73.407879,43.672173],[-73.407778,43.672528],[-73.407682,43.672761],[-73.407645,43.672851],[-73.407588,43.673093],[-73.407443,43.673439],[-73.40732,43.673786],[-73.407306,43.673857],[-73.407275,43.674012],[-73.407009,43.674633],[-73.404227,43.681119],[-73.404128,43.681349],[-73.404105,43.681534],[-73.404059,43.68201],[-73.40397,43.682445],[-73.403589,43.683736],[-73.403511,43.683986],[-73.40351,43.684419],[-73.40351,43.684486],[-73.403476,43.684704],[-73.403519,43.685042],[-73.403648,43.685457],[-73.403674,43.685543],[-73.403795,43.685882],[-73.403927,43.686229],[-73.404027,43.686415],[-73.404281,43.686746],[-73.404613,43.687198],[-73.404901,43.687537],[-73.405023,43.687747],[-73.405155,43.68807],[-73.405244,43.688377],[-73.405232,43.688522],[-73.405187,43.688715],[-73.405165,43.688836],[-73.405108,43.689264],[-73.404974,43.689772],[-73.40474,43.690223],[-73.403915,43.691416],[-73.403703,43.691658],[-73.403291,43.692141],[-73.402902,43.692504],[-73.402863,43.692533],[-73.402196,43.69302],[-73.401562,43.693368],[-73.401285,43.69348],[-73.401111,43.69355],[-73.400937,43.69362],[-73.400456,43.693831],[-73.399878,43.694039],[-73.398333,43.694634],[-73.398044,43.694819],[-73.397866,43.694948],[-73.397433,43.695235],[-73.397332,43.695302],[-73.396988,43.695513],[-73.396953,43.695535],[-73.396308,43.696051],[-73.395796,43.696599],[-73.395518,43.69684],[-73.395061,43.69734],[-73.394727,43.697686],[-73.393924,43.698863],[-73.393724,43.699209],[-73.393601,43.699548],[-73.393478,43.699838],[-73.393355,43.700153],[-73.393226,43.700622],[-73.393007,43.701419],[-73.392929,43.701741],[-73.392761,43.702047],[-73.392472,43.702402],[-73.392204,43.702805],[-73.391791,43.70349],[-73.391413,43.703893],[-73.391045,43.704207],[-73.390644,43.704674],[-73.390332,43.705029],[-73.39012,43.705359],[-73.389808,43.70573],[-73.389508,43.705923],[-73.389252,43.706027],[-73.388963,43.706212],[-73.388763,43.706414],[-73.38864,43.706664],[-73.388538,43.707373],[-73.388523,43.707496],[-73.388504,43.707656],[-73.388392,43.707978],[-73.388168,43.708518],[-73.388012,43.708704],[-73.387745,43.709066],[-73.38773,43.709087],[-73.386265,43.710895],[-73.385884,43.711346],[-73.385494,43.711765],[-73.385338,43.711918],[-73.385149,43.712087],[-73.383979,43.713215],[-73.38389,43.71329],[-73.38312,43.713938],[-73.382966,43.714068],[-73.382307,43.71457],[-73.381486,43.715195],[-73.381029,43.715421],[-73.380517,43.715783],[-73.379839,43.716169],[-73.379316,43.716499],[-73.378948,43.716764],[-73.378659,43.71699],[-73.378403,43.717231],[-73.377991,43.717529],[-73.377757,43.717722],[-73.375009,43.720527],[-73.374761,43.72078],[-73.374561,43.720984],[-73.373906,43.721826],[-73.373531,43.722167],[-73.373035,43.722686],[-73.37289,43.722871],[-73.372584,43.723262],[-73.371911,43.723831],[-73.371512,43.724378],[-73.371461,43.724447],[-73.371142,43.724803],[-73.370811,43.72508],[-73.370613,43.725338],[-73.370363,43.726042],[-73.370203,43.726915],[-73.370075,43.727675],[-73.369979,43.728119],[-73.369927,43.72854],[-73.369917,43.728798],[-73.369986,43.729081],[-73.370092,43.729775],[-73.370348,43.732746],[-73.370251,43.733223],[-73.370242,43.733457],[-73.370344,43.733764],[-73.37038,43.734063],[-73.37041,43.734173],[-73.370471,43.734401],[-73.37071,43.735087],[-73.370725,43.735579],[-73.370568,43.73824],[-73.370411,43.740903],[-73.370332,43.742239],[-73.370162,43.742778],[-73.370039,43.743405],[-73.369945,43.743864],[-73.369785,43.744235],[-73.369612,43.744478],[-73.369285,43.744843],[-73.369035,43.745102],[-73.368448,43.745719],[-73.368077,43.7461],[-73.367654,43.74665],[-73.36734,43.747136],[-73.366884,43.74767],[-73.366219,43.749106],[-73.365945,43.749747],[-73.365834,43.74979],[-73.36526,43.750013],[-73.365255,43.750027],[-73.365071,43.750547],[-73.364627,43.75098],[-73.364404,43.751365],[-73.363338,43.752592],[-73.362824,43.753093],[-73.361703,43.754653],[-73.360955,43.755696],[-73.360124,43.756827],[-73.359467,43.758096],[-73.357255,43.761135],[-73.356492,43.762141],[-73.35566,43.763264],[-73.355571,43.763379],[-73.354645,43.764573],[-73.354128,43.765497],[-73.353845,43.766002],[-73.353288,43.766966],[-73.353025,43.76734],[-73.352783,43.767684],[-73.352517,43.768063],[-73.351266,43.769832],[-73.350763,43.771396],[-73.350786,43.771498],[-73.350885,43.771936],[-73.350983,43.772373],[-73.350999,43.772443],[-73.351847,43.773358],[-73.352006,43.773529],[-73.352411,43.774051],[-73.352538,43.774215],[-73.352876,43.774649],[-73.353379,43.775197],[-73.353723,43.775571],[-73.354402,43.776382],[-73.355141,43.777578],[-73.355363,43.777936],[-73.355691,43.778895],[-73.355845,43.779593],[-73.355932,43.779985],[-73.355988,43.780215],[-73.356135,43.780705],[-73.356485,43.781868],[-73.35682,43.783062],[-73.357156,43.7843],[-73.357522,43.785566],[-73.35793,43.786157],[-73.358155,43.786484],[-73.359025,43.787244],[-73.359332,43.787522],[-73.360299,43.788397],[-73.362214,43.789964],[-73.363601,43.790911],[-73.36406,43.791224],[-73.364573,43.791485],[-73.365724,43.792071],[-73.366608,43.792517],[-73.366929,43.792678],[-73.36771,43.793121],[-73.368104,43.793344],[-73.369199,43.794045],[-73.369469,43.794218],[-73.370996,43.795141],[-73.372735,43.796381],[-73.372932,43.796505],[-73.374067,43.797224],[-73.374518,43.79751],[-73.374893,43.797747],[-73.375401,43.798078],[-73.376431,43.798883],[-73.376794,43.799167],[-73.377191,43.800415],[-73.377198,43.800472],[-73.377205,43.800531],[-73.377212,43.800589],[-73.377343,43.801655],[-73.377511,43.802688],[-73.377641,43.803626],[-73.377892,43.804891],[-73.378197,43.805939],[-73.378564,43.80698],[-73.378827,43.807514],[-73.378922,43.807689],[-73.379008,43.807868],[-73.379145,43.808179],[-73.379282,43.80849],[-73.379602,43.80921],[-73.380658,43.810734],[-73.380723,43.810828],[-73.381345,43.811479],[-73.382058,43.812225],[-73.382308,43.812404],[-73.383645,43.813363],[-73.384553,43.814007],[-73.384907,43.814264],[-73.385667,43.814815],[-73.387811,43.815961],[-73.389566,43.817049],[-73.389732,43.817206],[-73.390906,43.818317],[-73.391015,43.81842],[-73.391522,43.819275],[-73.391709,43.819591],[-73.392175,43.82048],[-73.392518,43.821349],[-73.392718,43.822362],[-73.3928,43.82278],[-73.392564,43.823925],[-73.392251,43.824838],[-73.391651,43.826376],[-73.391587,43.82654],[-73.391114,43.827389],[-73.390618,43.828349],[-73.390207,43.829406],[-73.389298,43.831244],[-73.388193,43.832664],[-73.387877,43.83298],[-73.387376,43.833481],[-73.386262,43.834433],[-73.385003,43.835352],[-73.38428,43.835784],[-73.383096,43.836491],[-73.381326,43.837429],[-73.379487,43.838182],[-73.378872,43.838379],[-73.377794,43.838725],[-73.377102,43.839165],[-73.376792,43.839362],[-73.376664,43.839443],[-73.375573,43.840553],[-73.374474,43.842036],[-73.373847,43.842809],[-73.373797,43.84287],[-73.373712,43.842975],[-73.37362,43.843168],[-73.373071,43.844325],[-73.372612,43.845315],[-73.37259,43.845363],[-73.372842,43.846645],[-73.373507,43.847394],[-73.373628,43.84753],[-73.374726,43.848306],[-73.375764,43.849023],[-73.376728,43.849631],[-73.378025,43.850442],[-73.378963,43.85104],[-73.379223,43.851245],[-73.38025,43.851932],[-73.380617,43.852353],[-73.380653,43.852395],[-73.38096,43.852734],[-73.381145,43.852939],[-73.381249,43.853054],[-73.382005,43.854122],[-73.382028,43.854269],[-73.382063,43.854497],[-73.382079,43.854594],[-73.38231,43.856067],[-73.382187,43.857028],[-73.381852,43.858104],[-73.381811,43.858243],[-73.381512,43.859241],[-73.381249,43.860027],[-73.380765,43.860917],[-73.380753,43.860938],[-73.380192,43.861984],[-73.379698,43.863179],[-73.379555,43.86397],[-73.379525,43.864135],[-73.379356,43.864652],[-73.379269,43.86481],[-73.37909,43.865196],[-73.378574,43.866095],[-73.378175,43.86679],[-73.378131,43.866862],[-73.377522,43.867859],[-73.376555,43.869616],[-73.37604,43.870866],[-73.37566,43.871778],[-73.375199,43.872866],[-73.374345,43.874317],[-73.374163,43.875059],[-73.374101,43.875313],[-73.374134,43.875901],[-73.374163,43.87625],[-73.374495,43.876965],[-73.374679,43.877257],[-73.374864,43.877549],[-73.375069,43.877873],[-73.375304,43.878241],[-73.375513,43.878569],[-73.377774,43.882091],[-73.378893,43.883835],[-73.380362,43.886114],[-73.382273,43.889078],[-73.383261,43.890617],[-73.383695,43.891293],[-73.391852,43.899121],[-73.392664,43.8999],[-73.39618,43.903273],[-73.396674,43.904482],[-73.396784,43.904775],[-73.397109,43.905827],[-73.397357,43.906529],[-73.397957,43.908517],[-73.398902,43.910776],[-73.39909,43.911144],[-73.399621,43.912199],[-73.400506,43.91475],[-73.401195,43.917017],[-73.401774,43.918441],[-73.401968,43.918924],[-73.402365,43.919915],[-73.402486,43.920145],[-73.403554,43.922188],[-73.404202,43.92312],[-73.404655,43.923746],[-73.404683,43.923784],[-73.404939,43.924195],[-73.40577,43.925683],[-73.406381,43.926754],[-73.407135,43.928195],[-73.407344,43.928706],[-73.407467,43.928984],[-73.407533,43.929135],[-73.407699,43.929511],[-73.407716,43.929549],[-73.407865,43.929888],[-73.40808,43.93038],[-73.408112,43.930453],[-73.408144,43.930556],[-73.408504,43.931738],[-73.408555,43.931903],[-73.408776,43.933396],[-73.40886,43.934514],[-73.408761,43.935917],[-73.408555,43.937319],[-73.408242,43.938849],[-73.407884,43.940582],[-73.407449,43.942489],[-73.40712,43.943646],[-73.406602,43.945399],[-73.406114,43.946635],[-73.406076,43.946732],[-73.406045,43.946809],[-73.405709,43.947881],[-73.405647,43.948078],[-73.405627,43.948306],[-73.40559,43.948758],[-73.405554,43.94921],[-73.405547,43.949293],[-73.405512,43.949735],[-73.405526,43.951337],[-73.405639,43.953],[-73.405597,43.954146],[-73.405737,43.955941],[-73.406204,43.958379],[-73.406435,43.959523],[-73.406449,43.959591],[-73.406503,43.961392],[-73.406482,43.962385],[-73.40647,43.962981],[-73.40672,43.965818],[-73.406861,43.96693],[-73.406974,43.967607],[-73.40707,43.968181],[-73.407561,43.969134],[-73.408165,43.970168],[-73.408656,43.971091],[-73.409007,43.972156],[-73.409737,43.973626],[-73.410663,43.974914],[-73.411042,43.975603],[-73.411528,43.976498],[-73.411985,43.977476],[-73.412049,43.977613],[-73.412266,43.978867],[-73.412467,43.980023],[-73.412483,43.981059],[-73.412511,43.982225],[-73.412441,43.982762],[-73.412371,43.983289],[-73.412343,43.983385],[-73.412049,43.984397],[-73.411852,43.984729],[-73.411514,43.985297],[-73.411178,43.986301],[-73.411164,43.9865],[-73.411111,43.987233],[-73.410859,43.988256],[-73.410707,43.989361],[-73.410661,43.990396],[-73.410409,43.99186],[-73.410081,43.992954],[-73.409631,43.994001],[-73.409444,43.994654],[-73.409382,43.994872],[-73.409058,43.996021],[-73.409012,43.996981],[-73.40897,43.998315],[-73.408946,43.998809],[-73.408921,43.999303],[-73.408806,44.000688],[-73.408504,44.001323],[-73.408412,44.001519],[-73.408341,44.001672],[-73.407944,44.003176],[-73.407545,44.004372],[-73.407254,44.00577],[-73.407209,44.006389],[-73.407167,44.006959],[-73.40683,44.008458],[-73.406356,44.009969],[-73.40601,44.011426],[-73.405907,44.012847],[-73.405839,44.01408],[-73.4059,44.01535],[-73.406122,44.01638],[-73.406495,44.017375],[-73.406915,44.018489],[-73.407289,44.019831],[-73.407396,44.020215],[-73.407414,44.020281],[-73.407504,44.020603],[-73.407583,44.020889],[-73.407592,44.020923],[-73.407646,44.02112],[-73.407724,44.021274],[-73.407748,44.021323],[-73.408312,44.022451],[-73.409097,44.023758],[-73.409799,44.025111],[-73.410061,44.025729],[-73.410202,44.026069],[-73.410386,44.026512],[-73.410642,44.026734],[-73.412513,44.028355],[-73.412635,44.028431],[-73.41406,44.029318],[-73.415348,44.029878],[-73.416692,44.030389],[-73.418351,44.030945],[-73.419757,44.031432],[-73.421484,44.031871],[-73.422883,44.032557],[-73.42325,44.032831],[-73.423786,44.033234],[-73.424578,44.033933],[-73.425091,44.034385],[-73.425749,44.035305],[-73.4269,44.036701],[-73.427491,44.037118],[-73.428544,44.037857],[-73.429383,44.03822],[-73.430153,44.038523],[-73.431237,44.039105],[-73.431337,44.039159],[-73.432533,44.039955],[-73.434047,44.040851],[-73.435711,44.041889],[-73.43673,44.042642],[-73.437324,44.043279],[-73.437501,44.043469],[-73.437535,44.043611],[-73.437567,44.043742],[-73.437599,44.043873],[-73.437906,44.045134],[-73.437707,44.046113],[-73.437637,44.046578],[-73.437532,44.047272],[-73.437211,44.048447],[-73.436197,44.050783],[-73.435886,44.051717],[-73.435449,44.053033],[-73.434655,44.055309],[-73.434106,44.057066],[-73.433465,44.059281],[-73.432542,44.062338],[-73.432351,44.063965],[-73.431664,44.065954],[-73.431123,44.067775],[-73.43069,44.069652],[-73.430604,44.070027],[-73.430235,44.07195],[-73.430138,44.072959],[-73.43003,44.074073],[-73.430085,44.076304],[-73.430039,44.077204],[-73.429719,44.078595],[-73.429369,44.079461],[-73.429216,44.07984],[-73.428499,44.080946],[-73.42775,44.082052],[-73.426675,44.083591],[-73.425767,44.085041],[-73.42437,44.087192],[-73.423249,44.088959],[-73.421487,44.091969],[-73.420785,44.09301],[-73.4205,44.093433],[-73.420236,44.093824],[-73.41858,44.096646],[-73.417987,44.097441],[-73.417588,44.097974],[-73.416574,44.099247],[-73.415688,44.100496],[-73.415216,44.101353],[-73.414903,44.102564],[-73.414794,44.103675],[-73.414788,44.103733],[-73.41459,44.105252],[-73.414209,44.106831],[-73.414175,44.106956],[-73.413934,44.107854],[-73.413443,44.108537],[-73.412952,44.109221],[-73.412772,44.10948],[-73.412045,44.11065],[-73.412008,44.110742],[-73.411849,44.111135],[-73.41169,44.111527],[-73.411634,44.111664],[-73.411578,44.111801],[-73.411549,44.111874],[-73.411517,44.111945],[-73.411513,44.111961],[-73.411496,44.112085],[-73.41138,44.112801],[-73.411345,44.113021],[-73.411226,44.113776],[-73.411415,44.11467],[-73.411573,44.115741],[-73.411659,44.116326],[-73.411813,44.117341],[-73.411837,44.117604],[-73.411904,44.11836],[-73.411922,44.118542],[-73.412028,44.11964],[-73.412497,44.121284],[-73.41324,44.122604],[-73.41405,44.124091],[-73.414024,44.124388],[-73.41397,44.125031],[-73.413954,44.125491],[-73.413987,44.126941],[-73.414163,44.128168],[-73.414391,44.12871],[-73.414687,44.129415],[-73.415067,44.130083],[-73.415597,44.131015],[-73.415798,44.131515],[-73.416139,44.132364],[-73.41565,44.13346],[-73.414506,44.134718],[-73.41327,44.136313],[-73.412894,44.13674],[-73.411973,44.137789],[-73.410889,44.138512],[-73.409158,44.139326],[-73.408128,44.139906],[-73.406984,44.141114],[-73.405092,44.142861],[-73.404086,44.143862],[-73.404038,44.143909],[-73.403046,44.144993],[-73.402215,44.146953],[-73.402147,44.148069],[-73.402337,44.148713],[-73.402456,44.149114],[-73.402621,44.149659],[-73.402878,44.150492],[-73.402398,44.151548],[-73.401853,44.151979],[-73.401417,44.152324],[-73.400934,44.152707],[-73.400658,44.153422],[-73.400292,44.154372],[-73.400079,44.155414],[-73.399865,44.156644],[-73.39974,44.157133],[-73.399621,44.157595],[-73.399301,44.158662],[-73.399247,44.158922],[-73.399102,44.159618],[-73.398981,44.160476],[-73.39896,44.160627],[-73.398886,44.161532],[-73.398858,44.161924],[-73.398767,44.162082],[-73.398685,44.162232],[-73.398603,44.162382],[-73.398542,44.162489],[-73.398309,44.162915],[-73.397615,44.163806],[-73.39676,44.164523],[-73.396234,44.165353],[-73.395814,44.166275],[-73.395783,44.167246],[-73.395933,44.16791],[-73.396008,44.168241],[-73.396648,44.169086],[-73.396884,44.169593],[-73.397096,44.170047],[-73.397493,44.170921],[-73.397498,44.17099],[-73.397569,44.171881],[-73.397355,44.172877],[-73.397172,44.173847],[-73.396938,44.174352],[-73.396745,44.174769],[-73.396066,44.175785],[-73.395341,44.17663],[-73.394654,44.177386],[-73.393342,44.177993],[-73.391908,44.178437],[-73.390877,44.179359],[-73.390229,44.18034],[-73.389825,44.181766],[-73.389851,44.182365],[-73.38987,44.182829],[-73.389985,44.18378],[-73.390267,44.184932],[-73.390542,44.185899],[-73.390567,44.186097],[-73.390572,44.18614],[-73.39068,44.187027],[-73.390908,44.188119],[-73.39084,44.189108],[-73.390809,44.190017],[-73.390626,44.191077],[-73.390387,44.191402],[-73.390023,44.191897],[-73.388894,44.192628],[-73.387628,44.192808],[-73.385926,44.192775],[-73.385914,44.192779],[-73.384583,44.193202],[-73.38376,44.194041],[-73.383683,44.194393],[-73.383561,44.194948],[-73.383453,44.195589],[-73.383393,44.195945],[-73.382783,44.196854],[-73.381936,44.197743],[-73.380662,44.198413],[-73.379297,44.199069],[-73.377877,44.199576],[-73.376397,44.199861],[-73.374854,44.20024],[-73.374803,44.200252],[-73.374317,44.200581],[-73.37374,44.200973],[-73.373549,44.201222],[-73.373439,44.201366],[-73.373319,44.20153],[-73.373086,44.201848],[-73.372292,44.202737],[-73.371728,44.203639],[-73.370866,44.204536],[-73.369767,44.205173],[-73.368661,44.205738],[-73.368291,44.205886],[-73.367443,44.206225],[-73.366053,44.206579],[-73.365713,44.206745],[-73.365452,44.206873],[-73.364778,44.207195],[-73.364763,44.207201],[-73.363394,44.207746],[-73.362267,44.208527],[-73.361848,44.20943],[-73.36185,44.209652],[-73.361856,44.210421],[-73.362222,44.21138],[-73.362221,44.21247],[-73.361884,44.21299],[-73.361641,44.213363],[-73.361142,44.213722],[-73.360673,44.214059],[-73.360563,44.214135],[-73.359742,44.214703],[-73.358903,44.215483],[-73.358178,44.216364],[-73.357827,44.21734],[-73.357608,44.21757],[-73.357569,44.217611],[-73.357467,44.217719],[-73.357003,44.218211],[-73.356225,44.218965],[-73.355661,44.220064],[-73.355714,44.221028],[-73.355691,44.222081],[-73.355378,44.223166],[-73.354447,44.223882],[-73.35328,44.224576],[-73.352242,44.2253],[-73.35138,44.225989],[-73.351022,44.226948],[-73.350793,44.227912],[-73.350701,44.229014],[-73.35048,44.229902],[-73.349511,44.230914],[-73.349224,44.23105],[-73.348405,44.231438],[-73.347375,44.231973],[-73.346284,44.232488],[-73.345584,44.23285],[-73.345056,44.233123],[-73.343942,44.233706],[-73.342836,44.234455],[-73.342637,44.235343],[-73.34298,44.236248],[-73.343568,44.237229],[-73.343377,44.238199],[-73.342737,44.238356],[-73.342663,44.238375],[-73.342172,44.238496],[-73.341345,44.238553],[-73.340901,44.238583],[-73.340242,44.238701],[-73.33912,44.238902],[-73.337724,44.239359],[-73.336404,44.23979],[-73.335214,44.240484],[-73.334138,44.241306],[-73.33323,44.242103],[-73.33239,44.242991],[-73.331369,44.24375],[-73.330495,44.244273],[-73.330376,44.244321],[-73.330263,44.244314],[-73.328958,44.244228],[-73.327676,44.243984],[-73.326104,44.243619],[-73.324654,44.243526],[-73.324408,44.243694],[-73.323716,44.244169],[-73.323175,44.24507],[-73.323335,44.245991],[-73.323365,44.246919],[-73.323068,44.247905],[-73.32248,44.248742],[-73.321405,44.249285],[-73.320054,44.249616],[-73.319733,44.249831],[-73.319669,44.249875],[-73.319604,44.249918],[-73.316428,44.257746],[-73.314548,44.261499],[-73.313284,44.264139],[-73.312742,44.26542],[-73.311976,44.269148],[-73.310915,44.274307],[-73.312211,44.280078],[-73.312791,44.281053],[-73.314395,44.283748],[-73.316768,44.287737],[-73.320095,44.295845],[-73.320125,44.295918],[-73.322217,44.301551],[-73.32303,44.305026],[-73.324196,44.310042],[-73.324341,44.314067],[-73.324527,44.319255],[-73.323829,44.325174],[-73.323836,44.325255],[-73.323843,44.325336],[-73.323861,44.325427],[-73.323932,44.330532],[-73.324022,44.333844],[-73.325151,44.338537],[-73.326275,44.341502],[-73.326983,44.343371],[-73.326987,44.343382],[-73.327354,44.344369],[-73.328978,44.347422],[-73.330256,44.349833],[-73.331089,44.351171],[-73.332407,44.353288],[-73.334649,44.356888],[-73.334781,44.360156],[-73.334801,44.360653],[-73.334951,44.364449],[-73.333614,44.372309],[-73.331231,44.375063],[-73.330397,44.376009],[-73.328052,44.377703],[-73.325383,44.37954],[-73.322564,44.38156],[-73.320982,44.382694],[-73.319396,44.384033],[-73.317067,44.386],[-73.315041,44.388535],[-73.313552,44.391982],[-73.312442,44.394715],[-73.311791,44.397876],[-73.310506,44.40261],[-73.3096,44.404514],[-73.307052,44.409173],[-73.30467,44.413423],[-73.302627,44.417062],[-73.301165,44.419707],[-73.299,44.423382],[-73.296976,44.426796],[-73.296053,44.428343],[-73.295253,44.431661],[-73.294575,44.434362],[-73.294228,44.436025],[-73.294224,44.436044],[-73.293931,44.437449],[-73.293896,44.437569],[-73.293752,44.438172],[-73.293718,44.438477],[-73.293657,44.438721],[-73.293628,44.438912],[-73.293627,44.439155],[-73.293627,44.439355],[-73.293654,44.439835],[-73.293595,44.440241],[-73.293625,44.440568],[-73.293685,44.44085],[-73.293819,44.441755],[-73.293871,44.442158],[-73.29397,44.442588],[-73.294095,44.442931],[-73.294248,44.443289],[-73.294401,44.443725],[-73.294553,44.444136],[-73.294706,44.444527],[-73.294829,44.444854],[-73.294983,44.445236],[-73.295105,44.445503],[-73.295226,44.445892],[-73.295376,44.44622],[-73.29562,44.446562],[-73.295772,44.446868],[-73.296049,44.447281],[-73.296201,44.44767],[-73.296416,44.44805],[-73.296628,44.448562],[-73.296841,44.448912],[-73.297025,44.449241],[-73.297268,44.449629],[-73.297604,44.450133],[-73.297726,44.450392],[-73.297879,44.450652],[-73.298152,44.451063],[-73.298398,44.451445],[-73.298733,44.451888],[-73.298976,44.452262],[-73.299189,44.45259],[-73.299481,44.453018],[-73.299495,44.453277],[-73.299753,44.453674],[-73.299905,44.454048],[-73.300001,44.454368],[-73.300126,44.45472],[-73.300155,44.45498],[-73.300202,44.455331],[-73.300202,44.45556],[-73.300171,44.455814],[-73.300112,44.456117],[-73.300049,44.456355],[-73.299959,44.456696],[-73.299957,44.457019],[-73.29892,44.462961],[-73.298858,44.463282],[-73.298768,44.463655],[-73.298736,44.463967],[-73.298707,44.464462],[-73.298736,44.464812],[-73.298769,44.465149],[-73.298675,44.466133],[-73.298675,44.4673],[-73.298677,44.467812],[-73.298648,44.468406],[-73.298677,44.468673],[-73.298705,44.469124],[-73.298707,44.469626],[-73.29883,44.470025],[-73.298828,44.470436],[-73.29886,44.470764],[-73.298952,44.471312],[-73.299104,44.471901],[-73.299134,44.472435],[-73.299162,44.472919],[-73.299317,44.473326],[-73.299372,44.473588],[-73.299439,44.473808],[-73.299499,44.474311],[-73.29956,44.474723],[-73.299653,44.475157],[-73.299714,44.475631],[-73.299805,44.476156],[-73.299897,44.47666],[-73.300659,44.478568],[-73.30258,44.481931],[-73.30342,44.483344],[-73.304108,44.484594],[-73.30443,44.485748],[-73.304612,44.486945],[-73.30478,44.488723],[-73.304841,44.489327],[-73.304873,44.489943],[-73.304872,44.49037],[-73.30487,44.490752],[-73.304872,44.491072],[-73.30487,44.491539],[-73.304902,44.491935],[-73.304932,44.492216],[-73.304983,44.492599],[-73.305052,44.492989],[-73.305111,44.493355],[-73.305204,44.493828],[-73.305264,44.494262],[-73.305385,44.494942],[-73.305538,44.495454],[-73.305629,44.49582],[-73.305721,44.496316],[-73.305843,44.496788],[-73.305904,44.497246],[-73.306026,44.497719],[-73.306179,44.498254],[-73.306302,44.498575],[-73.306667,44.499886],[-73.306714,44.500344],[-73.307169,44.500968],[-73.307412,44.501227],[-73.307504,44.501357],[-73.307658,44.501526],[-73.30781,44.501709],[-73.307964,44.501969],[-73.308146,44.502181],[-73.30833,44.502372],[-73.308483,44.502571],[-73.308604,44.502776],[-73.308788,44.502966],[-73.309032,44.503235],[-73.309212,44.503431],[-73.309398,44.503609],[-73.309641,44.503929],[-73.309977,44.504303],[-73.310253,44.50457],[-73.310435,44.50476],[-73.310679,44.504974],[-73.3108,44.505156],[-73.311014,44.505301],[-73.311199,44.505553],[-73.311412,44.505699],[-73.311564,44.505929],[-73.311746,44.506094],[-73.311929,44.506256],[-73.312142,44.506484],[-73.312357,44.506682],[-73.31257,44.506926],[-73.312754,44.50711],[-73.312875,44.507253],[-73.313122,44.507468],[-73.313332,44.507651],[-73.313517,44.50782],[-73.313761,44.50804],[-73.314036,44.508239],[-73.314281,44.508437],[-73.314463,44.508627],[-73.314677,44.508789],[-73.314921,44.508986],[-73.315227,44.509222],[-73.315408,44.509359],[-73.315652,44.509512],[-73.315958,44.509724],[-73.316176,44.509938],[-73.3162,44.509961],[-73.316663,44.510381],[-73.317699,44.511051],[-73.318002,44.511247],[-73.318178,44.511317],[-73.318294,44.511363],[-73.318596,44.511538],[-73.31881,44.511674],[-73.319083,44.511834],[-73.319271,44.511964],[-73.31947,44.512133],[-73.319594,44.512229],[-73.319748,44.512348],[-73.319837,44.512499],[-73.320146,44.51274],[-73.320235,44.512934],[-73.320539,44.513285],[-73.320662,44.513447],[-73.320847,44.513639],[-73.320939,44.513838],[-73.320999,44.513983],[-73.32103,44.514165],[-73.32109,44.514272],[-73.321183,44.514617],[-73.321215,44.514717],[-73.321244,44.514907],[-73.321274,44.515151],[-73.321305,44.515294],[-73.321365,44.515433],[-73.321366,44.515489],[-73.321367,44.515608],[-73.321365,44.515791],[-73.321397,44.515959],[-73.321396,44.516135],[-73.321429,44.516265],[-73.321428,44.516463],[-73.321092,44.519309],[-73.321183,44.519639],[-73.321122,44.519866],[-73.321215,44.520329],[-73.321302,44.520494],[-73.321466,44.520806],[-73.32161,44.521079],[-73.321674,44.521194],[-73.321701,44.521406],[-73.321733,44.521535],[-73.321824,44.521912],[-73.321794,44.522039],[-73.321853,44.522254],[-73.321853,44.522467],[-73.321854,44.522873],[-73.321806,44.523334],[-73.321733,44.524046],[-73.321731,44.524153],[-73.321723,44.524228],[-73.321703,44.524404],[-73.321763,44.524549],[-73.321763,44.524703],[-73.321886,44.524876],[-73.321977,44.525097],[-73.32204,44.525295],[-73.322225,44.525445],[-73.32236,44.525686],[-73.322483,44.525928],[-73.322633,44.526079],[-73.322785,44.526233],[-73.322939,44.526386],[-73.323123,44.526546],[-73.323274,44.526706],[-73.323421,44.526823],[-73.323635,44.526923],[-73.32376,44.526992],[-73.323942,44.527122],[-73.324278,44.527252],[-73.324553,44.527412],[-73.324853,44.527516],[-73.325268,44.527617],[-73.326332,44.527883],[-73.326667,44.527959],[-73.327114,44.528065],[-73.327538,44.528171],[-73.327813,44.528231],[-73.328241,44.528385],[-73.328523,44.528478],[-73.328792,44.52863],[-73.328921,44.528716],[-73.32904,44.528829],[-73.329167,44.528901],[-73.329288,44.529047],[-73.329472,44.529206],[-73.329747,44.529574],[-73.330024,44.529972],[-73.330113,44.530149],[-73.330298,44.530455],[-73.330327,44.530583],[-73.330449,44.530804],[-73.330604,44.531042],[-73.330724,44.531466],[-73.330754,44.531574],[-73.330801,44.531722],[-73.330803,44.531905],[-73.330803,44.532693],[-73.330744,44.533018],[-73.330818,44.533339],[-73.330816,44.533697],[-73.330852,44.533977],[-73.330911,44.534278],[-73.330998,44.534544],[-73.331089,44.534831],[-73.331211,44.53507],[-73.331366,44.535421],[-73.331455,44.535655],[-73.331609,44.535929],[-73.331884,44.53631],[-73.332344,44.536883],[-73.33252,44.537091],[-73.332675,44.537246],[-73.333679,44.538263],[-73.333861,44.538415],[-73.334044,44.538591],[-73.334273,44.538791],[-73.334609,44.539055],[-73.335251,44.539749],[-73.335724,44.540232],[-73.336669,44.541078],[-73.337188,44.541592],[-73.337585,44.541948],[-73.338136,44.5423],[-73.338363,44.542611],[-73.338807,44.542935],[-73.339007,44.54331],[-73.339126,44.543577],[-73.339311,44.543944],[-73.33931,44.544263],[-73.339308,44.544486],[-73.339245,44.544845],[-73.339184,44.545073],[-73.339092,44.545211],[-73.339,44.545402],[-73.338878,44.545593],[-73.338729,44.545891],[-73.33861,44.546141],[-73.338666,44.546286],[-73.338634,44.546805],[-73.338637,44.546853],[-73.338661,44.547689],[-73.338692,44.547811],[-73.338753,44.547941],[-73.338753,44.548055],[-73.338997,44.548299],[-73.339211,44.548467],[-73.339394,44.548635],[-73.339577,44.548765],[-73.339791,44.548925],[-73.341103,44.550024],[-73.341255,44.550207],[-73.3415,44.550413],[-73.341713,44.55071],[-73.342049,44.551122],[-73.342385,44.551458],[-73.34272,44.551733],[-73.342934,44.551916],[-73.343239,44.552045],[-73.343422,44.552175],[-73.343697,44.55232],[-73.344002,44.552518],[-73.344521,44.552686],[-73.344948,44.552839],[-73.347069,44.553892],[-73.34951,44.555112],[-73.349602,44.555219],[-73.349877,44.555288],[-73.350029,44.555402],[-73.350518,44.555624],[-73.350823,44.555799],[-73.351372,44.55602],[-73.351616,44.556066],[-73.35186,44.556142],[-73.352135,44.556173],[-73.35229,44.556202],[-73.352408,44.556224],[-73.352508,44.556243],[-73.352624,44.556265],[-73.35266,44.556273],[-73.352779,44.556303],[-73.352899,44.556333],[-73.353047,44.556351],[-73.353354,44.556387],[-73.35354,44.556409],[-73.353819,44.556517],[-73.353875,44.556539],[-73.354181,44.556592],[-73.354425,44.556692],[-73.355188,44.556928],[-73.355462,44.557081],[-73.355768,44.557203],[-73.355996,44.557363],[-73.35621,44.557485],[-73.356485,44.557714],[-73.35679,44.557928],[-73.357004,44.558202],[-73.357095,44.558378],[-73.357168,44.558478],[-73.357278,44.55863],[-73.35741,44.55888],[-73.357431,44.558919],[-73.358051,44.559769],[-73.358378,44.560216],[-73.360089,44.562556],[-73.360916,44.563241],[-73.361456,44.563572],[-73.361541,44.563624],[-73.361849,44.563764],[-73.362695,44.564146],[-73.362857,44.564273],[-73.363983,44.565152],[-73.364655,44.565656],[-73.365361,44.566055],[-73.367344,44.567614],[-73.368229,44.568844],[-73.369069,44.57021],[-73.369361,44.570808],[-73.370302,44.572022],[-73.371254,44.572849],[-73.374279,44.575347],[-73.374396,44.575453],[-73.374581,44.575619],[-73.374952,44.575826],[-73.37512,44.576582],[-73.37531,44.577555],[-73.375307,44.577642],[-73.375232,44.580213],[-73.375669,44.582047],[-73.37652,44.583554],[-73.377797,44.585137],[-73.38062,44.587967],[-73.38165,44.589104],[-73.381705,44.589165],[-73.381851,44.589325],[-73.381897,44.590024],[-73.381642,44.590592],[-73.381002,44.591343],[-73.379971,44.592141],[-73.379593,44.592433],[-73.377899,44.593858],[-73.376808,44.595465],[-73.376334,44.597228],[-73.376756,44.599134],[-73.376851,44.599608],[-73.37771,44.600867],[-73.379578,44.603072],[-73.380727,44.605249],[-73.381621,44.60723],[-73.382085,44.610172],[-73.382395,44.611355],[-73.382934,44.612193],[-73.383844,44.613042],[-73.387143,44.615041],[-73.389822,44.61722],[-73.390233,44.618363],[-73.389968,44.61963],[-73.388761,44.621516],[-73.387867,44.622723],[-73.387348,44.623682],[-73.386982,44.625054],[-73.386499,44.626934],[-73.386323,44.628465],[-73.386183,44.629247],[-73.385912,44.630264],[-73.385901,44.631053],[-73.385992,44.631702],[-73.386114,44.632307],[-73.386302,44.632951],[-73.386338,44.633076],[-73.386418,44.633349],[-73.386528,44.633726],[-73.387102,44.635141],[-73.387171,44.635552],[-73.386785,44.636379],[-73.385813,44.637211],[-73.383439,44.638413],[-73.382666,44.638801],[-73.380978,44.639648],[-73.379749,44.64037],[-73.378909,44.640967],[-73.378562,44.641485],[-73.378883,44.641881],[-73.382761,44.645412],[-73.383158,44.645774],[-73.383566,44.646151],[-73.383953,44.646371],[-73.384485,44.646692],[-73.383976,44.647614],[-73.382571,44.648289],[-73.381971,44.648594],[-73.38115,44.649011],[-73.380091,44.650038],[-73.37909,44.651203],[-73.378319,44.652174],[-73.377974,44.652927],[-73.378015,44.653855],[-73.378969,44.655189],[-73.379077,44.655663],[-73.379169,44.656069],[-73.379075,44.656781],[-73.378333,44.657377],[-73.377211,44.658151],[-73.376214,44.659298],[-73.375942,44.660253],[-73.375334,44.661039],[-73.374579,44.661899],[-73.374135,44.662349],[-73.373718,44.662528],[-73.373083,44.662716],[-73.373064,44.662722],[-73.372455,44.662708],[-73.371675,44.662637],[-73.370929,44.662502],[-73.370591,44.662527],[-73.370366,44.66264],[-73.370073,44.662762],[-73.369837,44.663012],[-73.36967,44.663487],[-73.369804,44.665565],[-73.370066,44.66608],[-73.370531,44.66657],[-73.371121,44.667077],[-73.372038,44.667695],[-73.372549,44.668193],[-73.372721,44.668748],[-73.372688,44.668998],[-73.372386,44.669635],[-73.371838,44.670691],[-73.371302,44.671869],[-73.371012,44.672772],[-73.371107,44.673698],[-73.371392,44.674317],[-73.371653,44.675011],[-73.371713,44.67517],[-73.371726,44.675235],[-73.371874,44.675943],[-73.371872,44.676022],[-73.371845,44.676966],[-73.371632,44.677249],[-73.371091,44.67754],[-73.370557,44.677688],[-73.370415,44.677727],[-73.369512,44.677866],[-73.367548,44.67816],[-73.367211,44.678523],[-73.367157,44.678991],[-73.36722,44.680416],[-73.367416,44.681302],[-73.367689,44.68176],[-73.367985,44.682178],[-73.368235,44.682484],[-73.369003,44.683111],[-73.369199,44.683271],[-73.369687,44.683769],[-73.3698,44.683952],[-73.369926,44.684155],[-73.370074,44.684445],[-73.370144,44.684864],[-73.369964,44.685041],[-73.369378,44.685381],[-73.368237,44.685931],[-73.366944,44.686555],[-73.365738,44.687178],[-73.365299,44.687557],[-73.364728,44.688444],[-73.364539,44.689258],[-73.364462,44.689661],[-73.364373,44.689887],[-73.364125,44.690145],[-73.363137,44.691404],[-73.362318,44.692501],[-73.362192,44.692725],[-73.361623,44.693735],[-73.361478,44.694106],[-73.36131,44.694533],[-73.361233,44.695025],[-73.361325,44.695379],[-73.361451,44.69554],[-73.361746,44.695829],[-73.362266,44.696013],[-73.363148,44.69614],[-73.363894,44.696211],[-73.364663,44.696403],[-73.365251,44.696579],[-73.365841,44.697052],[-73.365979,44.697568],[-73.365791,44.698543],[-73.365754,44.69883],[-73.365562,44.700306],[-73.365411,44.701692],[-73.365328,44.703303],[-73.365499,44.704462],[-73.365514,44.704567],[-73.365679,44.706041],[-73.365758,44.706829],[-73.365786,44.707104],[-73.365734,44.708038],[-73.365601,44.708691],[-73.365368,44.709626],[-73.365249,44.710657],[-73.365292,44.712623],[-73.365388,44.713847],[-73.365387,44.715949],[-73.365394,44.717471],[-73.365549,44.719211],[-73.365465,44.720556],[-73.365346,44.721805],[-73.365207,44.723424],[-73.365071,44.725656],[-73.365086,44.733839],[-73.36523,44.735554],[-73.365534,44.737761],[-73.365725,44.739855],[-73.365753,44.741071],[-73.365564,44.741795],[-73.365229,44.742682],[-73.364804,44.743577],[-73.364254,44.744553],[-73.363794,44.745263],[-73.363378,44.745755],[-73.362523,44.746667],[-73.361499,44.747781],[-73.360868,44.748314],[-73.359899,44.749081],[-73.359223,44.749574],[-73.358686,44.750051],[-73.358326,44.750348],[-73.357673,44.751027],[-73.357327,44.751563],[-73.356763,44.752331],[-73.355859,44.753241],[-73.355134,44.754249],[-73.354363,44.755305],[-73.353863,44.756323],[-73.353655,44.756684],[-73.353281,44.757566],[-73.352791,44.758688],[-73.352384,44.75953],[-73.352156,44.760429],[-73.35197,44.761009],[-73.351211,44.763367],[-73.351195,44.763656],[-73.350734,44.76432],[-73.350633,44.764457],[-73.350021,44.765288],[-73.349474,44.766442],[-73.349203,44.767164],[-73.348714,44.768239],[-73.348359,44.769354],[-73.347954,44.770391],[-73.347949,44.770405],[-73.347577,44.771866],[-73.347087,44.772989],[-73.346189,44.774189],[-73.345247,44.775348],[-73.344263,44.776289],[-73.343077,44.777165],[-73.341882,44.777864],[-73.340962,44.778267],[-73.33996,44.778902],[-73.339161,44.779515],[-73.338216,44.780135],[-73.337234,44.7809],[-73.336379,44.781489],[-73.335715,44.782095],[-73.335231,44.782791],[-73.334761,44.783294],[-73.333773,44.785201],[-73.333592,44.785988],[-73.33346,44.786518],[-73.33336,44.787177],[-73.333336,44.787997],[-73.333156,44.788768],[-73.333154,44.789597],[-73.333752,44.797889],[-73.333782,44.798038],[-73.333825,44.798251],[-73.333827,44.798266],[-73.333891,44.798829],[-73.333935,44.79921],[-73.334127,44.799951],[-73.334143,44.800106],[-73.334163,44.80029],[-73.334206,44.8007],[-73.33428,44.801218],[-73.334301,44.801365],[-73.334308,44.801417],[-73.334412,44.802071],[-73.334432,44.802198],[-73.33455,44.802553],[-73.334703,44.802949],[-73.33484,44.803459],[-73.334863,44.803546],[-73.335046,44.804118],[-73.335445,44.804612],[-73.336159,44.805149],[-73.336411,44.805284],[-73.336595,44.805383],[-73.336876,44.805533],[-73.337217,44.805747],[-73.337311,44.805806],[-73.337446,44.805891],[-73.338263,44.806373],[-73.338921,44.806861],[-73.340305,44.807901],[-73.340512,44.80806],[-73.340908,44.808365],[-73.341431,44.808836],[-73.341795,44.809394],[-73.342605,44.81039],[-73.343102,44.811069],[-73.343501,44.811555],[-73.344179,44.812269],[-73.345082,44.813024],[-73.345698,44.813351],[-73.346335,44.813782],[-73.346997,44.814092],[-73.347545,44.814443],[-73.348048,44.814784],[-73.348539,44.81511],[-73.349008,44.81546],[-73.349756,44.816069],[-73.350202,44.816403],[-73.350591,44.81684],[-73.351115,44.817303],[-73.351669,44.817959],[-73.352157,44.818606],[-73.352788,44.819416],[-73.353096,44.819957],[-73.353474,44.820395],[-73.353932,44.820728],[-73.354434,44.821118],[-73.354518,44.821182],[-73.354947,44.821509],[-73.355621,44.82186],[-73.356158,44.822194],[-73.357434,44.822936],[-73.358083,44.823319],[-73.359059,44.823713],[-73.359857,44.823977],[-73.36082,44.824531],[-73.360958,44.824584],[-73.361628,44.824843],[-73.3622,44.825121],[-73.362953,44.825385],[-73.363537,44.825558],[-73.364928,44.826196],[-73.365681,44.82646],[-73.366465,44.826892],[-73.367147,44.827324],[-73.368148,44.827937],[-73.368277,44.828016],[-73.368958,44.828601],[-73.36965,44.829145],[-73.370397,44.829819],[-73.371332,44.830751],[-73.371861,44.831632],[-73.37228,44.832295],[-73.372688,44.833006],[-73.373166,44.833565],[-73.373553,44.834099],[-73.373741,44.834406],[-73.374017,44.834811],[-73.374328,44.835199],[-73.37458,44.835561],[-73.375348,44.836316],[-73.376072,44.836637],[-73.377395,44.836829],[-73.378719,44.837367],[-73.379454,44.838019],[-73.379818,44.839653],[-73.37992,44.840587],[-73.379414,44.84256],[-73.379421,44.842744],[-73.379449,44.84347],[-73.379686,44.843913],[-73.38049,44.844242],[-73.381338,44.844692],[-73.381361,44.845031],[-73.380503,44.846578],[-73.380323,44.847182],[-73.38047,44.8476],[-73.381399,44.848815],[-73.381592,44.849363],[-73.381298,44.84987],[-73.379988,44.850846],[-73.379547,44.85166],[-73.379367,44.852562],[-73.379879,44.855549],[-73.379914,44.856612],[-73.379824,44.857047],[-73.379474,44.857345],[-73.37849,44.857563],[-73.377948,44.857765],[-73.377484,44.85816],[-73.377089,44.858853],[-73.376333,44.860247],[-73.375711,44.860755],[-73.37458,44.861136],[-73.374477,44.861174],[-73.374224,44.861266],[-73.373632,44.861535],[-73.372722,44.861995],[-73.37197,44.862424],[-73.371612,44.862936],[-73.371094,44.863608],[-73.370587,44.864304],[-73.370182,44.864936],[-73.369721,44.865568],[-73.369441,44.866178],[-73.369106,44.86669],[-73.367567,44.871555],[-73.366462,44.87505],[-73.365867,44.877702],[-73.364482,44.883243],[-73.363107,44.888271],[-73.362232,44.891472],[-73.36033,44.897245],[-73.358083,44.901334],[-73.35622,44.904501],[-73.353659,44.907355],[-73.350654,44.909643],[-73.347839,44.911318],[-73.344518,44.912734],[-73.342746,44.913725],[-73.341108,44.914641],[-73.339441,44.916543],[-73.33929,44.916919],[-73.338981,44.91769],[-73.338624,44.919375],[-73.338494,44.923808],[-73.338485,44.924121],[-73.339194,44.933085],[-73.339231,44.934012],[-73.339605,44.94338],[-73.339303,44.947577],[-73.339084,44.95062],[-73.339073,44.950774],[-73.339032,44.951347],[-73.337909,44.960551],[-73.3381,44.962939],[-73.338246,44.96476],[-73.338737,44.965896],[-73.339711,44.966801],[-73.342944,44.969222],[-73.344742,44.970477],[-73.347581,44.973047],[-73.349881,44.975823],[-73.35022,44.976231],[-73.352452,44.97993],[-73.352888,44.980653],[-73.353719,44.982969],[-73.354114,44.984071],[-73.354635,44.987361],[-73.354103,44.988879],[-73.353431,44.990174],[-73.353355,44.990268],[-73.352021,44.991764],[-73.350864,44.993058],[-73.35019,44.994313],[-73.349734,44.995508],[-73.349193,44.99711],[-73.34864,44.998116],[-73.34846,44.998417],[-73.348363,44.998586],[-73.348342,44.998623],[-73.348325,44.998652],[-73.348176,44.998904],[-73.348048,44.999125],[-73.347928,44.999312],[-73.347694,45.000003],[-73.347089,45.001611],[-73.345049,45.006344],[-73.34318,45.010722],[-73.353033,45.010568],[-73.35315,45.010568],[-73.358063,45.010505],[-73.364656,45.010421],[-73.369371,45.01036],[-73.370864,45.010342],[-73.370987,45.010341],[-73.371249,45.010338],[-73.372796,45.010318],[-73.376398,45.010273],[-73.38868,45.010119],[-73.39113,45.010088],[-73.400167,45.009925],[-73.408195,45.009777],[-73.41434,45.009664],[-73.417929,45.0096],[-73.427894,45.009416],[-73.438152,45.009183],[-73.441843,45.0091],[-73.451139,45.008887],[-73.451739,45.008874],[-73.451973,45.008869],[-73.452666,45.008853],[-73.453687,45.008829],[-73.460363,45.008677],[-73.471845,45.008412],[-73.481853,45.008139],[-73.484005,45.008079],[-73.492064,45.007856],[-73.499113,45.007636],[-73.505965,45.007421],[-73.517118,45.007073],[-73.519312,45.007004],[-73.532117,45.006602],[-73.542306,45.006283],[-73.552445,45.005962],[-73.560283,45.005712],[-73.563901,45.005597],[-73.572866,45.005314],[-73.580122,45.00511],[-73.587477,45.004903],[-73.595815,45.00467],[-73.603032,45.004468],[-73.607861,45.00433],[-73.6189,45.003989],[-73.631507,45.003597],[-73.639677,45.00334],[-73.65025,45.00301],[-73.652035,45.002998],[-73.66013,45.002936],[-73.667188,45.002881],[-73.675334,45.002891],[-73.681522,45.002952],[-73.692264,45.003057],[-73.698872,45.003118],[-73.70548,45.003179],[-73.714467,45.003175],[-73.726822,45.003171],[-73.756367,45.003149],[-73.763455,45.003102],[-73.767493,45.003074],[-73.774611,45.003025],[-73.78363,45.002961],[-73.785795,45.002931],[-73.792241,45.002842],[-73.802268,45.002702],[-73.803556,45.002684],[-73.811608,45.00257],[-73.813679,45.00254],[-73.815346,45.002518],[-73.819747,45.002456],[-73.823495,45.002403],[-73.832456,45.002274],[-73.841417,45.002145],[-73.850034,45.001906],[-73.861829,45.001581],[-73.872574,45.00128],[-73.882768,45.000996],[-73.892984,45.000632],[-73.899463,45.0004],[-73.902739,45.000283],[-73.912919,44.999918],[-73.921494,44.999609],[-73.932066,44.99923],[-73.939212,44.998973],[-73.941505,44.998889],[-73.952132,44.99847],[-73.958407,44.998222],[-73.962971,44.998042],[-73.971937,44.997707],[-73.977237,44.99751],[-73.984817,44.997226],[-73.992397,44.996942],[-74.004827,44.996502],[-74.007504,44.996406],[-74.015193,44.996134],[-74.022881,44.995862],[-74.027391,44.995702],[-74.029782,44.995617],[-74.036683,44.995371],[-74.045722,44.995048],[-74.047204,44.994996],[-74.048387,44.994956],[-74.053585,44.99478],[-74.060046,44.994561],[-74.066456,44.994343],[-74.072865,44.994125],[-74.079283,44.993905],[-74.084641,44.993721],[-74.0857,44.993685],[-74.085832,44.99368],[-74.095465,44.993309],[-74.096481,44.993269],[-74.110321,44.992736],[-74.122576,44.99226],[-74.124161,44.992209],[-74.134683,44.991869],[-74.144691,44.991549],[-74.146928,44.991475],[-74.149699,44.991383],[-74.150137,44.991369],[-74.158831,44.991522],[-74.159926,44.991541],[-74.166238,44.991664],[-74.174727,44.99175],[-74.180984,44.991823],[-74.193032,44.991924],[-74.202288,44.992002],[-74.205016,44.992025],[-74.212268,44.992054],[-74.228469,44.992117],[-74.24308,44.99217],[-74.24855,44.992192],[-74.254781,44.992184],[-74.257173,44.992181],[-74.263108,44.992173],[-74.270028,44.992162],[-74.277168,44.99215],[-74.285026,44.992132],[-74.292885,44.992115],[-74.299017,44.992104],[-74.305468,44.992092],[-74.306595,44.992088],[-74.308022,44.992083],[-74.308203,44.992085],[-74.308286,44.992086],[-74.311511,44.992078],[-74.319181,44.992007],[-74.326851,44.991936],[-74.336549,44.992026],[-74.342165,44.992315],[-74.342827,44.992349],[-74.344062,44.992412],[-74.351576,44.992798],[-74.360118,44.993174],[-74.360893,44.993208],[-74.370121,44.993614],[-74.372072,44.993694],[-74.380478,44.994039],[-74.384055,44.994186],[-74.390662,44.994456],[-74.400154,44.994842],[-74.411475,44.995303],[-74.414199,44.995417],[-74.419139,44.995626],[-74.422952,44.995787],[-74.424771,44.995864],[-74.431262,44.996137],[-74.439573,44.996485],[-74.441858,44.996561],[-74.445413,44.996678],[-74.44946,44.996812],[-74.453949,44.996956],[-74.456445,44.997041],[-74.457531,44.997064],[-74.465376,44.997233],[-74.472413,44.997364],[-74.479449,44.997494],[-74.485806,44.997613],[-74.493484,44.997752],[-74.501205,44.997895],[-74.507845,44.998014],[-74.508507,44.998026],[-74.509162,44.998039],[-74.515257,44.998147],[-74.529859,44.998408],[-74.541154,44.998604],[-74.54557,44.998667],[-74.558733,44.998854],[-74.571636,44.999036],[-74.575655,44.999092],[-74.58428,44.99916],[-74.602389,44.999302],[-74.604579,44.999319],[-74.605501,44.999325],[-74.614374,44.999376],[-74.615931,44.999384],[-74.625234,44.999434],[-74.628908,44.999454],[-74.637133,44.999452],[-74.637794,44.999454],[-74.642498,44.999454],[-74.646699,44.999454],[-74.650069,44.999454],[-74.65979,44.999454],[-74.661204,44.999453],[-74.663061,44.998932],[-74.664103,44.999959],[-74.670529,45.006295],[-74.673275,45.000851],[-74.678404,45.000057],[-74.683968,44.999699],[-74.686934,45.000107],[-74.689988,45.000778],[-74.694543,45.001799],[-74.702021,45.003331],[-74.710147,45.001203],[-74.713669,45.000289],[-74.714506,45.000062],[-74.714522,45.000058],[-74.722575,44.998073],[-74.72623,44.994872]]],[[[-74.040748,40.700175],[-74.040741,40.700139],[-74.04072,40.700104],[-74.040703,40.700079],[-74.040692,40.700058],[-74.040688,40.700018],[-74.040685,40.699991],[-74.040675,40.69997],[-74.040675,40.699943],[-74.040664,40.699915],[-74.040645,40.699891],[-74.040625,40.699868],[-74.040616,40.699836],[-74.040618,40.699811],[-74.040613,40.699774],[-74.040601,40.699747],[-74.040579,40.699718],[-74.040554,40.699688],[-74.040532,40.699665],[-74.040513,40.699635],[-74.040485,40.699603],[-74.040471,40.699566],[-74.040467,40.699536],[-74.040468,40.699501],[-74.040456,40.699475],[-74.040439,40.699446],[-74.040427,40.699421],[-74.040403,40.699401],[-74.040352,40.699383],[-74.040317,40.699373],[-74.040279,40.699359],[-74.040244,40.699341],[-74.040212,40.699323],[-74.040191,40.699286],[-74.040191,40.699253],[-74.040187,40.699223],[-74.040159,40.699205],[-74.040071,40.69918],[-74.039981,40.699132],[-74.039949,40.699106],[-74.0399,40.699076],[-74.039864,40.699053],[-74.039847,40.69904],[-74.039818,40.699017],[-74.039797,40.698985],[-74.039799,40.698945],[-74.039825,40.698919],[-74.039869,40.698901],[-74.039911,40.698891],[-74.039952,40.69889],[-74.039987,40.698895],[-74.040029,40.698906],[-74.040045,40.698911],[-74.04006,40.698915],[-74.040097,40.698942],[-74.040146,40.698905],[-74.040216,40.698862],[-74.040235,40.698841],[-74.040079,40.698723],[-74.039932,40.698598],[-74.039671,40.698783],[-74.039652,40.698803],[-74.039633,40.698798],[-74.039586,40.698798],[-74.039539,40.698795],[-74.039509,40.698788],[-74.039489,40.698785],[-74.03947,40.69876],[-74.039439,40.698747],[-74.039412,40.698745],[-74.039377,40.698739],[-74.039366,40.698717],[-74.039342,40.698692],[-74.039318,40.698673],[-74.039286,40.69864],[-74.039246,40.698622],[-74.039206,40.698612],[-74.039169,40.698603],[-74.039116,40.6986],[-74.039062,40.698605],[-74.039007,40.698602],[-74.038961,40.698603],[-74.038926,40.698615],[-74.03888,40.698619],[-74.038828,40.698632],[-74.038781,40.698644],[-74.038745,40.698645],[-74.038713,40.698662],[-74.038682,40.698668],[-74.038654,40.698671],[-74.038635,40.698675],[-74.038622,40.698679],[-74.038604,40.698685],[-74.038624,40.698706],[-74.038607,40.698726],[-74.03857,40.698738],[-74.038528,40.69872],[-74.038506,40.69871],[-74.038454,40.698689],[-74.038421,40.698673],[-74.038393,40.698674],[-74.038373,40.698677],[-74.038369,40.698695],[-74.038381,40.698722],[-74.038397,40.698737],[-74.038436,40.6988],[-74.038456,40.698833],[-74.038468,40.698878],[-74.038464,40.698932],[-74.03846,40.698989],[-74.038468,40.699025],[-74.038499,40.699082],[-74.038495,40.699123],[-74.038511,40.699155],[-74.038534,40.69918],[-74.038562,40.699201],[-74.038599,40.699218],[-74.038633,40.699247],[-74.038665,40.699271],[-74.038698,40.699287],[-74.038724,40.69931],[-74.038743,40.699343],[-74.03876,40.699376],[-74.038773,40.699406],[-74.038784,40.699414],[-74.038797,40.699447],[-74.038803,40.699495],[-74.038816,40.69954],[-74.038839,40.69957],[-74.038881,40.69961],[-74.038894,40.699633],[-74.038937,40.699663],[-74.038991,40.69967],[-74.039025,40.69967],[-74.039076,40.699676],[-74.039122,40.699679],[-74.039164,40.699685],[-74.039256,40.699695],[-74.039288,40.699716],[-74.039331,40.699735],[-74.039382,40.699758],[-74.039429,40.699771],[-74.039478,40.69979],[-74.039512,40.699824],[-74.039548,40.699851],[-74.039587,40.699861],[-74.039623,40.699864],[-74.039666,40.699881],[-74.03969,40.699907],[-74.039714,40.699936],[-74.039746,40.699958],[-74.039784,40.69996],[-74.039826,40.699963],[-74.03986,40.699974],[-74.039901,40.699989],[-74.039935,40.700002],[-74.039967,40.700026],[-74.039995,40.700049],[-74.040023,40.700069],[-74.040049,40.700082],[-74.040083,40.7001],[-74.040122,40.700109],[-74.040154,40.700111],[-74.040188,40.700122],[-74.04025,40.700125],[-74.040284,40.700119],[-74.04033,40.700109],[-74.040377,40.70012],[-74.040416,40.700134],[-74.040461,40.700157],[-74.040497,40.70017],[-74.040529,40.700184],[-74.04057,40.700196],[-74.040613,40.700209],[-74.040649,40.700222],[-74.040698,40.700223],[-74.040731,40.700201],[-74.040748,40.700175]]],[[[-74.047208,40.690901],[-74.047208,40.690851],[-74.047197,40.690803],[-74.047191,40.690794],[-74.047147,40.690723],[-74.047049,40.690635],[-74.047028,40.690597],[-74.047032,40.690568],[-74.047042,40.690491],[-74.047151,40.690435],[-74.047184,40.690419],[-74.046923,40.690104],[-74.046912,40.69009],[-74.046486,40.689597],[-74.046249,40.689327],[-74.045371,40.688886],[-74.045075,40.688743],[-74.044793,40.688598],[-74.044718,40.688584],[-74.044446,40.688534],[-74.04435,40.688516],[-74.044133,40.688546],[-74.043959,40.688575],[-74.043943,40.688577],[-74.04362,40.688768],[-74.0435,40.68918],[-74.043456,40.689638],[-74.043864,40.690174],[-74.043886,40.690193],[-74.044571,40.690567],[-74.045035,40.690739],[-74.045428,40.690903],[-74.045971,40.691111],[-74.045983,40.691117],[-74.046114,40.691133],[-74.046144,40.691131],[-74.046165,40.691106],[-74.046178,40.6911],[-74.04631,40.691098],[-74.046488,40.691086],[-74.046537,40.691084],[-74.046966,40.691059],[-74.047042,40.691049],[-74.0471,40.691026],[-74.04715,40.690993],[-74.047188,40.690945],[-74.047193,40.690934],[-74.047208,40.690901]]]]},"properties":{"state_name":"New York","state_fipscode":"36","gnis_id":"1779796","areasqkm":141305.77398021999}}]}